location,total_sqft,bath,price,bhk,price_per_sqft
 Devarabeesana Halli,1672.0,3.0,150.0,3,8971.29
 Devarabeesana Halli,1750.0,3.0,149.0,3,8514.29
 Devarabeesana Halli,1750.0,3.0,150.0,3,8571.43
 Devarachikkanahalli,1250.0,2.0,44.0,3,3520.0
 Devarachikkanahalli,1250.0,2.0,40.0,2,3200.0
 Devarachikkanahalli,1200.0,2.0,83.0,2,6916.67
 Devarachikkanahalli,1170.0,2.0,40.0,2,3418.8
 Devarachikkanahalli,1425.0,2.0,65.0,3,4561.4
 Devarachikkanahalli,947.0,2.0,43.0,2,4540.65
 Devarachikkanahalli,1130.0,2.0,36.0,2,3185.84
 Devarachikkanahalli,1417.0,2.0,76.0,3,5363.44
 Devarachikkanahalli,1230.0,2.0,58.0,2,4715.45
 Devarachikkanahalli,1705.0,3.0,75.0,3,4398.83
 Devarachikkanahalli,1116.0,2.0,47.0,2,4211.47
 Devarachikkanahalli,991.0,2.0,40.0,2,4036.33
 Devarachikkanahalli,1700.0,3.0,71.0,3,4176.47
 Electronic City,550.0,1.0,27.0,1,4909.09
 Mysore Highway,1450.0,2.0,70.0,3,4827.59
 Mysore Highway,700.0,1.0,25.5,1,3642.86
 Thanisandra,510.0,1.0,25.25,1,4950.98
 Thanisandra,510.0,1.0,25.25,1,4950.98
 south,2400.0,2.0,480.0,3,20000.0
1st Block BEL Layout,1800.0,5.0,250.0,4,13888.89
1st Block HBR Layout,600.0,1.0,45.0,1,7500.0
1st Block HBR Layout,3150.0,4.0,150.0,4,4761.9
1st Block HRBR Layout,1250.0,2.0,67.0,2,5360.0
1st Block Jayanagar,2850.0,4.0,428.0,4,15017.54
1st Block Jayanagar,1630.0,3.0,194.0,3,11901.84
1st Block Jayanagar,1875.0,2.0,235.0,3,12533.33
1st Block Jayanagar,1200.0,2.0,130.0,3,10833.33
1st Block Jayanagar,1235.0,2.0,148.0,2,11983.81
1st Block Jayanagar,2750.0,4.0,413.0,4,15018.18
1st Block Jayanagar,2450.0,4.0,368.0,4,15020.41
1st Block Koramangala,1415.0,2.0,110.0,2,7773.85
1st Block Koramangala,860.0,2.0,65.5,2,7616.28
1st Block Koramangala,3000.0,3.0,300.0,4,10000.0
1st Block Koramangala,2350.0,3.0,210.0,3,8936.17
1st Block Koramangala,3000.0,5.0,500.0,4,16666.67
1st Phase JP Nagar,2825.0,4.0,250.0,4,8849.56
1st Phase JP Nagar,1875.0,3.0,167.0,3,8906.67
1st Phase JP Nagar,2065.0,4.0,210.0,3,10169.49
1st Phase JP Nagar,2059.0,3.0,225.0,3,10927.63
1st Phase JP Nagar,1394.0,2.0,100.0,2,7173.6
1st Phase JP Nagar,1077.0,2.0,93.0,2,8635.1
1st Phase JP Nagar,1566.0,2.0,180.0,2,11494.25
1st Phase JP Nagar,840.0,2.0,50.0,1,5952.38
1st Phase JP Nagar,1590.0,3.0,131.0,3,8238.99
1st Phase JP Nagar,2180.0,3.0,210.0,3,9633.03
1st Phase JP Nagar,1180.0,2.0,88.5,2,7500.0
1st Phase JP Nagar,1394.0,2.0,85.0,2,6097.56
1st Phase JP Nagar,2077.0,3.0,175.0,3,8425.61
1st Phase JP Nagar,4550.0,2.0,240.0,4,5274.73
1st Phase JP Nagar,1205.0,2.0,85.0,2,7053.94
1st Phase JP Nagar,2615.0,5.0,222.0,4,8489.48
1st Phase JP Nagar,900.0,2.0,75.0,2,8333.33
1st Stage Indira Nagar,1400.0,2.0,67.0,2,4785.71
1st Stage Indira Nagar,1200.0,2.0,55.0,2,4583.33
1st Stage Indira Nagar,940.0,2.0,56.0,2,5957.45
1st Stage Indira Nagar,3000.0,4.0,301.0,4,10033.33
2nd Block Hrbr Layout,1480.0,3.0,90.0,3,6081.08
2nd Block Hrbr Layout,1480.0,3.0,90.0,3,6081.08
2nd Block Hrbr Layout,1550.0,3.0,110.0,3,7096.77
2nd Block Jayanagar,1718.0,3.0,223.0,3,12980.21
2nd Block Jayanagar,1000.0,2.0,97.0,2,9700.0
2nd Phase JP Nagar,2800.0,4.0,200.0,5,7142.86
2nd Phase JP Nagar,1000.0,1.0,55.0,2,5500.0
2nd Phase JP Nagar,1040.0,2.0,78.0,2,7500.0
2nd Phase JP Nagar,850.0,2.0,42.5,2,5000.0
2nd Phase Judicial Layout,1450.0,2.0,50.75,3,3500.0
2nd Phase Judicial Layout,1150.0,2.0,40.25,2,3500.0
2nd Phase Judicial Layout,1350.0,2.0,47.25,3,3500.0
2nd Phase Judicial Layout,1350.0,2.0,47.25,3,3500.0
2nd Phase Judicial Layout,900.0,2.0,41.0,2,4555.56
2nd Phase Judicial Layout,1681.0,3.0,69.0,3,4104.7
2nd Phase Judicial Layout,1350.0,2.0,47.25,3,3500.0
2nd Phase Judicial Layout,1150.0,2.0,40.25,2,3500.0
2nd Stage Arekere Mico Layout,1200.0,4.0,130.0,4,10833.33
2nd Stage Nagarbhavi,1500.0,4.0,220.0,4,14666.67
2nd Stage Nagarbhavi,3000.0,8.0,451.0,6,15033.33
2nd Stage Nagarbhavi,2400.0,8.0,450.0,6,18750.0
2nd Stage Nagarbhavi,1350.0,4.0,200.0,4,14814.81
2nd Stage Nagarbhavi,1200.0,4.0,225.0,4,18750.0
2nd Stage Nagarbhavi,1500.0,3.0,230.0,4,15333.33
3rd Block Banashankari,2400.0,8.0,650.0,6,27083.33
3rd Block Banashankari,1200.0,4.0,175.0,4,14583.33
3rd Block Banashankari,2400.0,4.0,325.0,5,13541.67
3rd Block Hrbr Layout,1056.0,2.0,80.0,2,7575.76
3rd Block Hrbr Layout,1320.0,2.0,90.0,2,6818.18
3rd Block Hrbr Layout,1300.0,2.0,95.0,2,7307.69
3rd Block Hrbr Layout,1650.0,3.0,140.0,3,8484.85
3rd Block Jayanagar,2150.0,3.0,240.0,3,11162.79
3rd Block Koramangala,2100.0,3.0,270.0,3,12857.14
3rd Phase JP Nagar,4500.0,4.0,345.0,4,7666.67
4th Block Jayanagar,900.0,2.0,70.0,2,7777.78
4th Block Jayanagar,2005.0,3.0,240.0,3,11970.07
4th Block Jayanagar,1567.2,2.0,190.0,3,12123.53
4th Block Koramangala,1225.0,2.0,150.0,2,12244.9
4th Block Koramangala,1800.0,3.0,140.0,3,7777.78
4th Block Koramangala,2400.0,5.0,180.0,4,7500.0
4th Block Koramangala,1269.0,2.0,97.0,2,7643.81
4th Phase JP Nagar,1070.0,2.0,38.9,2,3635.51
4th Phase JP Nagar,1080.0,2.0,38.0,2,3518.52
4th Phase JP Nagar,600.0,4.0,70.0,2,11666.67
4th T block Jayanagar,2401.0,3.0,185.0,3,7705.12
4th T block Jayanagar,1550.0,4.0,120.0,4,7741.94
4th T block Jayanagar,2100.0,3.0,220.0,3,10476.19
4th T block Jayanagar,2400.0,3.0,185.0,3,7708.33
5th Block Hbr Layout,1206.0,2.0,56.0,2,4643.45
5th Block Hbr Layout,1270.0,2.0,70.0,3,5511.81
5th Block Hbr Layout,1312.0,2.0,69.0,2,5259.15
5th Block Hbr Layout,1100.0,2.0,48.0,2,4363.64
5th Block Hbr Layout,3600.0,5.0,130.0,5,3611.11
5th Block Hbr Layout,5100.0,5.0,300.0,6,5882.35
5th Block Jayanagar,10624.0,4.0,2340.0,4,22025.6
5th Phase JP Nagar,1075.0,2.0,60.0,2,5581.4
5th Phase JP Nagar,1150.0,3.0,52.5,2,4565.22
5th Phase JP Nagar,1256.0,2.0,62.8,2,5000.0
5th Phase JP Nagar,1207.0,2.0,63.0,2,5219.55
5th Phase JP Nagar,1725.0,2.0,100.0,3,5797.1
5th Phase JP Nagar,1440.0,2.0,60.0,2,4166.67
5th Phase JP Nagar,1700.0,2.0,100.0,3,5882.35
5th Phase JP Nagar,1485.0,2.0,67.0,3,4511.78
5th Phase JP Nagar,600.0,1.0,30.0,1,5000.0
5th Phase JP Nagar,1390.0,2.0,65.0,2,4676.26
5th Phase JP Nagar,1256.0,2.0,62.8,2,5000.0
5th Phase JP Nagar,1000.0,2.0,48.0,2,4800.0
5th Phase JP Nagar,1350.0,2.0,75.0,3,5555.56
5th Phase JP Nagar,552.0,1.0,23.5,1,4257.25
5th Phase JP Nagar,1200.0,2.0,51.0,2,4250.0
5th Phase JP Nagar,1240.0,3.0,60.0,3,4838.71
5th Phase JP Nagar,1550.0,3.0,75.0,3,4838.71
5th Phase JP Nagar,1485.0,2.0,66.0,3,4444.44
5th Phase JP Nagar,1030.0,2.0,57.0,2,5533.98
5th Phase JP Nagar,1200.0,2.0,68.0,2,5666.67
5th Phase JP Nagar,1190.0,2.0,61.8,2,5193.28
5th Phase JP Nagar,4000.0,5.0,170.0,5,4250.0
5th Phase JP Nagar,1080.0,2.0,53.0,2,4907.41
5th Phase JP Nagar,1041.0,2.0,54.0,2,5187.32
5th Phase JP Nagar,812.0,2.0,42.0,2,5172.41
5th Phase JP Nagar,1010.0,2.0,57.0,2,5643.56
5th Phase JP Nagar,1450.0,2.0,73.0,3,5034.48
5th Phase JP Nagar,1075.0,2.0,60.0,2,5581.4
6th Phase JP Nagar,1192.0,2.0,74.0,2,6208.05
6th Phase JP Nagar,1180.0,2.0,80.0,2,6779.66
6th Phase JP Nagar,1645.0,3.0,100.0,3,6079.03
6th Phase JP Nagar,1140.0,2.0,65.0,2,5701.75
6th Phase JP Nagar,1213.0,2.0,63.0,2,5193.73
6th Phase JP Nagar,1170.0,2.0,120.0,2,10256.41
6th Phase JP Nagar,1216.0,2.0,60.0,2,4934.21
6th Phase JP Nagar,2003.0,3.0,200.0,3,9985.02
6th Phase JP Nagar,1810.0,3.0,131.0,3,7237.57
6th Phase JP Nagar,1515.0,2.0,135.0,3,8910.89
6th Phase JP Nagar,1192.0,2.0,75.0,2,6291.95
6th Phase JP Nagar,1280.0,2.0,88.0,2,6875.0
6th block Koramangala,1117.0,2.0,110.0,2,9847.81
6th block Koramangala,3000.0,3.0,400.0,3,13333.33
7th Block Jayanagar,3000.0,3.0,528.0,5,17600.0
7th Block Jayanagar,2400.0,3.0,408.0,3,17000.0
7th Block Jayanagar,1903.0,2.0,293.0,3,15396.74
7th Phase JP Nagar,1080.0,2.0,72.0,2,6666.67
7th Phase JP Nagar,1270.0,2.0,93.0,2,7322.83
7th Phase JP Nagar,1420.0,2.0,100.0,3,7042.25
7th Phase JP Nagar,1850.0,3.0,150.0,3,8108.11
7th Phase JP Nagar,1245.0,2.0,94.0,2,7550.2
7th Phase JP Nagar,1175.0,2.0,82.0,2,6978.72
7th Phase JP Nagar,1400.0,2.0,95.0,3,6785.71
7th Phase JP Nagar,2225.0,3.0,160.0,3,7191.01
7th Phase JP Nagar,1050.0,2.0,71.0,2,6761.9
7th Phase JP Nagar,1100.0,2.0,46.0,2,4181.82
7th Phase JP Nagar,918.0,2.0,50.49,2,5500.0
7th Phase JP Nagar,1450.0,2.0,100.0,3,6896.55
7th Phase JP Nagar,1190.0,2.0,49.98,2,4200.0
7th Phase JP Nagar,1420.0,2.0,96.0,3,6760.56
7th Phase JP Nagar,1680.0,3.0,120.0,3,7142.86
7th Phase JP Nagar,980.0,2.0,69.0,2,7040.82
7th Phase JP Nagar,1180.0,2.0,72.0,2,6101.69
7th Phase JP Nagar,1050.0,2.0,57.0,3,5428.57
7th Phase JP Nagar,1343.0,2.0,56.41,3,4200.3
7th Phase JP Nagar,1405.0,2.0,59.01,3,4200.0
7th Phase JP Nagar,1400.0,3.0,115.0,3,8214.29
7th Phase JP Nagar,1270.0,2.0,83.0,2,6535.43
7th Phase JP Nagar,3300.0,4.0,150.0,4,4545.45
7th Phase JP Nagar,2503.0,4.0,188.0,4,7510.99
7th Phase JP Nagar,2200.0,3.0,190.0,3,8636.36
7th Phase JP Nagar,1250.0,3.0,65.0,3,5200.0
7th Phase JP Nagar,1385.0,2.0,58.17,3,4200.0
7th Phase JP Nagar,1575.0,2.0,110.0,3,6984.13
7th Phase JP Nagar,1850.0,3.0,140.0,3,7567.57
7th Phase JP Nagar,1575.0,2.0,120.0,3,7619.05
7th Phase JP Nagar,1850.0,3.0,150.0,3,8108.11
7th Phase JP Nagar,1680.0,3.0,120.0,3,7142.86
7th Phase JP Nagar,1175.0,2.0,82.5,2,7021.28
7th Phase JP Nagar,3300.0,4.0,160.0,3,4848.48
7th Phase JP Nagar,2200.0,4.0,105.0,3,4772.73
7th Phase JP Nagar,1215.0,2.0,90.0,2,7407.41
7th Phase JP Nagar,1050.0,2.0,75.0,2,7142.86
7th Phase JP Nagar,1300.0,3.0,89.13,3,6856.15
7th Phase JP Nagar,1130.0,2.0,73.0,2,6460.18
7th Phase JP Nagar,1450.0,3.0,100.0,3,6896.55
7th Phase JP Nagar,1350.0,3.0,58.0,3,4296.3
7th Phase JP Nagar,1050.0,2.0,50.0,2,4761.9
7th Phase JP Nagar,1275.0,2.0,87.0,2,6823.53
7th Phase JP Nagar,1460.0,3.0,70.0,3,4794.52
7th Phase JP Nagar,1650.0,3.0,110.0,3,6666.67
7th Phase JP Nagar,850.0,2.0,42.0,2,4941.18
7th Phase JP Nagar,1680.0,3.0,117.0,3,6964.29
7th Phase JP Nagar,1850.0,3.0,150.0,3,8108.11
7th Phase JP Nagar,1236.0,2.0,61.33,2,4961.97
7th Phase JP Nagar,1000.0,2.0,53.0,2,5300.0
7th Phase JP Nagar,1680.0,3.0,125.0,3,7440.48
7th Phase JP Nagar,1675.0,2.0,135.0,3,8059.7
7th Phase JP Nagar,1187.0,2.0,59.0,2,4970.51
7th Phase JP Nagar,1850.0,3.0,155.0,3,8378.38
7th Phase JP Nagar,1000.0,2.0,61.0,2,6100.0
7th Phase JP Nagar,1460.0,2.0,100.0,3,6849.32
7th Phase JP Nagar,1650.0,3.0,110.0,3,6666.67
7th Phase JP Nagar,1200.0,2.0,62.5,2,5208.33
7th Phase JP Nagar,1000.0,2.0,70.65,2,7065.0
7th Phase JP Nagar,1080.0,2.0,75.0,2,6944.44
7th Phase JP Nagar,1415.0,3.0,65.0,3,4593.64
7th Phase JP Nagar,1680.0,3.0,125.0,3,7440.48
7th Phase JP Nagar,1460.0,2.0,97.0,3,6643.84
7th Phase JP Nagar,1120.0,2.0,65.0,2,5803.57
7th Phase JP Nagar,1100.0,3.0,60.0,2,5454.55
7th Phase JP Nagar,1790.0,3.0,120.0,3,6703.91
7th Phase JP Nagar,1680.0,3.0,117.0,3,6964.29
7th Phase JP Nagar,1050.0,2.0,77.0,2,7333.33
7th Phase JP Nagar,1050.0,2.0,75.0,2,7142.86
7th Phase JP Nagar,1040.0,2.0,75.0,2,7211.54
7th Phase JP Nagar,1400.0,2.0,95.0,3,6785.71
7th Phase JP Nagar,1800.0,3.0,130.0,3,7222.22
7th Phase JP Nagar,1050.0,2.0,68.0,2,6476.19
7th Phase JP Nagar,1000.0,2.0,60.0,2,6000.0
7th Phase JP Nagar,1680.0,3.0,125.0,3,7440.48
7th Phase JP Nagar,1050.0,2.0,77.47,2,7378.1
7th Phase JP Nagar,1270.0,2.0,80.0,2,6299.21
7th Phase JP Nagar,1463.0,2.0,61.45,3,4200.27
7th Phase JP Nagar,1680.0,3.0,122.0,3,7261.9
7th Phase JP Nagar,1130.0,2.0,85.0,2,7522.12
7th Phase JP Nagar,1680.0,3.0,130.0,3,7738.1
7th Phase JP Nagar,980.0,2.0,77.44,2,7902.04
7th Phase JP Nagar,1680.0,3.0,112.0,3,6666.67
7th Phase JP Nagar,1515.0,2.0,76.0,3,5016.5
7th Phase JP Nagar,2095.0,3.0,150.0,3,7159.9
7th Phase JP Nagar,1976.0,3.0,145.0,3,7338.06
7th Phase JP Nagar,1600.0,2.0,110.0,3,6875.0
7th Phase JP Nagar,1765.0,3.0,118.0,3,6685.55
7th Phase JP Nagar,1275.0,2.0,88.0,3,6901.96
7th Phase JP Nagar,1450.0,2.0,102.0,3,7034.48
7th Phase JP Nagar,1575.0,2.0,110.0,3,6984.13
7th Phase JP Nagar,1075.0,2.0,57.0,3,5302.33
7th Phase JP Nagar,750.0,1.0,47.0,1,6266.67
7th Phase JP Nagar,990.0,2.0,50.0,2,5050.51
7th Phase JP Nagar,1000.0,1.0,60.0,1,6000.0
7th Phase JP Nagar,1680.0,2.0,92.0,3,5476.19
7th Phase JP Nagar,1430.0,2.0,102.0,3,7132.87
7th Phase JP Nagar,1128.0,2.0,60.0,2,5319.15
7th Phase JP Nagar,1140.0,2.0,57.0,2,5000.0
7th Phase JP Nagar,1420.0,3.0,90.0,3,6338.03
7th Phase JP Nagar,1530.0,2.0,108.0,2,7058.82
8th Block Jayanagar,2000.0,6.0,300.0,6,15000.0
8th Phase JP Nagar,1073.5,2.0,54.005,2,5030.74
8th Phase JP Nagar,451.0,1.0,29.9,1,6629.71
8th Phase JP Nagar,1240.0,3.0,43.5,3,3508.06
8th Phase JP Nagar,1062.0,2.0,42.47,2,3999.06
8th Phase JP Nagar,1230.0,2.0,43.5,3,3536.59
8th Phase JP Nagar,1455.0,3.0,73.31,3,5038.49
8th Phase JP Nagar,871.0,2.0,55.0,2,6314.58
8th Phase JP Nagar,1098.0,2.0,43.91,2,3999.09
8th Phase JP Nagar,1800.0,3.0,80.0,3,4444.44
8th Phase JP Nagar,2700.0,4.0,130.0,4,4814.81
8th Phase JP Nagar,1080.0,2.0,38.0,2,3518.52
8th Phase JP Nagar,1059.0,2.0,34.5,2,3257.79
8th Phase JP Nagar,1080.0,2.0,35.0,2,3240.74
8th Phase JP Nagar,1275.0,2.0,41.5,3,3254.9
8th Phase JP Nagar,1062.0,2.0,42.47,2,3999.06
8th Phase JP Nagar,500.0,1.0,31.0,1,6200.0
8th Phase JP Nagar,1100.0,2.0,35.0,2,3181.82
8th Phase JP Nagar,2100.0,4.0,92.0,4,4380.95
8th Phase JP Nagar,1035.0,2.0,39.33,2,3800.0
8th Phase JP Nagar,909.0,2.0,40.9,2,4499.45
8th Phase JP Nagar,1431.5,3.0,72.02,3,5031.09
8th Phase JP Nagar,1900.0,4.0,90.0,3,4736.84
8th Phase JP Nagar,500.0,1.0,30.0,1,6000.0
8th Phase JP Nagar,1125.0,2.0,36.94,2,3283.56
8th Phase JP Nagar,1100.0,2.0,35.0,2,3181.82
8th Phase JP Nagar,1089.0,2.0,43.55,2,3999.08
8th Phase JP Nagar,1605.0,2.0,65.0,3,4049.84
8th Phase JP Nagar,1504.0,2.0,83.0,3,5518.62
8th Phase JP Nagar,2600.0,4.0,115.0,4,4423.08
8th Phase JP Nagar,1368.0,2.0,54.71,3,3999.27
8th Phase JP Nagar,1089.0,2.0,43.55,2,3999.08
8th Phase JP Nagar,1224.0,2.0,48.95,3,3999.18
8th Phase JP Nagar,1513.0,2.0,62.0,2,4097.82
8th Phase JP Nagar,1298.0,2.0,59.0,2,4545.45
8th Phase JP Nagar,1006.0,2.0,44.0,2,4373.76
8th Phase JP Nagar,500.0,1.0,33.0,1,6600.0
8th Phase JP Nagar,1160.0,2.0,95.0,2,8189.66
8th Phase JP Nagar,1245.0,2.0,59.0,2,4738.96
8th Phase JP Nagar,1510.0,2.0,80.0,2,5298.01
8th Phase JP Nagar,3300.0,3.0,165.0,3,5000.0
8th Phase JP Nagar,1730.0,5.0,75.0,5,4335.26
8th Phase JP Nagar,1296.0,2.0,51.83,3,3999.23
8th Phase JP Nagar,1275.0,3.0,45.0,3,3529.41
8th Phase JP Nagar,1046.0,2.0,48.0,2,4588.91
8th Phase JP Nagar,1269.0,2.0,50.75,3,3999.21
8th Phase JP Nagar,1408.0,3.0,80.0,3,5681.82
8th Phase JP Nagar,1500.0,2.0,55.0,3,3666.67
8th block Koramangala,1846.0,3.0,300.0,3,16251.35
8th block Koramangala,1410.0,1.0,233.0,2,16524.82
8th block Koramangala,1165.0,2.0,135.0,2,11587.98
8th block Koramangala,2400.0,3.0,290.0,3,12083.33
9th Block Jayanagar,700.0,1.0,150.0,1,21428.57
9th Phase JP Nagar,1005.0,2.0,50.0,2,4975.12
9th Phase JP Nagar,1890.0,2.0,85.0,3,4497.35
9th Phase JP Nagar,1100.0,2.0,65.0,2,5909.09
9th Phase JP Nagar,1080.0,2.0,37.0,2,3425.93
9th Phase JP Nagar,1035.0,2.0,45.0,2,4347.83
9th Phase JP Nagar,5000.0,4.0,290.0,4,5800.0
9th Phase JP Nagar,1164.0,2.0,56.0,2,4811.0
9th Phase JP Nagar,1005.0,2.0,42.0,2,4179.1
9th Phase JP Nagar,1127.0,2.0,50.0,2,4436.56
9th Phase JP Nagar,1005.0,2.0,43.0,2,4278.61
9th Phase JP Nagar,835.0,2.0,37.0,2,4431.14
9th Phase JP Nagar,1050.0,2.0,39.0,2,3714.29
9th Phase JP Nagar,660.0,2.0,27.0,2,4090.91
9th Phase JP Nagar,600.0,1.0,20.0,1,3333.33
9th Phase JP Nagar,1466.0,2.0,71.0,2,4843.11
9th Phase JP Nagar,1079.0,2.0,60.0,2,5560.7
9th Phase JP Nagar,1480.0,2.0,80.0,2,5405.41
9th Phase JP Nagar,1200.0,2.0,80.0,2,6666.67
9th Phase JP Nagar,905.0,2.0,32.0,2,3535.91
9th Phase JP Nagar,1073.0,2.0,52.36,2,4879.78
9th Phase JP Nagar,1719.3,2.0,88.0,3,5118.36
9th Phase JP Nagar,1780.0,3.0,88.0,3,4943.82
9th Phase JP Nagar,1300.0,2.0,58.0,3,4461.54
9th Phase JP Nagar,1522.0,3.0,90.0,3,5913.27
9th Phase JP Nagar,1571.0,3.0,65.0,3,4137.49
9th Phase JP Nagar,1900.0,4.0,80.0,4,4210.53
9th Phase JP Nagar,890.0,2.0,45.0,2,5056.18
9th Phase JP Nagar,1240.0,2.0,39.89,3,3216.94
9th Phase JP Nagar,1240.0,2.0,42.85,3,3455.65
9th Phase JP Nagar,1050.0,2.0,35.0,2,3333.33
9th Phase JP Nagar,1331.95,2.0,69.0,2,5180.37
A Narayanapura,600.0,2.0,35.0,1,5833.33
A Narayanapura,1500.0,2.0,85.0,1,5666.67
AECS Layout,1100.0,2.0,45.0,2,4090.91
AECS Layout,1028.0,2.0,42.0,2,4085.6
AECS Layout,1199.0,2.0,65.0,2,5421.18
AECS Layout,1080.0,2.0,55.0,2,5092.59
AECS Layout,1123.0,2.0,64.0,2,5699.02
AECS Layout,1308.0,2.0,60.0,2,4587.16
AECS Layout,1005.0,2.0,55.0,2,5472.64
AECS Layout,2000.0,3.0,90.0,3,4500.0
AGS Layout,1450.0,2.0,85.0,3,5862.07
AGS Layout,1040.0,2.0,46.79,2,4499.04
AGS Layout,1936.0,3.0,110.0,3,5681.82
AGS Layout,1075.0,2.0,48.38,2,4500.47
AMS Layout,1650.0,2.0,80.0,3,4848.48
AMS Layout,1200.0,4.0,80.0,3,6666.67
Abbaiah Reddy Layout,1310.0,2.0,50.0,3,3816.79
Abbaiah Reddy Layout,1100.0,2.0,38.45,2,3495.45
Abbaiah Reddy Layout,1100.0,2.0,38.49,2,3499.09
Abbaiah Reddy Layout,1190.0,2.0,41.0,2,3445.38
Abbaiah Reddy Layout,1100.0,2.0,38.5,2,3500.0
Abbigere,985.0,2.0,40.39,2,4100.51
Abbigere,2200.0,6.0,68.0,6,3090.91
Abbigere,765.0,2.0,30.0,1,3921.57
Abbigere,880.0,2.0,35.0,2,3977.27
Abbigere,795.0,2.0,32.54,2,4093.08
Abbigere,1005.0,2.0,39.59,2,3939.3
Abbigere,734.0,1.0,19.82,1,2700.27
Abbigere,1260.0,2.0,45.0,3,3571.43
Abbigere,1020.0,2.0,41.82,2,4100.0
Abbigere,985.0,2.0,40.39,2,4100.51
Abbigere,2500.0,6.0,81.0,6,3240.0
Abbigere,795.0,2.0,32.54,2,4093.08
Abbigere,1130.0,2.0,46.33,2,4100.0
Abbigere,795.0,1.0,32.6,2,4100.63
Abbigere,3000.0,8.0,150.0,8,5000.0
Abbigere,985.0,2.0,38.92,2,3951.27
Abbigere,1000.0,2.0,41.0,2,4100.0
Abbigere,995.0,2.0,40.8,2,4100.5
Abbigere,1020.0,2.0,40.8,2,4000.0
Agrahara Dasarahalli,800.0,1.0,72.0,1,9000.0
Agrahara Dasarahalli,1350.0,1.0,120.0,3,8888.89
Aishwarya Crystal Layout,2250.0,3.0,113.0,3,5022.22
Akshaya Nagar,1388.0,2.0,57.0,2,4106.63
Akshaya Nagar,1070.0,2.0,54.0,2,5046.73
Akshaya Nagar,1662.0,3.0,85.1,3,5120.34
Akshaya Nagar,1897.0,3.0,120.0,3,6325.78
Akshaya Nagar,1410.0,2.0,75.0,3,5319.15
Akshaya Nagar,1360.0,2.0,85.0,3,6250.0
Akshaya Nagar,1600.0,2.0,65.0,3,4062.5
Akshaya Nagar,1410.0,2.0,80.0,3,5673.76
Akshaya Nagar,1662.0,3.0,85.0,3,5114.32
Akshaya Nagar,1662.0,3.0,85.5,3,5144.4
Akshaya Nagar,1280.0,2.0,60.0,2,4687.5
Akshaya Nagar,1430.0,2.0,75.0,3,5244.76
Akshaya Nagar,1419.0,2.0,73.0,3,5144.47
Akshaya Nagar,1280.0,2.0,60.0,2,4687.5
Akshaya Nagar,1200.0,2.0,50.0,2,4166.67
Akshaya Nagar,1092.0,2.0,60.0,2,5494.51
Akshaya Nagar,1690.0,3.0,85.0,3,5029.59
Akshaya Nagar,1700.0,3.0,80.0,3,4705.88
Akshaya Nagar,1897.0,4.0,93.0,3,4902.48
Akshaya Nagar,1884.0,3.0,98.0,3,5201.7
Akshaya Nagar,1551.0,2.0,60.0,3,3868.47
Akshaya Nagar,1314.0,2.0,68.8,2,5235.92
Akshaya Nagar,1690.0,3.0,85.0,3,5029.59
Akshaya Nagar,1265.0,2.0,67.0,2,5296.44
Akshaya Nagar,1126.0,2.0,55.0,2,4884.55
Akshaya Nagar,2300.0,4.0,102.0,3,4434.78
Akshaya Nagar,1420.0,2.0,75.0,3,5281.69
Akshaya Nagar,1412.0,2.0,88.0,3,6232.29
Akshaya Nagar,1434.0,3.0,84.0,3,5857.74
Akshaya Nagar,1890.0,4.0,100.0,3,5291.01
Akshaya Nagar,2650.0,3.0,125.0,3,4716.98
Akshaya Nagar,1419.0,2.0,87.0,3,6131.08
Akshaya Nagar,1300.0,2.0,54.0,2,4153.85
Akshaya Nagar,1690.0,3.0,85.0,3,5029.59
Akshaya Nagar,1113.0,2.0,52.0,2,4672.06
Akshaya Nagar,1820.0,4.0,95.0,3,5219.78
Akshaya Nagar,1100.0,2.0,48.0,2,4363.64
Akshaya Nagar,1896.0,3.0,102.0,3,5379.75
Akshaya Nagar,1300.0,2.0,66.0,2,5076.92
Akshaya Nagar,1225.0,2.0,68.0,2,5551.02
Akshaya Nagar,1179.0,2.0,51.0,2,4325.7
Akshaya Nagar,1421.0,2.0,73.0,3,5137.23
Akshaya Nagar,1893.0,4.0,95.0,3,5018.49
Akshaya Nagar,900.0,2.0,45.0,2,5000.0
Akshaya Vana,4000.0,4.0,170.0,4,4250.0
Akshaya Vana,1300.0,2.0,49.0,3,3769.23
Akshaya Vana,1280.0,2.0,49.0,3,3828.12
Akshaya Vana,1141.0,2.0,55.0,2,4820.33
Akshaya Vana,1260.0,2.0,49.0,3,3888.89
Akshaya Vana,1427.0,2.0,52.0,2,3644.01
Akshayanagara East,1693.0,3.0,108.0,3,6379.21
Akshayanagara East,1210.0,2.0,76.0,2,6280.99
Akshayanagara East,1519.0,3.0,67.23,3,4425.94
Akshayanagara East,1595.0,3.0,70.39,3,4413.17
Akshayanagara East,1230.0,2.0,50.0,2,4065.04
Akshayanagara East,595.0,1.0,40.0,1,6722.69
Akshayanagara East,1145.0,2.0,44.0,2,3842.79
Akshayanagara West,1410.0,2.0,75.0,2,5319.15
Akshya Nagar,2400.0,6.0,130.0,6,5416.67
Akshya Nagar,1380.0,2.0,75.0,2,5434.78
Akshya Nagar,1320.0,2.0,58.0,3,4393.94
Alfa Garden Layout,1190.0,2.0,46.41,2,3900.0
Alur,530.0,1.0,20.0,1,3773.58
Alur,425.0,1.0,15.0,1,3529.41
Amam Enclave Layout,975.0,2.0,55.0,2,5641.03
Amam Enclave Layout,1013.0,2.0,60.0,2,5923.0
Amarjyothi Colony,1355.0,3.0,61.0,3,4501.85
Ambalipura,1105.0,2.0,75.0,2,6787.33
Ambalipura,1800.0,3.0,110.0,3,6111.11
Ambalipura,1150.0,2.0,80.0,2,6956.52
Ambalipura,1250.0,2.0,66.25,2,5300.0
Ambalipura,1332.0,2.0,79.0,2,5930.93
Ambalipura,1730.0,3.0,120.0,3,6936.42
Ambalipura,1230.0,2.0,66.25,2,5386.18
Ambalipura,1351.0,2.0,77.0,2,5699.48
Ambalipura,2550.0,4.0,149.0,4,5843.14
Ambalipura,1817.0,3.0,102.0,3,5613.65
Ambalipura,1303.0,2.0,80.0,2,6139.68
Ambalipura,1607.0,2.0,112.0,3,6969.51
Ambalipura,770.0,1.0,43.82,1,5690.91
Ambalipura,1700.0,2.0,76.0,2,4470.59
Ambalipura,1060.0,2.0,58.5,2,5518.87
Ambalipura,1650.0,3.0,100.0,3,6060.61
Ambalipura,1607.0,2.0,112.0,3,6969.51
Ambalipura,1198.0,2.0,80.0,2,6677.8
Ambedkar Colony,1468.0,2.0,140.0,2,9536.78
Ambedkar Colony,1463.0,1.0,142.0,2,9706.08
Ambedkar Colony,1910.0,3.0,190.0,3,9947.64
Ambedkar Colony,1464.0,2.0,145.0,2,9904.37
Ambedkar Nagar,1935.0,4.0,130.0,3,6718.35
Ambedkar Nagar,1424.0,2.0,90.0,2,6320.22
Ambedkar Nagar,2225.0,4.0,169.0,3,7595.51
Ambedkar Nagar,1862.0,3.0,120.0,3,6444.68
Ambedkar Nagar,1850.0,4.0,139.0,3,7513.51
Ambedkar Nagar,1936.0,4.0,126.0,3,6508.26
Ambedkar Nagar,1862.0,3.0,119.0,3,6390.98
Ambedkar Nagar,1424.0,2.0,90.0,2,6320.22
Ambedkar Nagar,2150.0,4.0,125.0,3,5813.95
Ambedkar Nagar,3530.0,4.0,290.0,4,8215.3
Ambedkar Nagar,1856.0,3.0,120.0,3,6465.52
Ambedkar Nagar,1852.0,3.0,130.0,3,7019.44
Ambedkar Nagar,1850.0,4.0,120.0,3,6486.49
Ambedkar Nagar,1367.0,2.0,86.0,2,6291.15
Ambedkar Nagar,3565.0,4.0,255.0,4,7152.88
Ambedkar Nagar,1409.0,2.0,95.0,2,6742.37
Ambedkar Nagar,1950.0,4.0,120.0,3,6153.85
Ambedkar Nagar,1921.0,4.0,129.0,3,6715.25
Ambedkar Nagar,1920.0,4.0,121.0,3,6302.08
Ambedkar Nagar,1935.0,4.0,125.0,3,6459.95
Ambedkar Nagar,1852.0,4.0,122.0,3,6587.47
Ambedkar Nagar,1950.0,4.0,120.0,3,6153.85
Ambedkar Nagar,1852.0,3.0,125.0,3,6749.46
Ambedkar Nagar,1850.0,4.0,121.0,3,6540.54
Ambedkar Nagar,1425.0,2.0,94.0,2,6596.49
Ambedkar Nagar,2395.0,4.0,150.0,3,6263.05
Amblipura,1605.0,3.0,100.0,3,6230.53
Amblipura,1300.0,2.0,80.0,3,6153.85
Amblipura,1175.0,2.0,83.0,2,7063.83
Amruthahalli,900.0,2.0,40.0,2,4444.44
Amruthahalli,1200.0,2.0,55.0,2,4583.33
Amruthahalli,1900.0,3.0,135.0,3,7105.26
Amruthahalli,924.0,2.0,45.0,2,4870.13
Amruthahalli,900.0,2.0,60.0,2,6666.67
Amruthahalli,1100.0,2.0,45.0,2,4090.91
Amruthahalli,1200.0,2.0,55.0,2,4583.33
Amruthahalli,1350.0,2.0,63.0,3,4666.67
Amruthahalli,1605.0,3.0,65.0,3,4049.84
Amruthahalli,1700.0,3.0,77.0,3,4529.41
Amruthahalli,1450.0,2.0,85.0,3,5862.07
Amruthahalli,1200.0,2.0,55.0,2,4583.33
Amruthahalli,1250.0,2.0,79.0,2,6320.0
Amruthahalli,1190.0,2.0,50.0,2,4201.68
Amruthahalli,1202.0,2.0,65.0,2,5407.65
Amruthahalli,1340.0,2.0,75.0,2,5597.01
Amruthahalli,2650.0,4.0,175.0,3,6603.77
Amruthahalli,1450.0,2.0,90.0,3,6206.9
Amruthahalli,1025.0,2.0,42.0,2,4097.56
Amruthahalli,485.0,1.0,19.5,1,4020.62
Amruthnagar,1350.0,2.0,67.5,2,5000.0
Amruthnagar,1365.0,3.0,60.0,2,4395.6
Amruthnagar,1000.0,2.0,51.0,2,5100.0
Anand Nagar,1060.0,2.0,55.0,2,5188.68
Anand Nagar,1135.0,2.0,55.0,2,4845.81
Anand Nagar,3515.0,3.0,420.0,3,11948.79
Anand Nagar,1080.0,2.0,75.0,3,6944.44
Anand nagar,2010.0,3.0,125.0,3,6218.91
Anandapura,1167.0,2.0,43.76,2,3749.79
Anandapura,1000.0,2.0,55.0,2,5500.0
Anandapura,1141.0,2.0,42.79,2,3750.22
Anandapura,1576.0,3.0,59.1,3,3750.0
Anandapura,1200.0,2.0,67.0,2,5583.33
Anandapura,1200.0,2.0,58.0,2,4833.33
Anandapura,1151.0,2.0,43.1,2,3744.57
Anandapura,1141.0,2.0,42.75,2,3746.71
Anandapura,900.0,2.0,48.0,2,5333.33
Anandapura,1749.0,4.0,90.0,4,5145.8
Anandapura,1151.0,2.0,42.9,2,3727.19
Anandapura,1576.0,3.0,58.0,3,3680.2
Anandapura,1250.0,2.0,45.0,2,3600.0
Anandapura,1151.0,2.0,43.16,2,3749.78
Anandapura,1200.0,2.0,58.0,2,4833.33
Anandapura,1200.0,2.0,66.0,3,5500.0
Anandapura,1415.0,2.0,74.0,3,5229.68
Anandapura,1200.0,2.0,50.0,2,4166.67
Anandapura,1141.0,2.0,50.0,2,4382.12
Anandapura,1576.0,3.0,58.7,3,3724.62
Anantapura,1600.0,3.0,77.0,3,4812.5
Ananth Nagar,500.0,1.0,14.0,1,2800.0
Ananth Nagar,1100.0,2.0,31.5,2,2863.64
Ananth Nagar,982.0,2.0,24.55,2,2500.0
Ananth Nagar,500.0,2.0,14.0,1,2800.0
Ananth Nagar,900.0,2.0,22.5,2,2500.0
Ananth Nagar,908.0,2.0,26.0,2,2863.44
Ananth Nagar,870.0,2.0,36.0,2,4137.93
Ananth Nagar,937.0,2.0,35.0,2,3735.33
Ananth Nagar,960.0,2.0,37.0,2,3854.17
Ananth Nagar,500.0,1.0,14.0,1,2800.0
Ananth Nagar,1000.0,2.0,29.7,2,2970.0
Ananth Nagar,850.0,2.0,25.99,2,3057.65
Ananth Nagar,902.0,2.0,25.26,2,2800.44
Ananth Nagar,1470.0,3.0,54.0,3,3673.47
Ananth Nagar,810.0,2.0,25.5,2,3148.15
Ananth Nagar,890.0,2.0,27.0,2,3033.71
Ananth Nagar,1200.0,2.0,36.0,2,3000.0
Ananth Nagar,1319.0,3.0,37.75,3,2862.02
Ananth Nagar,1319.0,3.0,42.0,3,3184.23
Ananth Nagar,1000.0,2.0,25.0,2,2500.0
Ananth Nagar,902.0,2.0,25.0,2,2771.62
Ananth Nagar,930.0,2.0,25.99,2,2794.62
Ananth Nagar,1074.0,2.0,26.85,2,2500.0
Ananth Nagar,500.0,1.0,14.0,1,2800.0
Ananth Nagar,1010.0,2.0,38.0,2,3762.38
Ananth Nagar,992.0,2.0,24.8,2,2500.0
Andrahalli,1200.0,4.0,135.0,4,11250.0
Anekal,1200.0,1.0,36.0,2,3000.0
Anekal,656.0,2.0,22.0,2,3353.66
Anekal,620.0,2.0,22.0,2,3548.39
Anekal,600.0,1.0,16.5,1,2750.0
Anekal,925.0,2.0,40.0,2,4324.32
Anekal,530.0,1.0,18.0,1,3396.23
Anekal,1800.0,3.0,68.0,3,3777.78
Anekal,1200.0,1.0,36.0,2,3000.0
Anekal,1035.0,2.0,38.3,2,3700.48
Anekal,888.0,2.0,34.0,2,3828.83
Anekal,1200.0,2.0,36.1,2,3008.33
Anekal,700.0,1.0,19.4,2,2771.43
Anekal,1200.0,1.0,36.0,2,3000.0
Anekal,1200.0,2.0,36.0,4,3000.0
Anekal,766.0,2.0,28.0,2,3655.35
Anekal,967.0,2.0,45.0,3,4653.57
Anekal,620.0,1.0,23.5,2,3790.32
Anekal,1150.0,3.0,45.0,3,3913.04
Anekal,1200.0,1.0,36.0,2,3000.0
Anekal,1200.0,1.0,36.0,2,3000.0
Anekal,400.0,1.0,11.5,1,2875.0
Anekal,456.0,1.0,15.0,1,3289.47
Anekal,1200.0,1.0,36.0,2,3000.0
Anekal,1200.0,1.0,36.0,2,3000.0
Anekal,2400.0,4.0,95.0,3,3958.33
Anekal,1200.0,2.0,36.1,2,3008.33
Anekal,1200.0,2.0,36.1,2,3008.33
Anekal,680.0,1.0,21.0,2,3088.24
Anekal,420.0,1.0,12.5,1,2976.19
Anekal,614.0,1.0,28.0,2,4560.26
Anekal,1140.0,2.0,52.0,2,4561.4
Anekal,625.0,1.0,25.0,2,4000.0
Anjanapura,1850.0,4.0,86.0,4,4648.65
Anjanapura,1070.0,2.0,39.0,2,3644.86
Anjanapura,1500.0,3.0,121.0,3,8066.67
Anjanapura,1070.0,2.0,37.0,2,3457.94
Anjanapura,950.0,2.0,40.0,2,4210.53
Anjanapura,1280.0,2.0,45.0,3,3515.62
Anjanapura,710.0,2.0,25.0,2,3521.13
Anjanapura,1347.0,2.0,37.72,3,2800.3
Anjanapura,950.0,2.0,32.0,2,3368.42
Anjanapura,1800.0,4.0,55.0,4,3055.56
Anjanapura,1843.0,3.0,87.54,3,4749.86
Anjanapura,1076.0,2.0,30.13,2,2800.19
Anjanapura,950.0,2.0,30.0,2,3157.89
Anjappa Layout,1348.0,2.0,100.0,2,7418.4
Ankappa Layout,1105.0,2.0,50.0,2,4524.89
Annaiah Reddy Layout,1075.0,2.0,48.0,2,4465.12
Annapurneshwari Nagar,1200.0,5.0,270.0,4,22500.0
Anugrah Layout,1250.0,3.0,40.0,3,3200.0
Anwar Layout,610.0,1.0,28.0,1,4590.16
Ardendale,1750.0,3.0,100.0,3,5714.29
Ardendale,3198.0,4.0,200.0,4,6253.91
Ardendale,2422.0,4.0,160.0,4,6606.11
Ardendale,1750.0,3.0,100.0,3,5714.29
Ardendale,3200.0,4.0,205.0,4,6406.25
Ardendale,1728.0,3.0,95.0,3,5497.69
Ardendale,1732.46,3.0,92.0,3,5310.37
Ardendale,1224.0,2.0,70.0,2,5718.95
Ardendale,1777.26,3.0,105.0,3,5907.97
Ardendale,1650.0,3.0,82.0,3,4969.7
Ardendale,1650.0,3.0,82.0,3,4969.7
Ardendale,1224.0,2.0,67.0,2,5473.86
Ardendale,1723.0,3.0,95.0,3,5513.64
Ardendale,1777.26,3.0,89.0,3,5007.71
Ardendale,1777.26,3.0,92.0,3,5176.51
Arehalli,1350.0,2.0,65.0,3,4814.81
Arekere,2060.0,3.0,140.0,3,6796.12
Arekere,920.0,2.0,40.0,2,4347.83
Arekere,1190.0,2.0,55.0,2,4621.85
Arekere,600.0,1.0,28.0,1,4666.67
Arekere,2072.0,3.0,108.0,3,5212.36
Arekere,1100.0,2.0,55.0,2,5000.0
Arekere,900.0,2.0,50.0,2,5555.56
Arekere,2710.0,6.0,142.0,4,5239.85
Arekere,1240.0,2.0,60.0,2,4838.71
Arekere,900.0,2.0,44.5,2,4944.44
Ashirvad Colony,1000.0,2.0,53.0,2,5300.0
Ashirvad Colony,2050.0,3.0,100.0,4,4878.05
Ashok Nagar,8321.0,5.0,2912.0,4,34995.79
Ashwath Nagar,1644.0,3.0,84.0,3,5109.49
Ashwath Nagar,1262.0,2.0,63.0,2,4992.08
Ashwath Nagar,1640.0,3.0,84.0,3,5121.95
Ashwath Nagar,1220.0,2.0,65.0,2,5327.87
Ashwathnagar,936.0,2.0,42.0,2,4487.18
Ashwathnagar,936.0,2.0,43.0,2,4594.02
Ashwathnagar,1100.0,2.0,55.0,2,5000.0
Ashwini layout,834.0,1.0,60.0,1,7194.24
Ashwini layout,834.0,1.0,62.0,1,7434.05
Atmananda Colony,1127.0,2.0,55.0,2,4880.21
Atmananda Colony,1125.0,2.0,55.0,2,4888.89
Attibele,450.0,1.0,11.0,1,2444.44
Attibele,1600.0,4.0,52.8,4,3300.0
Attibele,656.0,2.0,25.0,2,3810.98
Attibele,400.0,1.0,11.0,1,2750.0
Attibele,400.0,1.0,12.0,1,3000.0
Attibele,400.0,1.0,14.0,1,3500.0
Attibele,500.0,1.0,17.0,1,3400.0
Attibele,2168.0,4.0,95.0,4,4381.92
Attibele,395.0,1.0,10.25,1,2594.94
Attibele,420.0,1.0,17.0,1,4047.62
Attibele,1639.0,2.0,40.98,3,2500.31
Attibele,418.0,1.0,12.0,1,2870.81
Attibele,1200.0,2.0,42.0,2,3500.0
Attibele,400.0,1.0,10.0,1,2500.0
Attibele,695.0,1.0,25.0,2,3597.12
Attibele,850.0,1.0,25.0,2,2941.18
Attibele,2400.0,3.0,120.0,3,5000.0
Attibele,450.0,1.0,12.5,1,2777.78
Attibele,995.0,1.0,24.88,2,2500.5
Attibele,900.0,1.0,25.0,2,2777.78
Attibele,1174.0,2.0,29.35,2,2500.0
Attibele,782.0,1.0,19.55,1,2500.0
Attibele,1175.0,2.0,29.38,2,2500.43
Attibele,656.0,2.0,25.0,2,3810.98
Attibele,400.0,1.0,11.5,1,2875.0
Attibele,460.0,1.0,13.0,1,2826.09
Attibele,418.0,2.0,11.5,1,2751.2
Attibele,1000.0,2.0,42.0,2,4200.0
Attibele,550.0,1.0,11.5,1,2090.91
Attibele,996.0,2.0,24.9,2,2500.0
Attibele,410.0,1.0,10.0,1,2439.02
Attibele,1700.0,3.0,65.0,3,3823.53
Attibele,400.0,1.0,10.25,1,2562.5
Attibele,656.0,2.0,25.0,2,3810.98
Attibele,520.0,1.0,15.0,1,2884.62
Attur Layout,2400.0,4.0,200.0,3,8333.33
Attur Layout,1200.0,1.0,65.0,2,5416.67
Austin Town,400.0,1.0,14.0,1,3500.0
Austin Town,1250.0,2.0,60.0,2,4800.0
Austin Town,600.0,2.0,23.0,1,3833.33
Austin Town,1000.0,2.0,60.0,2,6000.0
Austin Town,975.0,2.0,60.0,2,6153.85
Avalahalli,2300.0,3.0,120.0,3,5217.39
Avalahalli,833.0,1.0,49.0,1,5882.35
Avalahalli,2045.0,3.0,108.0,3,5281.17
Ayappa Nagar,1236.0,2.0,50.0,2,4045.31
Ayappa Nagar,1190.0,2.0,48.0,2,4033.61
B Channasandra,1300.0,2.0,79.0,2,6076.92
B Channasandra,1080.0,2.0,45.0,2,4166.67
B Narayanapura,1313.0,2.0,58.27,2,4437.93
B Narayanapura,1460.0,2.0,73.0,3,5000.0
B Narayanapura,1405.0,2.0,70.0,3,4982.21
B Narayanapura,1060.0,2.0,49.27,2,4648.11
B Narayanapura,1020.0,2.0,60.0,2,5882.35
B Narayanapura,1020.0,2.0,49.0,2,4803.92
B Narayanapura,1765.0,3.0,77.27,3,4377.9
B Narayanapura,1075.0,2.0,50.0,2,4651.16
BCC Layout,2700.0,3.0,230.0,4,8518.52
BCMC Layout,1600.0,2.0,88.0,3,5500.0
BEL Road,1050.0,2.0,110.0,2,10476.19
BEL Road,1500.0,2.0,203.0,2,13533.33
BEL Road,1800.0,3.0,150.0,3,8333.33
BEML Layout,1060.0,2.0,55.0,2,5188.68
BEML Layout,2000.0,3.0,85.0,3,4250.0
BEML Layout,999.0,2.0,45.0,2,4504.5
BEML Layout,2000.0,2.0,85.0,3,4250.0
BEML Layout,1194.0,2.0,65.0,2,5443.89
BEML Layout,1200.0,2.0,67.0,2,5583.33
BEML Layout,2000.0,3.0,85.0,3,4250.0
BEML Layout,2000.0,3.0,85.0,3,4250.0
BEML Layout,1194.0,2.0,65.0,2,5443.89
BHEL Layout,1200.0,3.0,165.0,4,13750.0
BSM Extension,975.0,2.0,45.0,2,4615.38
BSM Extension,865.0,2.0,33.0,2,3815.03
BTM 1st Stage,375.0,1.0,40.0,1,10666.67
BTM 1st Stage,1717.0,3.0,200.0,3,11648.22
BTM 2nd Stage,1260.0,5.0,185.0,3,14682.54
BTM 2nd Stage,950.0,2.0,52.0,2,5473.68
BTM 2nd Stage,1200.0,2.0,80.0,2,6666.67
BTM 2nd Stage,1274.0,2.0,70.0,2,5494.51
BTM 2nd Stage,1250.0,3.0,50.0,3,4000.0
BTM 2nd Stage,1070.0,2.0,48.0,2,4485.98
BTM 2nd Stage,1280.0,2.0,80.0,2,6250.0
BTM 2nd Stage,1100.0,2.0,70.0,2,6363.64
BTM 2nd Stage,1000.0,2.0,58.0,2,5800.0
BTM 2nd Stage,2990.0,5.0,416.0,5,13913.04
BTM 2nd Stage,1265.0,2.0,55.0,2,4347.83
BTM 2nd Stage,2200.0,3.0,220.0,3,10000.0
BTM 2nd Stage,2780.0,4.0,325.0,3,11690.65
BTM 2nd Stage,2400.0,2.0,360.0,3,15000.0
BTM 2nd Stage,965.0,2.0,56.0,2,5803.11
BTM 2nd Stage,1147.0,2.0,75.0,2,6538.8
BTM 2nd Stage,1750.0,3.0,172.0,3,9828.57
BTM 2nd Stage,1400.0,2.0,90.0,2,6428.57
BTM 2nd Stage,1200.0,2.0,70.0,2,5833.33
BTM 2nd Stage,1100.0,2.0,47.0,2,4272.73
BTM 2nd Stage,930.0,2.0,46.0,2,4946.24
BTM 2nd Stage,1265.0,2.0,55.0,3,4347.83
BTM 2nd Stage,2500.0,3.0,345.0,3,13800.0
BTM 4th Stage,1350.0,2.0,90.0,2,6666.67
BTM Layout,1150.0,2.0,63.0,2,5478.26
BTM Layout,3300.0,6.0,165.0,6,5000.0
BTM Layout,1450.0,2.0,81.0,3,5586.21
BTM Layout,1776.0,2.0,75.0,3,4222.97
BTM Layout,1458.0,3.0,79.0,3,5418.38
BTM Layout,935.0,2.0,51.5,2,5508.02
BTM Layout,1020.0,2.0,46.5,2,4558.82
BTM Layout,1600.0,3.0,112.0,3,7000.0
BTM Layout,1300.0,2.0,75.0,3,5769.23
BTM Layout,1540.0,2.0,78.0,3,5064.94
BTM Layout,450.0,1.0,20.0,1,4444.44
BTM Layout,1196.0,2.0,56.81,2,4750.0
BTM Layout,1470.0,2.0,99.0,3,6734.69
Baba Nagar,1100.0,2.0,52.0,2,4727.27
Baba Nagar,700.0,2.0,29.0,2,4142.86
Babusapalaya,1358.0,2.0,43.4,3,3195.88
Babusapalaya,1213.0,2.0,41.39,3,3412.2
Babusapalaya,1611.0,2.0,66.0,3,4096.83
Babusapalaya,1167.0,2.0,39.98,3,3425.88
Babusapalaya,1675.0,3.0,75.0,3,4477.61
Babusapalaya,1141.0,2.0,46.0,2,4031.55
Babusapalaya,1500.0,2.0,57.0,2,3800.0
Babusapalaya,1453.0,2.0,43.59,3,3000.0
Babusapalaya,1050.0,2.0,45.0,2,4285.71
Babusapalaya,1141.0,2.0,45.9,2,4022.79
Babusapalaya,1358.0,2.0,43.1,3,3173.78
Babusapalaya,1230.0,3.0,53.0,3,4308.94
Babusapalaya,1105.0,2.0,40.0,2,3619.91
Babusapalaya,1410.0,2.0,65.0,3,4609.93
Babusapalaya,1450.0,2.0,55.99,2,3861.38
Babusapalaya,1100.0,2.0,38.0,2,3454.55
Babusapalaya,1213.0,2.0,36.37,3,2998.35
Babusapalaya,1061.0,2.0,33.84,2,3189.44
Babusapalaya,1061.0,2.0,38.95,2,3671.07
Babusapalaya,1061.0,2.0,34.0,2,3204.52
Babusapalaya,1245.0,2.0,58.0,2,4658.63
Badavala Nagar,1494.0,2.0,94.55,3,6328.65
Badavala Nagar,1274.0,2.0,81.0,2,6357.93
Badavala Nagar,1842.0,3.0,115.0,3,6243.21
Badavala Nagar,1494.0,2.0,94.55,3,6328.65
Badavala Nagar,1274.0,2.0,81.0,2,6357.93
Badavala Nagar,1494.0,2.0,94.55,3,6328.65
Badavala Nagar,1842.0,3.0,115.0,3,6243.21
Badavala Nagar,1842.0,3.0,115.0,3,6243.21
Badavala Nagar,1842.0,3.0,115.0,3,6243.21
Bagalakunte,2360.0,4.0,150.0,4,6355.93
Bagalakunte,560.0,1.0,21.0,1,3750.0
Bagalakunte,1200.0,4.0,138.0,2,11500.0
Bagalakunte,1050.0,2.0,40.0,2,3809.52
Bagalur,1200.0,2.0,50.0,2,4166.67
Bagalur,985.0,2.0,57.0,2,5786.8
Bagalur,1407.0,2.0,83.87,2,5960.91
Bagalur,2400.0,4.0,135.0,4,5625.0
Bagalur Main Road,950.0,2.0,50.0,2,5263.16
Bagalur Main Road,1220.0,2.0,72.0,2,5901.64
Balagere,1210.0,2.0,80.9,2,6685.95
Balagere,1210.0,2.0,72.0,2,5950.41
Balagere,1205.0,2.0,78.5,2,6514.52
Balagere,790.5,1.0,41.9,1,5300.44
Balagere,1145.0,2.0,65.0,2,5676.86
Balagere,1012.0,2.0,54.59,2,5394.27
Balagere,1020.07,2.0,68.38,2,6703.46
Balagere,1205.47,2.0,81.0,2,6719.37
Balagere,1007.0,2.0,65.0,2,6454.82
Balagere,1205.0,2.0,70.0,2,5809.13
Balagere,1210.0,2.0,74.0,2,6115.7
Balagere,1210.0,2.0,83.0,2,6859.5
Balagere,675.0,1.0,45.0,1,6666.67
Balagere,656.0,1.0,43.0,1,6554.88
Balagere,1012.0,2.0,54.59,2,5394.27
Balagere,1012.0,2.0,64.0,2,6324.11
Balagere,1007.0,2.0,62.0,2,6156.9
Balagere,1007.0,2.0,67.0,2,6653.43
Balagere,1007.0,2.0,66.0,2,6554.12
Balagere,1205.0,2.0,63.86,2,5299.59
Balagere,1012.0,2.0,53.58,2,5294.47
Balagere,645.0,1.0,34.18,1,5299.22
Balagere,1007.0,2.0,53.0,2,5263.16
Balagere,1210.0,2.0,69.0,2,5702.48
Balagere,790.5,1.0,42.295,1,5350.41
Balagere,1012.0,2.0,65.0,2,6422.92
Balagere,656.0,1.0,38.77,1,5910.06
Balagere,645.0,1.0,39.0,1,6046.51
Balagere,645.0,1.0,41.0,1,6356.59
Balagere,1210.0,2.0,82.0,2,6776.86
Balagere,656.0,1.0,34.77,1,5300.3
Balagere,1205.0,2.0,73.87,2,6130.29
Balagere,1012.0,2.0,70.0,2,6917.0
Balagere,1007.0,2.0,68.0,2,6752.73
Balagere,1205.0,2.0,67.0,2,5560.17
Balagere,1205.0,2.0,79.0,2,6556.02
Balagere,1012.0,2.0,68.0,2,6719.37
Balaji Gardens Layout,825.0,2.0,40.0,1,4848.48
Banagiri Nagar,1525.0,2.0,122.0,3,8000.0
Banagiri Nagar,1500.0,2.0,89.99,3,5999.33
Banagiri Nagar,1630.0,2.0,97.78,3,5998.77
Banagiri Nagar,2008.0,3.0,170.0,3,8466.14
Banagiri Nagar,1560.0,2.0,125.0,3,8012.82
Banagiri Nagar,1525.0,2.0,91.48,3,5998.69
Banagiri Nagar,1500.0,2.0,120.0,3,8000.0
Banashankari,1200.0,2.0,42.0,3,3500.0
Banashankari,1077.0,2.0,37.64,2,3494.89
Banashankari,1470.0,2.0,88.64,3,6029.93
Banashankari,1300.0,2.0,75.0,3,5769.23
Banashankari,1800.0,3.0,115.0,3,6388.89
Banashankari,1125.0,2.0,63.0,2,5600.0
Banashankari,1340.0,2.0,53.6,3,4000.0
Banashankari,1310.0,2.0,80.0,2,6106.87
Banashankari,2600.0,4.0,135.0,3,5192.31
Banashankari,1900.0,2.0,170.0,3,8947.37
Banashankari,1260.0,2.0,75.0,2,5952.38
Banashankari,1170.0,2.0,46.79,2,3999.15
Banashankari,2500.0,4.0,95.0,4,3800.0
Banashankari,1350.0,2.0,83.0,3,6148.15
Banashankari,1425.0,3.0,49.88,3,3500.35
Banashankari,1330.0,2.0,78.0,2,5864.66
Banashankari,1400.0,2.0,78.0,3,5571.43
Banashankari,1700.0,3.0,125.0,3,7352.94
Banashankari,1020.0,2.0,40.79,2,3999.02
Banashankari,1600.0,2.0,63.98,2,3998.75
Banashankari,1041.0,2.0,36.44,2,3500.48
Banashankari,2400.0,1.0,200.0,1,8333.33
Banashankari,1390.0,2.0,86.0,2,6187.05
Banashankari,1460.0,2.0,70.0,2,4794.52
Banashankari,1200.0,2.0,60.0,2,5000.0
Banashankari,1290.0,2.0,80.0,2,6201.55
Banashankari,1186.0,2.0,65.0,2,5480.61
Banashankari,1650.0,3.0,101.0,3,6121.21
Banashankari,1300.0,2.0,55.0,3,4230.77
Banashankari,1181.0,2.0,75.0,2,6350.55
Banashankari,1105.0,2.0,90.0,2,8144.8
Banashankari,720.0,1.0,60.0,1,8333.33
Banashankari,1040.0,2.0,45.0,2,4326.92
Banashankari,1330.0,2.0,77.0,2,5789.47
Banashankari,1200.0,2.0,49.0,2,4083.33
Banashankari,1185.0,2.0,67.0,2,5654.01
Banashankari,1000.0,2.0,50.0,2,5000.0
Banashankari,1650.0,3.0,90.75,3,5500.0
Banashankari,1650.0,3.0,101.0,3,6121.21
Banashankari,1310.0,2.0,80.43,2,6139.69
Banashankari,600.0,1.0,27.0,2,4500.0
Banashankari,1430.0,2.0,87.8,2,6139.86
Banashankari,1020.0,2.0,42.83,2,4199.02
Banashankari,1372.0,2.0,48.02,3,3500.0
Banashankari,1540.0,3.0,80.0,3,5194.81
Banashankari,1683.0,3.0,115.0,3,6833.04
Banashankari,1800.0,3.0,125.0,3,6944.44
Banashankari,1175.0,2.0,41.13,2,3500.43
Banashankari,1750.0,2.0,89.0,3,5085.71
Banashankari,1450.0,2.0,50.75,2,3500.0
Banashankari,1770.0,3.0,108.0,3,6101.69
Banashankari,1800.0,3.0,125.0,3,6944.44
Banashankari,1200.0,2.0,42.0,3,3500.0
Banashankari,1420.0,3.0,66.0,3,4647.89
Banashankari,1200.0,3.0,74.52,3,6210.0
Banashankari,1100.0,2.0,63.0,2,5727.27
Banashankari,1020.0,2.0,40.79,2,3999.02
Banashankari,1260.0,2.0,75.0,2,5952.38
Banashankari,1340.0,2.0,53.6,3,4000.0
Banashankari,1426.0,3.0,85.0,3,5960.73
Banashankari Stage II,1700.0,2.0,150.0,2,8823.53
Banashankari Stage II,1200.0,2.0,150.0,4,12500.0
Banashankari Stage II,1500.0,2.0,120.0,3,8000.0
Banashankari Stage II,2400.0,3.0,510.0,5,21250.0
Banashankari Stage II,1240.0,2.0,59.52,3,4800.0
Banashankari Stage II,1250.0,2.0,110.0,2,8800.0
Banashankari Stage II,1260.0,2.0,95.0,3,7539.68
Banashankari Stage II,2400.0,2.0,300.0,3,12500.0
Banashankari Stage II,1400.0,2.0,100.0,2,7142.86
Banashankari Stage II,2800.0,3.0,425.0,5,15178.57
Banashankari Stage II,3000.0,3.0,450.0,3,15000.0
Banashankari Stage II,1200.0,2.0,198.0,3,16500.0
Banashankari Stage II,1245.0,2.0,125.0,2,10040.16
Banashankari Stage III,1305.0,2.0,58.7,3,4498.08
Banashankari Stage III,1145.0,2.0,58.4,2,5100.44
Banashankari Stage III,1650.0,3.0,118.0,3,7151.52
Banashankari Stage III,2400.0,4.0,240.0,4,10000.0
Banashankari Stage III,1350.0,2.0,68.0,3,5037.04
Banashankari Stage III,2000.0,4.0,100.0,4,5000.0
Banashankari Stage III,1305.0,2.0,59.0,3,4521.07
Banashankari Stage III,1305.0,2.0,60.0,3,4597.7
Banashankari Stage III,1200.0,2.0,42.0,2,3500.0
Banashankari Stage III,1305.0,2.0,59.0,3,4521.07
Banashankari Stage III,1480.0,3.0,75.48,3,5100.0
Banashankari Stage III,1305.0,2.0,59.0,3,4521.07
Banashankari Stage III,1304.0,2.0,111.0,2,8512.27
Banashankari Stage III,3000.0,6.0,150.0,6,5000.0
Banashankari Stage III,1085.0,2.0,50.0,2,4608.29
Banashankari Stage III,1500.0,2.0,100.0,3,6666.67
Banashankari Stage III,2100.0,3.0,147.0,4,7000.0
Banashankari Stage III,1420.0,2.0,95.0,3,6690.14
Banashankari Stage V,1300.0,2.0,58.5,3,4500.0
Banashankari Stage V,1305.0,2.0,49.0,3,3754.79
Banashankari Stage V,1035.0,2.0,35.77,2,3456.04
Banashankari Stage V,1355.0,2.0,61.0,3,4501.85
Banashankari Stage V,1510.0,3.0,47.57,3,3150.33
Banashankari Stage V,1650.0,3.0,51.98,3,3150.3
Banashankari Stage V,1630.0,3.0,51.35,3,3150.31
Banashankari Stage V,1510.0,3.0,47.57,3,3150.33
Banashankari Stage V,1315.0,2.0,49.0,3,3726.24
Banashankari Stage V,1540.0,3.0,48.51,3,3150.0
Banashankari Stage V,920.0,2.0,41.5,2,4510.87
Banashankari Stage VI,1177.5,2.0,59.935,2,5090.02
Banashankari Stage VI,4800.0,4.0,190.0,4,3958.33
Banashankari Stage VI,2800.0,4.0,89.0,4,3178.57
Banashankari Stage VI,2200.0,4.0,195.0,4,8863.64
Banashankari Stage VI,1160.0,2.0,59.0,2,5086.21
Banashankari Stage VI,1180.0,2.0,59.47,2,5039.83
Banashankari Stage VI,1423.0,2.0,71.73,3,5040.76
Banashankari Stage VI,1392.0,3.0,69.46,3,4989.94
Banashankari Stage VI,1410.5,2.0,70.385,3,4990.07
Banashankari Stage VI,4800.0,3.0,200.0,4,4166.67
Banaswadi,1184.0,2.0,53.0,2,4476.35
Banaswadi,1145.0,2.0,55.0,2,4803.49
Banaswadi,1250.0,2.0,60.0,2,4800.0
Banaswadi,1365.0,2.0,73.0,2,5347.99
Banaswadi,1903.0,6.0,140.0,5,7356.81
Banaswadi,1222.0,2.0,80.0,2,6546.64
Banaswadi,870.0,2.0,38.0,2,4367.82
Banaswadi,1200.0,2.0,60.0,2,5000.0
Banaswadi,1600.0,3.0,74.5,3,4656.25
Banaswadi,1340.0,2.0,73.0,2,5447.76
Banaswadi,1008.0,2.0,52.0,2,5158.73
Banaswadi,1105.0,2.0,57.0,2,5158.37
Banjara Layout,1200.0,2.0,70.0,2,5833.33
Banjara Layout,1050.0,2.0,64.8,2,6171.43
Banjara Layout,753.0,3.0,59.5,2,7901.73
Banjara Layout,2500.0,4.0,140.0,3,5600.0
Bank Of Baroda Colony,2400.0,5.0,350.0,4,14583.33
Bank Of Baroda Colony,1350.0,2.0,185.0,2,13703.7
Bank Of Baroda Colony,1080.0,2.0,55.0,2,5092.59
Bannerghatta,3012.0,6.0,250.0,4,8300.13
Bannerghatta,1665.0,3.0,110.0,3,6606.61
Bannerghatta,2370.0,4.0,195.0,3,8227.85
Bannerghatta,1100.0,2.0,66.0,2,6000.0
Bannerghatta,1113.0,2.0,70.0,2,6289.31
Bannerghatta,1200.0,2.0,73.2,2,6100.0
Bannerghatta,1070.0,2.0,87.0,2,8130.84
Bannerghatta,1776.0,3.0,124.0,3,6981.98
Bannerghatta,1776.0,3.0,150.0,3,8445.95
Bannerghatta Road,1050.0,2.0,65.0,2,6190.48
Bannerghatta Road,1170.0,2.0,66.0,3,5641.03
Bannerghatta Road,595.0,1.0,33.32,1,5600.0
Bannerghatta Road,1445.0,3.0,95.0,3,6574.39
Bannerghatta Road,1380.0,3.0,58.0,4,4202.9
Bannerghatta Road,1460.0,2.0,90.0,3,6164.38
Bannerghatta Road,1556.0,2.0,59.13,3,3800.13
Bannerghatta Road,1179.0,2.0,66.02,2,5599.66
Bannerghatta Road,1122.5,2.0,58.935,2,5250.33
Bannerghatta Road,793.0,2.0,45.0,2,5674.65
Bannerghatta Road,1400.0,2.0,78.0,2,5571.43
Bannerghatta Road,2700.0,5.0,158.0,5,5851.85
Bannerghatta Road,1215.0,2.0,50.0,2,4115.23
Bannerghatta Road,1654.0,3.0,100.0,3,6045.95
Bannerghatta Road,1181.0,2.0,55.0,2,4657.07
Bannerghatta Road,1460.0,2.0,72.0,3,4931.51
Bannerghatta Road,1200.0,2.0,75.0,2,6250.0
Bannerghatta Road,1760.0,3.0,67.0,3,3806.82
Bannerghatta Road,595.0,1.0,31.83,1,5349.58
Bannerghatta Road,1105.0,2.0,51.0,2,4615.38
Bannerghatta Road,1255.0,2.0,65.26,2,5200.0
Bannerghatta Road,1550.0,3.0,78.0,3,5032.26
Bannerghatta Road,1550.0,3.0,82.0,3,5290.32
Bannerghatta Road,1550.0,2.0,75.0,3,4838.71
Bannerghatta Road,912.0,2.0,55.0,2,6030.7
Bannerghatta Road,1218.0,2.0,73.0,2,5993.43
Bannerghatta Road,1115.0,2.0,65.12,2,5840.36
Bannerghatta Road,1893.0,3.0,100.0,3,5282.62
Bannerghatta Road,1600.0,3.0,95.0,3,5937.5
Bannerghatta Road,1275.0,2.0,65.0,2,5098.04
Bannerghatta Road,892.0,2.0,39.0,2,4372.2
Bannerghatta Road,1880.0,3.0,95.0,3,5053.19
Bannerghatta Road,1260.0,2.0,70.0,2,5555.56
Bannerghatta Road,1788.0,3.0,90.0,3,5033.56
Bannerghatta Road,1150.0,2.0,65.0,2,5652.17
Bannerghatta Road,10000.0,4.0,450.0,4,4500.0
Bannerghatta Road,9000.0,4.0,390.0,3,4333.33
Bannerghatta Road,950.0,2.0,38.0,2,4000.0
Bannerghatta Road,1220.0,2.0,80.0,2,6557.38
Bannerghatta Road,1130.0,2.0,78.0,2,6902.65
Bannerghatta Road,1486.0,3.0,83.22,3,5600.27
Bannerghatta Road,1460.0,2.0,75.0,3,5136.99
Bannerghatta Road,1015.0,2.0,48.0,2,4729.06
Bannerghatta Road,1115.0,2.0,61.0,2,5470.85
Bannerghatta Road,1136.0,2.0,48.0,2,4225.35
Bannerghatta Road,1200.0,2.0,69.0,3,5750.0
Bannerghatta Road,1465.0,2.0,76.0,3,5187.71
Bannerghatta Road,1302.5,2.0,67.73,2,5200.0
Bannerghatta Road,1200.0,2.0,65.0,2,5416.67
Bannerghatta Road,1240.0,2.0,65.0,2,5241.94
Bannerghatta Road,1100.0,2.0,52.0,3,4727.27
Bannerghatta Road,1532.5,3.0,84.29,3,5500.16
Bannerghatta Road,1268.0,2.0,69.0,2,5441.64
Bannerghatta Road,1450.0,2.0,87.0,3,6000.0
Bannerghatta Road,1625.0,2.0,75.0,3,4615.38
Bannerghatta Road,960.0,2.0,58.0,2,6041.67
Bannerghatta Road,1275.0,2.0,73.0,2,5725.49
Bannerghatta Road,1430.0,3.0,59.0,3,4125.87
Bannerghatta Road,1240.0,2.0,71.0,2,5725.81
Bannerghatta Road,1305.0,2.0,60.0,3,4597.7
Bannerghatta Road,1215.0,2.0,68.0,2,5596.71
Bannerghatta Road,1215.0,2.0,68.0,2,5596.71
Bannerghatta Road,1894.0,3.0,115.0,3,6071.81
Bannerghatta Road,1655.0,2.0,62.89,3,3800.0
Bannerghatta Road,1693.0,3.0,89.0,3,5256.94
Bannerghatta Road,1280.0,2.0,60.16,2,4700.0
Bannerghatta Road,3230.0,5.0,165.0,4,5108.36
Bannerghatta Road,630.0,1.0,35.0,1,5555.56
Bannerghatta Road,1215.0,2.0,68.0,2,5596.71
Bannerghatta Road,1365.0,3.0,76.18,3,5580.95
Bannerghatta Road,1115.0,2.0,78.0,2,6995.52
Bannerghatta Road,1532.5,3.0,79.465,3,5185.32
Bannerghatta Road,1535.0,3.0,60.0,3,3908.79
Bannerghatta Road,1655.0,3.0,90.0,3,5438.07
Bannerghatta Road,1247.0,2.0,47.39,2,3800.32
Bannerghatta Road,1237.5,2.0,49.49,2,3999.19
Bannerghatta Road,1650.0,3.0,94.0,3,5696.97
Bannerghatta Road,905.0,2.0,65.0,2,7182.32
Bannerghatta Road,1000.0,2.0,50.0,2,5000.0
Bannerghatta Road,2185.0,3.0,120.0,4,5491.99
Bannerghatta Road,1012.0,2.0,45.0,2,4446.64
Bannerghatta Road,1725.0,3.0,85.0,3,4927.54
Bannerghatta Road,1460.0,2.0,80.0,3,5479.45
Bannerghatta Road,1340.0,2.0,85.0,2,6343.28
Bannerghatta Road,1520.0,2.0,81.0,3,5328.95
Bannerghatta Road,2826.0,3.0,148.0,3,5237.08
Bannerghatta Road,1115.0,2.0,61.0,2,5470.85
Bannerghatta Road,1154.0,2.0,47.0,2,4072.79
Bannerghatta Road,1000.0,2.0,44.5,2,4450.0
Bannerghatta Road,1250.0,2.0,48.0,2,3840.0
Bannerghatta Road,1640.0,3.0,105.0,3,6402.44
Bannerghatta Road,1656.0,2.0,62.93,3,3800.12
Bannerghatta Road,1012.0,2.0,44.0,2,4347.83
Bannerghatta Road,1660.0,3.0,85.0,3,5120.48
Bannerghatta Road,1880.0,3.0,96.5,3,5132.98
Bannerghatta Road,1550.0,3.0,96.0,3,6193.55
Bannerghatta Road,1200.0,2.0,78.0,2,6500.0
Bannerghatta Road,1885.0,3.0,125.0,3,6631.3
Bannerghatta Road,1453.0,2.0,73.0,3,5024.09
Bannerghatta Road,1450.0,2.0,78.0,3,5379.31
Bannerghatta Road,700.0,1.0,31.2,1,4457.14
Bannerghatta Road,1630.0,3.0,68.0,3,4171.78
Bannerghatta Road,1400.0,3.0,69.0,3,4928.57
Bannerghatta Road,905.0,2.0,58.0,2,6408.84
Bannerghatta Road,1465.0,2.0,75.0,3,5119.45
Bannerghatta Road,1920.0,3.0,122.0,3,6354.17
Bannerghatta Road,1660.0,3.0,80.0,3,4819.28
Bannerghatta Road,1520.0,2.0,80.0,3,5263.16
Bannerghatta Road,1270.0,2.0,73.0,3,5748.03
Bannerghatta Road,1846.0,3.0,120.0,3,6500.54
Bannerghatta Road,3000.0,4.0,140.0,4,4666.67
Bannerghatta Road,1122.5,2.0,61.74,2,5500.22
Bannerghatta Road,1655.0,3.0,95.0,3,5740.18
Bannerghatta Road,1206.0,2.0,53.0,2,4394.69
Bannerghatta Road,1150.0,2.0,55.0,2,4782.61
Bannerghatta Road,1215.0,2.0,65.0,2,5349.79
Bannerghatta Road,1246.0,2.0,47.35,2,3800.16
Bannerghatta Road,1470.0,2.0,85.0,3,5782.31
Bannerghatta Road,1160.0,2.0,45.0,2,3879.31
Bannerghatta Road,970.0,2.0,57.0,2,5876.29
Basapura,1100.0,2.0,60.0,2,5454.55
Basapura,1045.0,2.0,42.0,2,4019.14
Basapura,1100.0,2.0,60.0,2,5454.55
Basapura,1301.0,2.0,55.0,2,4227.52
Basapura,1540.0,2.0,70.0,3,4545.45
Basapura,1440.0,3.0,72.0,3,5000.0
Basapura,1294.0,2.0,52.0,3,4018.55
Basapura,1100.0,2.0,60.0,2,5454.55
Basava Nagar,1405.0,2.0,70.0,2,4982.21
Basava Nagar,1182.0,2.0,60.1,3,5084.6
Basavanagara,2400.0,2.0,80.0,3,3333.33
Basavanagara,2000.0,3.0,25.0,4,1250.0
Basavanagara,1428.0,2.0,70.0,3,4901.96
Basavanapura,1220.0,2.0,68.0,2,5573.77
Basavanapura,1095.0,2.0,38.52,2,3517.81
Basavanapura,1165.0,2.0,65.0,2,5579.4
Basavangudi,1500.0,2.0,143.0,3,9533.33
Basavangudi,1850.0,3.0,168.0,3,9081.08
Basavangudi,1036.0,2.0,105.0,2,10135.14
Basavangudi,2600.0,4.0,260.0,4,10000.0
Basavangudi,1600.0,2.0,160.0,3,10000.0
Basavangudi,1560.0,2.0,145.0,2,9294.87
Basavangudi,1800.0,3.0,195.0,3,10833.33
Basavangudi,1100.0,2.0,93.0,2,8454.55
Basavangudi,1542.14,3.0,120.0,3,7781.39
Basavangudi,1050.0,2.0,103.0,2,9809.52
Basavangudi,1350.0,2.0,130.0,3,9629.63
Basavangudi,1485.0,3.0,140.0,3,9427.61
Basavangudi,1180.0,2.0,124.0,2,10508.47
Basavangudi,1600.0,3.0,130.0,3,8125.0
Basavangudi,1200.0,2.0,120.0,2,10000.0
Basavangudi,1850.0,3.0,150.0,3,8108.11
Basavangudi,2453.0,3.0,250.0,4,10191.6
Basavanna Nagar,1645.0,3.0,95.0,3,5775.08
Basavanna Nagar,1645.0,3.0,95.0,3,5775.08
Basaveshwara Nagar,4500.0,5.0,415.0,5,9222.22
Basaveshwara Nagar,1865.0,3.0,145.0,3,7774.8
Basaveshwara Nagar,1200.0,2.0,90.0,2,7500.0
Basaveshwara Nagar,2400.0,4.0,310.0,5,12916.67
Basaveshwara Nagar,1200.0,2.0,80.0,2,6666.67
Basaveshwara Nagar,900.0,2.0,60.0,2,6666.67
Basaveshwara Nagar,1900.0,3.0,150.0,3,7894.74
Basaveshwara Nagar,1200.0,2.0,85.0,2,7083.33
Basaveshwara Nagar,1200.0,2.0,70.0,2,5833.33
Basaveshwara Nagar Yelahanka,581.91,2.0,25.0,1,4296.2
Basaveshwara Nagar Yelahanka,1680.0,3.0,85.0,3,5059.52
Basaveshwara Nagar Yelahanka,3210.0,4.0,380.0,3,11838.01
Basaveshwara Nagar Yelahanka,1950.0,4.0,95.0,3,4871.79
Basaveshwara Nagar Yelahanka,1055.0,2.0,43.0,2,4075.83
Battarahalli,1200.0,2.0,65.0,2,5416.67
Battarahalli,1779.0,3.0,89.61,3,5037.1
Battarahalli,1300.0,2.0,50.0,2,3846.15
Battarahalli,1945.0,3.0,97.42,3,5008.74
Battarahalli,1777.0,3.0,100.0,3,5627.46
Battarahalli,1135.0,2.0,43.0,2,3788.55
Battarahalli,1276.0,2.0,45.0,2,3526.65
Battarahalli,1880.0,3.0,94.36,3,5019.15
Battarahalli,1071.0,2.0,62.0,2,5788.98
Battarahalli,1165.0,2.0,43.0,2,3690.99
Battarahalli,1636.0,2.0,82.89,2,5066.63
Battarahalli,1779.0,3.0,90.0,3,5059.02
Battarahalli,1516.0,3.0,65.0,3,4287.6
Battarahalli,1090.0,2.0,38.37,2,3520.18
Battarahalli,2082.0,3.0,104.0,3,4995.2
Battarahalli,2024.0,3.0,103.0,3,5088.93
Battarahalli,1097.0,2.0,49.0,2,4466.73
Begur,1664.0,4.0,65.0,4,3906.25
Begur,1419.0,2.0,59.0,3,4157.86
Begur,1580.0,3.0,75.0,3,4746.84
Begur,1559.0,3.0,63.0,3,4041.05
Begur,1445.0,2.0,47.1,3,3259.52
Begur,1475.0,2.0,74.0,3,5016.95
Begur,3500.0,4.0,185.0,3,5285.71
Begur,1100.0,2.0,55.0,2,5000.0
Begur,1306.0,2.0,65.0,2,4977.03
Begur,1304.0,3.0,65.0,3,4984.66
Begur,1411.0,2.0,60.0,3,4252.3
Begur,815.0,2.0,40.0,2,4907.98
Begur,1443.0,2.0,70.0,3,4851.0
Begur Road,1200.0,2.0,44.0,2,3666.67
Begur Road,1200.0,2.0,46.8,2,3900.0
Begur Road,1160.0,2.0,44.0,2,3793.1
Begur Road,1500.0,2.0,54.0,3,3600.0
Begur Road,1615.0,3.0,59.76,3,3700.31
Begur Road,1200.0,2.0,43.2,2,3600.0
Begur Road,1160.0,2.0,44.08,2,3800.0
Begur Road,1200.0,2.0,45.0,2,3750.0
Begur Road,1615.0,3.0,60.0,3,3715.17
Begur Road,1410.0,2.0,53.0,3,3758.87
Begur Road,1200.0,2.0,37.8,2,3150.0
Begur Road,1160.0,2.0,40.59,2,3499.14
Begur Road,1260.0,2.0,46.62,2,3700.0
Begur Road,1600.0,3.0,58.14,3,3633.75
Begur Road,1410.0,2.0,44.42,3,3150.35
Begur Road,1160.0,2.0,36.0,2,3103.45
Begur Road,1500.0,2.0,70.0,3,4666.67
Begur Road,1160.0,2.0,42.0,2,3620.69
Begur Road,1240.0,2.0,39.06,2,3150.0
Begur Road,1200.0,2.0,45.0,2,3750.0
Begur Road,1500.0,2.0,55.0,3,3666.67
Begur Road,1410.0,2.0,52.17,3,3700.0
Begur Road,1615.0,3.0,58.0,3,3591.33
Begur Road,1583.0,3.0,74.4,3,4699.94
Begur Road,1170.0,2.0,46.0,2,3931.62
Begur Road,1160.0,2.0,42.92,2,3700.0
Begur Road,1410.0,2.0,52.17,3,3700.0
Begur Road,1410.0,2.0,50.06,3,3550.35
Begur Road,1565.0,2.0,59.76,3,3818.53
Begur Road,1160.0,2.0,42.0,2,3620.69
Begur Road,1400.0,2.0,50.06,3,3575.71
Begur Road,1410.0,2.0,53.58,3,3800.0
Begur Road,1200.0,2.0,45.0,2,3750.0
Begur Road,1200.0,2.0,42.6,2,3550.0
Begur Road,1160.0,2.0,42.0,2,3620.69
Begur Road,1334.0,2.0,42.69,2,3200.15
Begur Road,1565.0,2.0,57.91,3,3700.32
Begur Road,1200.0,2.0,45.6,2,3800.0
Begur Road,1215.0,2.0,43.13,2,3549.79
Begur Road,1160.0,2.0,36.54,2,3150.0
Begur Road,1615.0,3.0,50.87,3,3149.85
Begur Road,1200.0,2.0,44.4,2,3700.0
Begur Road,1565.0,2.0,49.3,3,3150.16
Begur Road,1260.0,2.0,39.69,2,3150.0
Begur Road,2464.5,6.0,118.0,4,4787.99
Begur Road,1160.0,2.0,44.0,2,3793.1
Begur Road,1410.0,2.0,49.34,3,3499.29
Begur Road,952.0,2.0,42.0,2,4411.76
Begur Road,1565.0,2.0,56.34,3,3600.0
Begur Road,1565.0,2.0,56.0,3,3578.27
Begur Road,1200.0,2.0,42.0,2,3500.0
Begur Road,1240.0,2.0,45.88,2,3700.0
Begur Road,1200.0,3.0,50.0,3,4166.67
Begur Road,1410.0,2.0,44.42,3,3150.35
Begur Road,1200.0,2.0,44.0,2,3666.67
Begur Road,1500.0,2.0,47.25,3,3150.0
Begur Road,1100.0,2.0,42.6,2,3872.73
Begur Road,1565.0,2.0,57.91,3,3700.32
Begur Road,1200.0,2.0,44.4,2,3700.0
Begur Road,1160.0,2.0,36.54,2,3150.0
Begur Road,1215.0,2.0,43.75,2,3600.82
Begur Road,1200.0,2.0,44.73,2,3727.5
Begur Road,1160.0,2.0,42.0,2,3620.69
Begur Road,1410.0,2.0,54.99,3,3900.0
Belathur,1254.0,2.0,53.0,2,4226.48
Belathur,1050.0,2.0,38.0,2,3619.05
Belatur,1260.0,2.0,58.0,2,4603.17
Belatur,1275.0,2.0,59.0,2,4627.45
Bellandur,1767.0,3.0,103.0,3,5829.09
Bellandur,1205.0,2.0,66.0,2,5477.18
Bellandur,1250.0,2.0,76.0,2,6080.0
Bellandur,1000.0,2.0,50.0,2,5000.0
Bellandur,1281.0,2.0,74.0,2,5776.74
Bellandur,921.0,2.0,40.0,2,4343.11
Bellandur,2025.0,4.0,109.0,4,5382.72
Bellandur,1490.0,2.0,98.0,3,6577.18
Bellandur,1398.0,3.0,68.0,3,4864.09
Bellandur,1605.0,3.0,85.0,3,5295.95
Bellandur,1692.0,3.0,88.0,3,5200.95
Bellandur,1220.0,2.0,60.0,2,4918.03
Bellandur,1299.0,2.0,82.0,2,6312.55
Bellandur,900.0,2.0,56.0,2,6222.22
Bellandur,1350.0,2.0,79.0,2,5851.85
Bellandur,1286.0,2.0,57.0,2,4432.35
Bellandur,1457.0,2.0,85.0,2,5833.91
Bellandur,1195.0,2.0,51.0,2,4267.78
Bellandur,1050.0,2.0,72.0,2,6857.14
Bellandur,1310.0,2.0,72.0,2,5496.18
Bellandur,1785.0,3.0,118.0,3,6610.64
Bellandur,1051.0,2.0,60.0,2,5708.85
Bellandur,1450.0,3.0,68.0,3,4689.66
Bellandur,1060.0,2.0,65.0,2,6132.08
Bellandur,1100.0,2.0,62.0,2,5636.36
Bellandur,1685.0,3.0,100.0,3,5934.72
Bellandur,982.0,2.0,55.0,2,5600.81
Bellandur,1205.0,2.0,59.0,2,4896.27
Bellandur,1063.0,2.0,58.0,2,5456.26
Bellandur,1201.0,2.0,59.99,2,4995.0
Bellandur,1325.0,2.0,65.0,2,4905.66
Bellandur,1281.0,2.0,87.0,2,6791.57
Bellandur,2000.0,3.0,85.0,3,4250.0
Bellandur,1200.0,2.0,52.0,2,4333.33
Bellandur,1785.0,3.0,120.0,3,6722.69
Bellandur,1088.0,2.0,48.0,2,4411.76
Bellandur,1310.0,2.0,85.0,2,6488.55
Bellandur,1465.0,3.0,90.0,2,6143.34
Bellandur,1767.0,3.0,109.0,3,6168.65
Bellandur,1170.0,2.0,46.79,2,3999.15
Bellandur,1150.0,2.0,69.44,2,6038.26
Bellandur,1410.0,3.0,92.0,2,6524.82
Bellandur,1015.0,2.0,60.0,2,5911.33
Bellandur,2500.0,4.0,112.0,3,4480.0
Bellandur,1685.0,3.0,101.0,3,5994.07
Bellandur,1735.0,3.0,105.0,3,6051.87
Bellandur,1685.0,3.0,115.0,3,6824.93
Bellandur,1049.0,2.0,51.0,2,4861.77
Bellandur,1350.0,2.0,63.0,3,4666.67
Bellandur,1211.0,2.0,63.0,2,5202.31
Bellandur,1717.0,3.0,110.0,3,6406.52
Bellandur,1420.0,3.0,62.0,3,4366.2
Bellandur,1185.0,2.0,47.39,2,3999.16
Bellandur,1200.0,2.0,62.0,2,5166.67
Bellandur,1767.0,3.0,89.0,3,5036.79
Bellandur,1830.0,3.0,89.0,3,4863.39
Bellandur,2400.0,3.0,115.0,3,4791.67
Bellandur,960.0,2.0,48.0,2,5000.0
Bellandur,1690.0,2.0,116.0,3,6863.91
Bellandur,950.0,1.0,40.0,1,4210.53
Bellandur,850.0,2.0,45.0,2,5294.12
Bellandur,1454.0,2.0,90.0,2,6189.82
Bellandur,1830.0,3.0,91.86,3,5019.67
Bellandur,1195.0,2.0,52.0,2,4351.46
Bellandur,1830.0,3.0,89.89,3,4912.02
Bellandur,1260.0,2.0,83.5,2,6626.98
Bellandur,1047.0,2.0,75.0,2,7163.32
Bellari Road,900.0,2.0,45.0,2,5000.0
Bellari Road,1220.0,2.0,48.79,2,3999.18
Bellari Road,1025.0,2.0,42.5,2,4146.34
Bellari Road,1050.0,2.0,43.5,2,4142.86
Bendiganahalli,1200.0,3.0,95.0,3,7916.67
Benson Town,2850.0,4.0,470.0,3,16491.23
Benson Town,1300.0,2.0,120.0,2,9230.77
Benson Town,1567.0,3.0,140.0,2,8934.27
Benson Town,3633.0,6.0,550.0,4,15139.0
Benson Town,3569.0,4.0,600.0,4,16811.43
Benson Town,1688.12,2.0,270.0,2,15994.12
Benson Town,1805.0,3.0,280.0,3,15512.47
Benson Town,1688.0,2.0,280.0,2,16587.68
Bethel Nagar,960.0,2.0,33.0,2,3437.5
Bethel Nagar,560.0,1.0,19.0,1,3392.86
Bettahalsoor,4046.0,4.0,445.0,4,10998.52
Bettahalsoor,1200.0,3.0,85.0,3,7083.33
Bhagyalakshmi Avenue,540.0,1.0,22.5,1,4166.67
Bharathi Nagar,1322.0,2.0,68.0,2,5143.72
Bharathi Nagar,1351.0,2.0,70.0,2,5181.35
Bharathi Nagar,1384.0,2.0,59.0,2,4263.01
Bharathi Nagar,1351.0,2.0,74.0,2,5477.42
Bharathi Nagar,1432.0,2.0,68.0,2,4748.6
Bharathi Nagar,1664.0,3.0,69.89,3,4200.12
Bharathi Nagar,1349.0,2.0,56.7,2,4203.11
Bharathi Nagar,1328.0,2.0,69.0,2,5195.78
Bharathi Nagar,1300.0,2.0,55.86,2,4296.92
Bhoganhalli,1670.0,3.0,99.0,3,5928.14
Bhoganhalli,2119.0,4.0,111.0,4,5238.32
Bhoganhalli,1718.0,3.0,90.2,3,5250.29
Bhoganhalli,1444.0,2.0,75.97,2,5261.08
Bhoganhalli,1447.0,2.0,75.97,2,5250.17
Bhoganhalli,1700.0,3.0,126.0,3,7411.76
Bhoganhalli,1447.0,2.0,75.97,2,5250.17
Bhoganhalli,1610.0,3.0,84.53,3,5250.31
Bhoganhalli,1974.0,4.0,106.0,4,5369.81
Bhoganhalli,2171.0,4.0,111.0,4,5112.85
Bhoganhalli,1760.0,3.0,127.0,3,7215.91
Bhoganhalli,2119.0,4.0,111.0,4,5238.32
Bhoganhalli,1447.0,2.0,75.97,2,5250.17
Bhoganhalli,1949.0,3.0,129.0,3,6618.78
Bhoganhalli,1760.0,3.0,128.0,3,7272.73
Bhoganhalli,1447.0,2.0,75.97,2,5250.17
Bhoganhalli,2439.0,4.0,185.0,4,7585.08
Bhoganhalli,1395.0,2.0,70.0,3,5017.92
Bhoganhalli,2119.0,4.0,111.0,4,5238.32
Bhoganhalli,1458.0,3.0,78.45,3,5380.66
Bhoganhalli,1444.0,2.0,75.97,2,5261.08
Bhoganhalli,1205.0,2.0,64.47,2,5350.21
Bhoganhalli,1447.0,2.0,75.97,2,5250.17
Bhoganhalli,2439.0,5.0,170.0,4,6970.07
Bhoganhalli,2119.0,4.0,111.0,4,5238.32
Bhoganhalli,1205.0,2.0,68.32,2,5669.71
Bhoganhalli,1260.0,2.0,69.9,2,5547.62
Bhoganhalli,2439.0,4.0,170.0,4,6970.07
Bhoganhalli,1707.0,3.0,115.0,3,6736.97
Bhoganhalli,1610.0,3.0,84.53,3,5250.31
Bhoganhalli,970.0,2.0,52.5,2,5412.37
Bhoganhalli,1718.0,3.0,90.2,3,5250.29
Bhoganhalli,1277.0,2.0,79.89,2,6256.07
Bhoganhalli,2119.0,4.0,111.0,4,5238.32
Bhoganhalli,1703.0,3.0,120.0,3,7046.39
Bhoopsandra,2050.0,3.0,135.0,3,6585.37
Bhoopsandra,2150.0,3.0,170.0,3,7906.98
Bhuvaneshwari Nagar,1100.0,2.0,57.0,2,5181.82
Bhuvaneshwari Nagar,900.0,2.0,45.0,2,5000.0
Bhuvaneshwari Nagar,1280.0,2.0,68.48,2,5350.0
Bhuvaneswari Nagar,2400.0,3.0,185.0,4,7708.33
Bidadi,1600.0,2.0,110.0,2,6875.0
Bidadi,3600.0,4.0,225.0,4,6250.0
Bidrahalli,600.0,1.0,35.0,1,5833.33
Bikasipura,4200.0,4.0,255.0,4,6071.43
Bikasipura,1450.0,3.0,68.0,3,4689.66
Bikasipura,1654.0,3.0,82.0,3,4957.68
Bileshivale,6000.0,5.0,400.0,4,6666.67
Bileshivale,2400.0,7.0,110.0,6,4583.33
Billekahalli,1935.0,3.0,110.0,3,5684.75
Billekahalli,1125.0,2.0,62.0,2,5511.11
Billekahalli,1650.0,3.0,88.0,3,5333.33
Billekahalli,1090.0,2.0,52.0,2,4770.64
Billekahalli,1112.0,2.0,62.0,2,5575.54
Billekahalli,2400.0,3.0,150.0,3,6250.0
Billekahalli,950.0,2.0,58.11,2,6116.84
Billekahalli,1125.0,2.0,65.0,2,5777.78
Billekahalli,950.0,2.0,56.0,2,5894.74
Billekahalli,1290.0,3.0,62.0,3,4806.2
Billekahalli,1805.0,3.0,134.0,3,7423.82
Binny Pete,1755.0,3.0,122.0,3,6951.57
Binny Pete,665.0,1.0,50.75,1,7631.58
Binny Pete,2465.0,5.0,234.0,3,9492.9
Binny Pete,660.0,1.0,54.0,1,8181.82
Binny Pete,660.0,1.0,62.0,1,9393.94
Binny Pete,1365.0,2.0,122.0,2,8937.73
Binny Pete,2940.0,6.0,280.0,4,9523.81
Binny Pete,1795.0,3.0,139.0,3,7743.73
Binny Pete,1740.0,3.0,150.0,3,8620.69
Binny Pete,1970.0,3.0,164.0,3,8324.87
Binny Pete,1516.0,3.0,147.0,3,9696.57
Bisuvanahalli,1180.0,3.0,48.0,3,4067.8
Bisuvanahalli,1075.0,2.0,35.0,3,3255.81
Bisuvanahalli,1075.0,2.0,46.0,3,4279.07
Bisuvanahalli,1075.0,2.0,36.0,3,3348.84
Bisuvanahalli,1075.0,2.0,37.0,3,3441.86
Bisuvanahalli,1075.0,2.0,45.0,3,4186.05
Bisuvanahalli,1075.0,3.0,36.0,3,3348.84
Bisuvanahalli,845.0,2.0,33.0,2,3905.33
Bisuvanahalli,1075.0,2.0,45.0,3,4186.05
Bisuvanahalli,845.0,2.0,37.0,2,4378.7
Bisuvanahalli,1075.0,2.0,35.99,3,3347.91
Bisuvanahalli,1075.0,2.0,36.0,3,3348.84
Bisuvanahalli,845.0,2.0,29.0,2,3431.95
Bisuvanahalli,1075.0,2.0,47.0,3,4372.09
Bisuvanahalli,850.0,1.0,32.0,2,3764.71
Bisuvanahalli,1075.0,2.0,50.0,3,4651.16
Bisuvanahalli,1075.0,2.0,52.0,3,4837.21
Bisuvanahalli,1180.0,2.0,46.0,3,3898.31
Bisuvanahalli,1075.0,2.0,42.0,3,3906.98
Bisuvanahalli,845.0,2.0,37.0,2,4378.7
Bisuvanahalli,1075.0,2.0,43.0,3,4000.0
Bisuvanahalli,700.0,1.0,32.0,2,4571.43
Bisuvanahalli,1075.0,2.0,52.0,3,4837.21
Bisuvanahalli,1075.0,2.0,50.0,3,4651.16
Bisuvanahalli,1075.0,2.0,41.0,3,3813.95
Bisuvanahalli,845.0,2.0,33.0,2,3905.33
Bisuvanahalli,945.0,2.0,33.0,2,3492.06
Bisuvanahalli,845.0,2.0,30.0,2,3550.3
Bisuvanahalli,1200.0,2.0,41.0,3,3416.67
Bisuvanahalli,1180.0,2.0,45.0,3,3813.56
Bisuvanahalli,1075.0,2.0,43.0,3,4000.0
Bisuvanahalli,1080.0,2.0,45.0,3,4166.67
Bisuvanahalli,1180.0,2.0,55.5,3,4703.39
Bisuvanahalli,1075.0,2.0,47.0,3,4372.09
Bisuvanahalli,1075.0,2.0,48.0,3,4465.12
Bisuvanahalli,1075.0,2.0,37.0,3,3441.86
Bisuvanahalli,1075.0,2.0,45.0,3,4186.05
Bisuvanahalli,1075.0,2.0,44.0,3,4093.02
Bisuvanahalli,850.0,2.0,27.0,2,3176.47
Bisuvanahalli,1075.0,2.0,42.0,3,3906.98
Bisuvanahalli,845.0,2.0,32.0,2,3786.98
Bisuvanahalli,1075.0,2.0,41.49,3,3859.53
Bisuvanahalli,845.0,2.0,34.0,2,4023.67
Bommanahalli,3000.0,8.0,140.0,8,4666.67
Bommanahalli,520.0,1.0,19.5,1,3750.0
Bommanahalli,515.0,1.0,25.0,1,4854.37
Bommanahalli,1090.0,3.0,44.0,2,4036.7
Bommanahalli,1375.0,3.0,59.0,3,4290.91
Bommanahalli,1250.0,3.0,55.0,3,4400.0
Bommanahalli,1850.0,3.0,90.0,3,4864.86
Bommanahalli,910.0,2.0,45.0,2,4945.05
Bommanahalli,1050.0,2.0,46.0,2,4380.95
Bommanahalli,1100.0,1.0,55.0,2,5000.0
Bommanahalli,1300.0,3.0,45.0,3,3461.54
Bommanahalli,2100.0,4.0,85.0,4,4047.62
Bommanahalli,1307.0,2.0,50.0,2,3825.55
Bommanahalli,1091.0,2.0,40.0,2,3666.36
Bommanahalli,1160.0,2.0,53.0,2,4568.97
Bommanahalli,1050.0,2.0,54.0,2,5142.86
Bommasandra,1260.0,3.0,49.36,3,3917.46
Bommasandra,1200.0,3.0,46.0,3,3833.33
Bommasandra,1035.0,2.0,41.0,2,3961.35
Bommasandra,1035.0,2.0,41.73,2,4031.88
Bommasandra,1034.0,2.0,40.0,2,3868.47
Bommasandra,877.0,2.0,30.0,2,3420.75
Bommasandra,920.0,2.0,37.46,2,4071.74
Bommasandra,1035.0,2.0,41.43,2,4002.9
Bommasandra,1295.0,2.0,50.28,3,3882.63
Bommasandra,1015.0,2.0,40.0,2,3940.89
Bommasandra,1000.0,2.0,35.0,2,3500.0
Bommasandra,955.0,2.0,35.28,2,3694.24
Bommasandra,1005.0,2.0,39.77,2,3957.21
Bommasandra,1014.0,2.0,35.0,2,3451.68
Bommasandra,1020.0,2.0,40.89,2,4008.82
Bommasandra,920.0,2.0,37.2,2,4043.48
Bommasandra,800.0,1.0,32.0,2,4000.0
Bommasandra,1280.0,3.0,50.0,3,3906.25
Bommasandra,1127.0,2.0,45.0,2,3992.9
Bommasandra,1400.0,2.0,45.0,3,3214.29
Bommasandra,877.0,2.0,29.0,2,3306.73
Bommasandra,1365.0,3.0,52.81,3,3868.86
Bommasandra,842.0,2.0,30.0,2,3562.95
Bommasandra,1260.0,3.0,49.36,3,3917.46
Bommasandra,1365.0,3.0,52.82,3,3869.6
Bommasandra,955.0,2.0,37.97,2,3975.92
Bommasandra,1089.0,2.0,40.0,2,3673.09
Bommasandra,1365.0,3.0,53.96,3,3953.11
Bommasandra Industrial Area,1090.0,2.0,31.48,2,2888.07
Bommasandra Industrial Area,1320.0,2.0,38.12,3,2887.88
Bommasandra Industrial Area,1400.0,2.0,40.44,3,2888.57
Bommasandra Industrial Area,1320.0,2.0,38.13,3,2888.64
Bommasandra Industrial Area,1220.0,2.0,35.23,3,2887.7
Bommasandra Industrial Area,1020.0,2.0,29.45,2,2887.25
Bommasandra Industrial Area,1165.0,2.0,33.64,2,2887.55
Bommasandra Industrial Area,1090.0,2.0,31.48,2,2888.07
Bommasandra Industrial Area,1310.0,2.0,37.83,3,2887.79
Bommasandra Industrial Area,1000.0,2.0,28.88,2,2888.0
Bommasandra Industrial Area,1020.0,2.0,29.45,2,2887.25
Bommasandra Industrial Area,1160.0,2.0,33.51,2,2888.79
Bommasandra Industrial Area,1125.0,2.0,32.49,2,2888.0
Bommasandra Industrial Area,1220.0,2.0,35.2,3,2885.25
Bommasandra Industrial Area,1491.0,3.0,40.5,3,2716.3
Bommasandra Industrial Area,1125.0,2.0,32.49,2,2888.0
Bommasandra Industrial Area,1130.0,2.0,32.64,2,2888.5
Bommasandra Industrial Area,1065.0,2.0,30.75,2,2887.32
Bommenahalli,1200.0,3.0,125.0,3,10416.67
Bommenahalli,1632.0,3.0,145.0,4,8884.8
Bommenahalli,1670.0,3.0,135.0,4,8083.83
Bommenahalli,1680.0,3.0,135.0,4,8035.71
Bommenahalli,1632.0,3.0,128.0,4,7843.14
Bommenahalli,3339.0,3.0,250.0,3,7487.27
Bommenahalli,1355.0,3.0,135.0,4,9963.1
Bommenahalli,1232.0,3.0,96.0,3,7792.21
Bommenahalli,1632.0,3.0,140.0,4,8578.43
Brindavan Layout,2200.0,2.0,150.0,4,6818.18
Brindavan Nagar,1520.0,3.0,111.0,3,7302.63
Brindavan Nagar,1280.0,2.0,90.0,2,7031.25
Brooke Bond First Cross,1275.0,2.0,69.0,2,5411.76
Brooke Bond First Cross,1721.0,3.0,93.0,3,5403.83
Brooke Bond First Cross,1720.0,3.0,95.0,3,5523.26
Brookefield,1150.0,2.0,69.0,2,6000.0
Brookefield,1142.0,2.0,70.0,2,6129.6
Brookefield,1440.0,2.0,68.0,3,4722.22
Brookefield,1595.0,3.0,88.0,3,5517.24
Brookefield,2800.0,4.0,240.0,4,8571.43
Brookefield,1476.0,3.0,105.0,3,7113.82
Brookefield,1700.0,4.0,152.0,4,8941.18
Brookefield,1262.0,2.0,75.0,2,5942.95
Brookefield,1139.0,2.0,80.0,2,7023.71
Brookefield,1125.0,2.0,70.0,2,6222.22
Brookefield,1420.0,3.0,85.0,3,5985.92
Brookefield,3532.0,3.0,170.0,4,4813.14
Brookefield,941.0,2.0,48.0,2,5100.96
Brookefield,1595.0,2.0,75.0,3,4702.19
Brookefield,1410.0,2.0,80.0,3,5673.76
Brookefield,1100.0,2.0,55.0,2,5000.0
Brookefield,2400.0,3.0,140.0,4,5833.33
Brookefield,1225.0,2.0,66.5,2,5428.57
Brookefield,1950.0,6.0,175.0,5,8974.36
Brookefield,1080.0,2.0,50.0,2,4629.63
Brookefield,1230.0,2.0,55.0,2,4471.54
Brookefield,1200.0,2.0,75.0,2,6250.0
Brookefield,1089.0,2.0,49.0,2,4499.54
Brookefield,1130.0,2.0,56.0,2,4955.75
Brookefield,1270.0,2.0,95.0,2,7480.31
Brookefield,1706.0,3.0,115.0,3,6740.91
Brookefield,1389.0,2.0,94.0,2,6767.46
Brookefield,1750.0,2.0,75.0,3,4285.71
Brookefield,1225.0,2.0,72.0,2,5877.55
Brookefield,3675.0,4.0,176.0,4,4789.12
Brookefield,1746.0,3.0,115.0,3,6586.48
Brookefield,1518.0,3.0,80.0,3,5270.09
Brookefield,1560.0,3.0,149.0,4,9551.28
Brookefield,1589.0,3.0,74.0,3,4657.02
Brookefield,1382.0,2.0,84.5,2,6114.33
Brookefield,1260.0,2.0,70.0,2,5555.56
Brookefield,1594.0,3.0,140.0,3,8782.94
Budigere,1153.0,2.0,56.4,2,4891.59
Budigere,1162.0,2.0,59.9,2,5154.91
Budigere,1991.0,4.0,103.0,3,5173.28
Budigere,1153.0,2.0,57.0,2,4943.63
Budigere,1162.0,2.0,57.0,2,4905.34
Budigere,1139.0,2.0,62.0,2,5443.37
Budigere,1139.0,2.0,56.8,2,4986.83
Budigere,1139.0,2.0,56.85,2,4991.22
Budigere,1920.0,2.0,88.0,3,4583.33
Budigere,1991.0,4.0,100.0,3,5022.6
Budigere,664.0,1.0,35.0,1,5271.08
Budigere,1820.0,3.0,93.0,3,5109.89
Budigere,1636.0,3.0,85.0,3,5195.6
Budigere,1444.0,2.0,70.0,2,4847.65
Budigere,1991.0,4.0,88.0,3,4419.89
Budigere,1139.0,2.0,60.0,2,5267.78
Budigere,1820.0,3.0,85.5,3,4697.8
Budigere,1820.0,3.0,93.0,3,5109.89
Budigere,1820.0,3.0,85.4,3,4692.31
Budigere,1162.0,2.0,58.0,2,4991.39
Budigere,1636.0,3.0,85.0,3,5195.6
Budigere,1636.0,3.0,92.0,3,5623.47
Budigere,1087.0,2.0,54.3,2,4995.4
Budigere,1820.0,3.0,89.0,3,4890.11
Budigere,1149.0,2.0,65.0,2,5657.09
Budigere,664.0,1.0,35.4,1,5331.33
Budigere,1153.0,2.0,56.7,2,4917.61
Budigere,1820.0,3.0,85.0,3,4670.33
Budigere,1139.0,2.0,56.5,2,4960.49
Budigere,1636.0,3.0,83.0,3,5073.35
Budigere,664.0,1.0,34.0,1,5120.48
Budigere,1820.0,3.0,85.2,3,4681.32
Budigere,1162.0,2.0,58.0,2,4991.39
Budigere,1153.0,2.0,60.0,2,5203.82
Budigere,1820.0,3.0,99.0,3,5439.56
Budigere,1172.0,2.0,56.725,2,4840.02
Budigere,1590.0,3.0,76.16,3,4789.94
Budigere,1820.0,3.0,85.0,3,4670.33
Budigere,1820.0,3.0,95.0,3,5219.78
Budigere,1991.0,4.0,100.0,3,5022.6
Budigere,1820.0,3.0,95.5,3,5247.25
Budigere,1153.0,2.0,56.0,2,4856.9
Budigere,705.0,1.0,34.545,1,4900.0
Budigere,1153.0,2.0,56.5,2,4900.26
Budigere,1153.0,2.0,58.0,2,5030.36
Budigere,1636.0,3.0,88.0,3,5378.97
Budigere,1153.0,2.0,56.55,2,4904.6
Budigere,1153.0,2.0,56.5,2,4900.26
Budigere,1153.0,2.0,60.0,2,5203.82
Byadarahalli,3155.0,4.0,370.0,3,11727.42
Byadarahalli,3500.0,3.0,425.0,4,12142.86
Byagadadhenahalli,620.0,2.0,22.0,2,3548.39
Byagadadhenahalli,620.0,2.0,23.0,2,3709.68
Byagadadhenahalli,620.0,2.0,23.0,2,3709.68
Byatarayanapura,1413.0,2.0,75.0,3,5307.86
Byatarayanapura,1325.0,2.0,90.0,3,6792.45
Byatarayanapura,540.0,1.0,36.0,1,6666.67
Byatarayanapura,650.0,1.0,50.0,1,7692.31
Byatarayanapura,1300.0,2.0,63.0,2,4846.15
Byrasandra,1455.0,2.0,56.0,3,3848.8
Byrasandra,1140.0,2.0,60.0,2,5263.16
Byrasandra,1100.0,2.0,55.0,2,5000.0
Byrasandra,1250.0,2.0,65.0,2,5200.0
Byrathi Village,1600.0,4.0,120.0,3,7500.0
CQAL Layout,1200.0,2.0,75.0,3,6250.0
CV Raman Nagar,1550.0,3.0,65.0,3,4193.55
CV Raman Nagar,1120.0,2.0,55.0,2,4910.71
CV Raman Nagar,1070.0,2.0,55.0,2,5140.19
CV Raman Nagar,740.0,2.0,37.0,2,5000.0
CV Raman Nagar,1028.0,2.0,49.0,2,4766.54
CV Raman Nagar,1392.0,2.0,98.0,2,7040.23
CV Raman Nagar,1070.0,2.0,47.5,2,4439.25
CV Raman Nagar,1825.0,3.0,126.0,3,6904.11
CV Raman Nagar,1025.0,2.0,50.0,2,4878.05
CV Raman Nagar,1525.0,2.0,67.0,3,4393.44
CV Raman Nagar,1198.0,2.0,60.0,2,5008.35
CV Raman Nagar,1560.0,2.0,85.0,2,5448.72
CV Raman Nagar,1590.0,2.0,85.0,3,5345.91
CV Raman Nagar,1100.0,2.0,58.0,2,5272.73
CV Raman Nagar,1051.0,2.0,61.0,2,5804.0
CV Raman Nagar,1435.0,2.0,60.0,3,4181.18
CV Raman Nagar,1020.0,2.0,55.0,2,5392.16
CV Raman Nagar,1285.0,2.0,65.0,2,5058.37
CV Raman Nagar,1040.0,2.0,50.0,2,4807.69
CV Raman Nagar,1392.0,2.0,95.0,2,6824.71
CV Raman Nagar,705.0,2.0,50.0,1,7092.2
CV Raman Nagar,1125.0,2.0,46.0,2,4088.89
CV Raman Nagar,1400.0,2.0,78.0,3,5571.43
CV Raman Nagar,1400.0,2.0,78.0,3,5571.43
CV Raman Nagar,907.0,2.0,38.0,2,4189.64
CV Raman Nagar,1480.0,3.0,65.0,3,4391.89
CV Raman Nagar,1310.0,2.0,62.0,2,4732.82
Cambridge Layout,2400.0,3.0,260.0,3,10833.33
Cambridge Layout,1600.0,3.0,165.0,4,10312.5
Cambridge Layout,1950.0,3.0,230.0,3,11794.87
Cambridge Layout,1756.0,3.0,307.0,3,17482.92
Cambridge Layout,1669.0,3.0,298.0,3,17855.0
Cambridge Layout,2098.0,3.0,210.0,3,10009.53
Canara Bank Colony,1000.0,2.0,45.0,2,4500.0
Canara Bank Colony,900.0,2.0,35.0,2,3888.89
Canara Bank Colony,1600.0,2.0,90.0,3,5625.0
Canara Bank Layout,1600.0,3.0,90.0,3,5625.0
Canara Bank Layout,1450.0,3.0,65.0,3,4482.76
Carmelaram,1732.5,3.0,91.855,3,5301.88
Carmelaram,1770.0,3.0,99.0,3,5593.22
Celebrity Paradise Layout,532.0,1.0,22.49,1,4227.44
Challaghatta,1639.0,3.0,123.0,3,7504.58
Chamrajpet,1475.0,2.0,120.0,3,8135.59
Chamrajpet,1900.0,2.0,170.0,4,8947.37
Chamrajpet,1350.0,2.0,180.0,2,13333.33
Chamrajpet,1050.0,2.0,162.0,2,15428.57
Chamrajpet,1660.4,4.0,211.0,4,12707.78
Chamrajpet,505.0,1.0,85.0,1,16831.68
Chamrajpet,1565.0,3.0,98.91,3,6320.13
Chamrajpet,730.0,1.0,52.0,2,7123.29
Chamrajpet,650.0,1.0,40.0,2,6153.85
Chamrajpet,650.0,2.0,45.0,2,6923.08
Chamrajpet,1650.0,3.0,115.0,3,6969.7
Chamundi Nagar,2800.0,7.0,250.0,7,8928.57
Chamundi Nagar,1750.0,3.0,120.0,3,6857.14
Chandapura,650.0,1.0,17.0,2,2615.38
Chandapura,645.0,1.0,16.45,1,2550.39
Chandapura,645.0,1.0,16.45,1,2550.39
Chandapura,800.0,1.0,20.0,2,2500.0
Chandapura,1015.0,2.0,25.88,2,2549.75
Chandapura,530.0,1.0,11.66,1,2200.0
Chandapura,1208.0,3.0,45.0,3,3725.17
Chandapura,1190.0,2.0,30.35,3,2550.42
Chandapura,1200.0,2.0,32.0,2,2666.67
Chandapura,1025.0,2.0,27.68,2,2700.49
Chandapura,582.5,1.0,15.135,1,2598.28
Chandapura,1015.0,2.0,25.88,2,2549.75
Chandapura,1305.0,3.0,33.28,3,2550.19
Chandapura,1065.0,2.0,33.0,3,3098.59
Chandapura,850.0,1.0,18.5,2,2176.47
Chandapura,1201.0,2.0,27.0,2,2248.13
Chandapura,850.0,2.0,25.4,2,2988.24
Chandapura,590.0,1.0,13.57,1,2300.0
Chandapura,645.0,1.0,16.45,1,2550.39
Chandapura,630.0,1.0,13.86,1,2200.0
Chandapura,1185.0,2.0,30.22,3,2550.21
Chandapura,1015.0,2.0,25.88,2,2549.75
Chandapura,1107.0,2.0,43.0,3,3884.37
Chandapura,520.0,1.0,14.04,1,2700.0
Chandapura,1200.0,1.0,36.0,2,3000.0
Chandapura,975.0,2.0,24.86,2,2549.74
Chandapura,645.0,1.0,16.45,1,2550.39
Chandapura,985.0,2.0,25.12,2,2550.25
Chandapura,645.0,1.0,16.45,1,2550.39
Chandapura,975.0,2.0,24.86,2,2549.74
Chandapura,700.0,1.0,19.0,2,2714.29
Chandapura,1190.0,2.0,30.35,3,2550.42
Chandapura,1095.0,2.0,32.0,3,2922.37
Chandapura,1208.51,3.0,42.0,3,3475.35
Chandapura,876.0,2.0,29.5,2,3367.58
Chandapura,645.0,1.0,16.45,1,2550.39
Chandapura,1505.0,2.0,42.0,3,2790.7
Chandapura,645.0,1.0,16.45,1,2550.39
Chandapura,937.0,2.0,30.0,2,3201.71
Chandapura,1025.0,2.0,27.68,2,2700.49
Chandapura,975.0,2.0,24.86,2,2549.74
Chandapura,800.0,2.0,25.0,2,3125.0
Chandapura,645.0,1.0,16.45,1,2550.39
Chandapura,778.0,2.0,25.29,2,3250.64
Chandapura,1230.0,2.0,31.37,3,2550.41
Chandapura,950.0,2.0,25.65,2,2700.0
Chandapura,1200.0,2.0,36.0,2,3000.0
Chandapura,645.0,1.0,16.45,1,2550.39
Chandapura,922.0,2.0,36.0,2,3904.56
Chandapura,1110.0,2.0,29.97,3,2700.0
Chandapura,674.0,1.0,19.9,2,2952.52
Chandapura,1225.0,3.0,33.08,3,2700.41
Chandapura,1305.0,3.0,33.28,3,2550.19
Chandapura,1230.0,2.0,31.37,3,2550.41
Chandapura,1110.0,2.0,29.97,3,2700.0
Chandapura,985.0,2.0,25.12,2,2550.25
Chandapura,750.0,1.0,18.5,2,2466.67
Chandapura,1025.0,2.0,27.68,2,2700.49
Chandapura,1190.0,2.0,30.35,3,2550.42
Chandapura,1015.0,2.0,25.88,2,2549.75
Chandapura,1345.0,2.0,39.5,3,2936.8
Chandapura,1033.0,2.0,30.47,3,2949.66
Chandapura,971.0,2.0,38.0,3,3913.49
Chandapura,1015.0,2.0,25.88,2,2549.75
Chandapura,800.0,1.0,30.0,2,3750.0
Chandapura,1185.0,2.0,30.22,3,2550.21
Chandapura,900.0,2.0,35.0,2,3888.89
Chandapura,975.0,2.0,24.86,2,2549.74
Chandapura,520.0,1.0,14.04,1,2700.0
Chandapura,1230.0,2.0,31.37,3,2550.41
Chandapura,1305.0,3.0,33.28,3,2550.19
Chandapura,1323.0,2.0,42.0,3,3174.6
Chandapura,410.0,1.0,10.0,1,2439.02
Chandapura,985.0,2.0,25.12,2,2550.25
Chandapura,645.0,1.0,16.45,1,2550.39
Chandapura,645.0,1.0,16.45,1,2550.39
Chandapura,1200.0,2.0,36.0,2,3000.0
Chandapura,740.0,1.0,22.0,2,2972.97
Chandapura,876.0,2.0,28.47,2,3250.0
Chandapura,1095.0,2.0,28.0,3,2557.08
Chandapura,520.0,1.0,14.04,1,2700.0
Chandra Layout,1260.0,2.0,85.05,3,6750.0
Chandra Layout,890.0,1.0,75.0,1,8426.97
Chandra Layout,1600.0,3.0,130.0,3,8125.0
Chandra Layout,1260.0,2.0,85.05,3,6750.0
Chandra Layout,1200.0,2.0,190.0,3,15833.33
Channasandra,1340.0,2.0,48.33,3,3606.72
Channasandra,1009.0,2.0,38.34,2,3799.8
Channasandra,1065.0,2.0,35.0,2,3286.38
Channasandra,1470.0,2.0,90.0,3,6122.45
Channasandra,1115.0,2.0,33.45,2,3000.0
Channasandra,1030.0,2.0,34.5,2,3349.51
Channasandra,4200.0,6.0,180.0,6,4285.71
Channasandra,1115.0,2.0,40.0,2,3587.44
Channasandra,1200.0,3.0,67.77,3,5647.5
Channasandra,1104.0,2.0,35.5,2,3215.58
Channasandra,1160.0,2.0,55.0,2,4741.38
Channasandra,1050.0,2.0,41.0,2,3904.76
Channasandra,1065.0,2.0,40.47,2,3800.0
Channasandra,1310.0,2.0,45.0,3,3435.11
Channasandra,1070.0,2.0,38.0,2,3551.4
Channasandra,1050.0,2.0,35.0,2,3333.33
Channasandra,1093.0,2.0,34.0,2,3110.7
Channasandra,808.0,2.0,40.0,2,4950.5
Channasandra,1010.0,2.0,36.0,2,3564.36
Channasandra,1123.0,2.0,36.0,2,3205.7
Channasandra,1000.0,2.0,35.0,2,3500.0
Channasandra,1500.0,4.0,89.45,4,5963.33
Channasandra,1330.0,2.0,51.83,3,3896.99
Channasandra,1093.0,2.0,37.0,2,3385.18
Channasandra,1115.0,2.0,35.8,2,3210.76
Channasandra,1500.0,3.0,61.95,3,4130.0
Channasandra,1800.0,3.0,60.0,3,3333.33
Channasandra,830.0,2.0,36.28,2,4371.08
Channasandra,1200.0,3.0,67.77,3,5647.5
Channasandra,1195.0,2.0,56.0,3,4686.19
Channasandra,1175.0,2.0,38.0,2,3234.04
Channasandra,1200.0,2.0,46.13,2,3844.17
Channasandra,1065.0,2.0,36.0,2,3380.28
Channasandra,1050.0,2.0,44.41,2,4229.52
Channasandra,1010.0,2.0,32.0,2,3168.32
Channasandra Layout,1210.0,2.0,40.0,2,3305.79
Channasandra Layout,1535.0,3.0,55.0,3,3583.06
Channasandra Layout,1115.0,2.0,50.0,2,4484.3
Channasandra Layout,3100.0,6.0,165.0,5,5322.58
Channasandra Layout,1563.0,2.0,52.0,3,3326.94
Chelekare,1180.0,2.0,40.0,2,3389.83
Chelekare,1250.0,2.0,62.4,2,4992.0
Chelekare,1000.0,2.0,45.0,2,4500.0
Chennammana Kere,1115.0,2.0,56.87,2,5100.45
Chennammana Kere,1465.0,2.0,74.72,3,5100.34
Chennammana Kere,1100.0,2.0,56.1,2,5100.0
Chennammana Kere,1145.0,2.0,58.4,2,5100.44
Chennammana Kere,1095.0,2.0,55.85,2,5100.46
Chennammana Kere,1035.0,2.0,52.79,2,5100.48
Chennammana Kere,1480.0,3.0,75.48,3,5100.0
Chennammana Kere,1705.0,2.0,86.96,3,5100.29
Chennammanakere Achukattu,1260.0,2.0,75.0,2,5952.38
Chennappa Layout,1080.0,2.0,44.8,2,4148.15
Chennappa Layout,1050.0,2.0,45.0,2,4285.71
Chennappa Layout,1220.0,2.0,52.0,2,4262.3
Chikka Banaswadi,1093.0,2.0,65.0,2,5946.94
Chikka Banaswadi,1250.0,2.0,75.0,2,6000.0
Chikka Tirupathi,2600.0,5.0,120.0,4,4615.38
Chikka Tirupathi,2325.0,4.0,120.0,4,5161.29
Chikka Tirupathi,1808.0,4.0,80.27,3,4439.71
Chikka Tirupathi,3297.0,3.0,135.0,3,4094.63
Chikka Tirupathi,3500.0,5.0,150.0,4,4285.71
Chikka Tirupathi,2704.0,5.0,105.0,4,3883.14
Chikka Tirupathi,2325.0,4.0,120.0,4,5161.29
Chikka Tirupathi,3250.0,4.0,136.0,4,4184.62
Chikka Tirupathi,2665.0,5.0,125.0,4,4690.43
Chikkabanavar,950.0,2.0,40.0,2,4210.53
Chikkabanavar,1600.0,2.0,80.0,3,5000.0
Chikkabanavar,600.0,1.0,25.0,2,4166.67
Chikkabanavar,2400.0,4.0,97.0,5,4041.67
Chikkabanavar,2000.0,4.0,65.0,5,3250.0
Chikkabanavar,1067.0,2.0,38.0,2,3561.39
Chikkabanavar,1320.0,2.0,46.0,3,3484.85
Chikkabanavar,4000.0,7.0,110.0,8,2750.0
Chikkadunnasandra,1398.0,3.0,51.0,3,3648.07
Chikkadunnasandra,1200.0,2.0,45.0,2,3750.0
Chikkakannalli,1402.0,2.0,85.0,3,6062.77
Chikkalasandra,1290.0,2.0,56.12,3,4350.39
Chikkalasandra,1100.0,2.0,50.0,2,4545.45
Chikkalasandra,1208.0,2.0,49.0,2,4056.29
Chikkalasandra,875.0,2.0,52.8,2,6034.29
Chikkalasandra,1375.0,2.0,50.0,3,3636.36
Chikkalasandra,1800.0,1.0,128.0,2,7111.11
Chikkalasandra,1070.0,2.0,50.0,2,4672.9
Chikkalasandra,1230.0,2.0,48.0,2,3902.44
Chikkalasandra,1428.0,2.0,80.0,3,5602.24
Chikkalasandra,1070.0,2.0,42.8,2,4000.0
Chikkalasandra,1310.0,2.0,52.4,3,4000.0
Chikkalasandra,1270.0,2.0,55.25,3,4350.39
Chikkalasandra,1365.0,2.0,49.0,3,3589.74
Chikkalasandra,1075.0,2.0,46.76,2,4349.77
Chikkalasandra,1230.0,2.0,53.51,3,4350.41
Chikkalasandra,1290.0,2.0,56.12,3,4350.39
Chikkalasandra,1070.0,2.0,45.48,2,4250.47
Chikkalasandra,1100.0,2.0,50.0,2,4545.45
Chikkalasandra,1390.0,2.0,60.47,3,4350.36
Chikkalasandra,1265.0,2.0,53.12,3,4199.21
Chikkalasandra,1224.0,2.0,45.0,2,3676.47
Chikkalasandra,1090.0,2.0,47.42,2,4350.46
Chikkalasandra,1355.0,3.0,54.2,3,4000.0
Chikkalasandra,1350.0,2.0,54.2,3,4014.81
Chikkalasandra,1325.0,2.0,59.0,2,4452.83
Chikkalasandra,1290.0,2.0,72.0,2,5581.4
Chikkalasandra,1275.0,2.0,55.46,3,4349.8
Chikkalasandra,1425.0,1.0,54.0,3,3789.47
Chikkasandra,600.0,1.0,52.0,2,8666.67
Chikkathoguru,1113.0,2.0,46.0,2,4132.97
Chikkathoguru,1045.0,2.0,42.0,2,4019.14
Chikku Lakshmaiah Layout,2292.0,2.0,285.0,3,12434.55
Chinnapanahalli,1225.0,2.0,48.0,2,3918.37
Chinnapanahalli,1020.0,2.0,40.0,2,3921.57
Chinnapanahalli,980.0,2.0,41.0,2,4183.67
Chokkanahalli,1266.67,2.0,69.0,2,5447.35
Cholanayakanahalli,2511.0,3.0,205.0,3,8164.08
Cholanayakanahalli,1370.0,2.0,75.0,3,5474.45
Cholanayakanahalli,750.0,2.0,50.0,1,6666.67
Cholanayakanahalli,2000.0,4.0,135.0,4,6750.0
Cholanayakanahalli,1300.0,2.0,95.0,2,7307.69
Choodasandra,1115.0,2.0,50.0,2,4484.3
Choodasandra,1300.0,2.0,57.0,2,4384.62
Choodasandra,1530.0,3.0,77.0,3,5032.68
Choodasandra,1220.0,3.0,56.0,3,4590.16
Choodasandra,1220.0,3.0,56.0,3,4590.16
Choodasandra,1197.0,2.0,63.0,2,5263.16
Choodasandra,1465.0,3.0,75.0,3,5119.45
Choodasandra,1115.0,2.0,50.0,2,4484.3
Choodasandra,1215.0,2.0,59.0,2,4855.97
Choodasandra,1254.0,2.0,65.0,3,5183.41
Choodasandra,1580.0,3.0,105.0,3,6645.57
Choodasandra,725.0,2.0,36.0,2,4965.52
Choodasandra,2429.0,3.0,210.0,4,8645.53
Choodasandra,1220.0,3.0,56.0,3,4590.16
Choodasandra,1075.0,2.0,45.0,2,4186.05
Choodasandra,1180.0,2.0,71.22,2,6035.59
Choodasandra,1140.0,2.0,62.0,2,5438.6
Choodasandra,1220.0,3.0,56.0,3,4590.16
Choodasandra,1560.0,3.0,78.0,3,5000.0
Choodasandra,1065.0,2.0,46.0,2,4319.25
Choodasandra,1115.0,2.0,50.0,2,4484.3
Choodasandra,1220.0,3.0,56.0,3,4590.16
Choodasandra,1115.0,2.0,50.0,2,4484.3
Church Street,2920.0,4.0,536.0,4,18356.16
Classic Paradise Layout,1560.0,5.0,145.0,5,9294.87
Cleveland Town,1991.0,3.0,160.0,3,8036.16
Coconut Grove Layout,1007.0,2.0,43.0,2,4270.11
Coconut Grove Layout,1272.0,2.0,51.5,2,4048.74
Coconut Grove Layout,1156.0,2.0,46.0,2,3979.24
Coconut Grove Layout,1007.0,2.0,48.0,2,4766.63
Coffee Board Layout,3045.0,3.0,170.0,3,5582.92
Coffee Board Layout,1652.5,3.0,90.0,3,5446.29
Cooke Town,2388.0,4.0,239.0,3,10008.38
Cooke Town,1710.0,2.0,200.0,2,11695.91
Cooke Town,1310.0,2.0,111.0,2,8473.28
Cooke Town,1700.0,3.0,120.0,3,7058.82
Cooke Town,1100.0,2.0,90.0,2,8181.82
Cooke Town,2300.0,3.0,250.0,3,10869.57
Cottonpet,850.0,2.0,75.0,2,8823.53
Cottonpet,1750.0,2.0,225.0,4,12857.14
Cox Town,1975.0,3.0,150.0,3,7594.94
Cox Town,1650.0,3.0,100.0,3,6060.61
Cox Town,1730.0,3.0,140.0,3,8092.49
Cox Town,1600.0,3.0,150.0,3,9375.0
Cox Town,1250.0,2.0,95.0,2,7600.0
Cox Town,1280.0,2.0,120.0,2,9375.0
Cox Town,1073.0,2.0,72.0,2,6710.16
Cox Town,1000.0,2.0,58.0,2,5800.0
Cox Town,1200.0,2.0,140.0,2,11666.67
Crimson Layout,1250.0,2.0,60.0,2,4800.0
Cunningham Road,5270.0,4.0,1250.0,4,23719.17
Cunningham Road,3875.0,3.0,864.0,3,22296.77
Cunningham Road,3875.0,3.0,800.0,3,20645.16
Cunningham Road,3815.0,3.0,763.0,3,20000.0
Cunningham Road,2880.0,3.0,501.0,3,17395.83
Cunningham Road,3489.0,3.0,662.0,3,18973.92
Cunningham Road,4170.0,3.0,800.0,3,19184.65
Cunningham Road,5108.0,5.0,995.0,4,19479.25
Cunningham Road,2700.0,3.0,501.0,3,18555.56
Cunningham Road,7500.0,6.0,1800.0,4,24000.0
Cunningham Road,2880.0,3.0,560.0,3,19444.44
D Group Employees Layout,1200.0,4.0,230.0,4,19166.67
Daadys Gaarden Layout,1600.0,3.0,72.0,3,4500.0
Dairy Circle,1855.0,3.0,225.0,3,12129.38
Dairy Circle,1980.0,3.0,224.0,3,11313.13
Dairy Circle,3730.0,6.0,450.0,4,12064.34
Dairy Circle,3754.0,6.0,430.0,4,11454.45
Dairy Circle,3754.0,6.0,480.0,4,12786.36
Dairy Circle,1541.0,2.0,181.0,2,11745.62
Dairy Circle,2735.0,4.0,340.0,3,12431.44
Dairy Circle,3730.0,6.0,430.0,4,11528.15
Dasanapura,708.0,2.0,37.0,2,5225.99
Dasanapura,708.0,1.0,40.0,2,5649.72
Dasanapura,965.0,2.0,42.5,2,4404.15
Dasanapura,1286.0,3.0,61.44,3,4777.6
Dasanapura,814.0,2.0,42.0,2,5159.71
Dasanapura,1163.0,2.0,65.0,2,5588.99
Dasanapura,1286.0,2.0,68.0,3,5287.71
Dasanapura,708.0,2.0,31.15,2,4399.72
Dasanapura,708.0,1.0,41.0,1,5790.96
Dasanapura,814.0,2.0,43.7,2,5368.55
Dasarahalli,1295.0,2.0,65.0,2,5019.31
Dasarahalli,1520.0,2.0,75.0,3,4934.21
Dasarahalli,1150.0,2.0,70.0,2,6086.96
Dasarahalli,2100.0,3.0,120.0,3,5714.29
Dasarahalli,1220.0,2.0,52.0,2,4262.3
Dasarahalli,1375.0,2.0,60.0,2,4363.64
Dasarahalli,1333.0,2.0,78.56,2,5893.47
Dasarahalli,1220.0,2.0,62.0,2,5081.97
Defence Colony,1150.0,2.0,126.0,2,10956.52
Defence Colony,1150.0,2.0,125.0,2,10869.57
Defence Colony,2800.0,4.0,365.0,4,13035.71
Dena Bank Colony,1100.0,2.0,75.0,2,6818.18
Devanahalli,1260.0,2.0,66.78,2,5300.0
Devanahalli,1282.0,2.0,68.52,3,5344.77
Devanahalli,1360.0,2.0,65.0,2,4779.41
Devanahalli,1408.0,2.0,85.0,2,6036.93
Devanahalli,1010.0,2.0,51.0,2,5049.5
Devanahalli,1080.0,2.0,53.35,2,4939.81
Devanahalli,2400.0,5.0,100.0,5,4166.67
Devanahalli,1080.0,2.0,44.0,2,4074.07
Devanahalli,1282.0,2.0,52.43,3,4089.7
Devanahalli,1174.0,2.0,59.0,2,5025.55
Devanahalli,658.0,1.0,34.0,1,5167.17
Devanahalli,658.0,1.0,26.91,1,4089.67
Devanahalli,698.5,1.0,28.57,1,4090.19
Devanahalli,1080.0,2.0,52.0,2,4814.81
Devanahalli,1700.0,3.0,88.2,3,5188.24
Devanahalli,1498.0,3.0,79.15,3,5283.71
Devanahalli,1466.0,3.0,77.59,3,5292.63
Devanahalli,775.0,1.0,39.0,1,5032.26
Devanahalli,1020.0,2.0,49.87,1,4889.22
Devanahalli,1045.0,2.0,48.0,2,4593.3
Devanahalli,1550.0,3.0,85.0,3,5483.87
Devanahalli,1200.0,2.0,55.08,3,4590.0
Devanahalli,1340.0,2.0,65.0,2,4850.75
Devanahalli,2125.0,3.0,107.0,3,5035.29
Devanahalli,1230.0,2.0,56.45,2,4589.43
Devanahalli,1360.0,2.0,62.425,2,4590.07
Devanahalli,658.0,1.0,26.91,1,4089.67
Devanahalli,1290.0,2.0,62.0,3,4806.2
Devanahalli,1010.0,2.0,58.0,2,5742.57
Devanahalli,1466.0,3.0,59.96,3,4090.04
Devanahalli,1520.0,2.0,69.76,3,4589.47
Devanahalli Int. Airport,1380.0,2.0,80.0,2,5797.1
Devanahalli Int. Airport,1080.0,2.0,62.0,2,5740.74
Devarachikkanahalli,615.0,1.0,24.0,1,3902.44
Devarachikkanahalli,1230.0,2.0,58.0,2,4715.45
Devasthanagalu,1460.0,3.0,70.0,3,4794.52
Devasthanagalu,1090.0,2.0,45.0,2,4128.44
Devasthanagalu,946.0,2.0,45.0,2,4756.87
Devasthanagalu,1470.0,2.0,60.0,3,4081.63
Devi Nagar,1100.0,2.0,61.0,2,5545.45
Devi Nagar,1200.0,2.0,45.0,2,3750.0
Devi Nagar,2000.0,3.0,105.0,3,5250.0
Devi Nagar,1410.0,3.0,68.0,3,4822.7
Divya Unnathi Layout,1611.0,2.0,64.44,3,4000.0
Divya Unnathi Layout,1610.0,2.0,64.4,3,4000.0
Divya Unnathi Layout,1339.0,2.0,53.56,2,4000.0
Doctors Layout,1520.0,2.0,62.0,2,4078.95
Doctors Layout,1125.0,2.0,44.0,2,3911.11
Doctors Layout,1000.0,2.0,42.0,2,4200.0
Doctors Layout,1225.0,2.0,47.0,2,3836.73
Doctors Layout,1215.0,2.0,46.8,3,3851.85
Dodda Banaswadi,1500.0,3.0,56.0,3,3733.33
Dodda Banaswadi,1300.0,2.0,60.0,3,4615.38
Dodda Kempaiah Layout,1600.0,3.0,75.0,3,4687.5
Dodda Nekkundi,1260.0,2.0,55.0,2,4365.08
Dodda Nekkundi,850.0,2.0,28.0,2,3294.12
Dodda Nekkundi,1390.0,2.0,60.0,2,4316.55
Dodda Nekkundi,1804.0,3.0,121.0,3,6707.32
Dodda Nekkundi,1080.0,2.0,50.0,2,4629.63
Dodda Nekkundi,1999.0,3.0,132.0,3,6603.3
Dodda Nekkundi,1100.0,2.0,48.0,2,4363.64
Dodda Nekkundi,1999.0,3.0,135.0,3,6753.38
Dodda Nekkundi,1100.0,2.0,41.15,2,3740.91
Dodda Nekkundi,1252.0,2.0,71.0,3,5670.93
Dodda Nekkundi,1155.0,2.0,46.0,2,3982.68
Dodda Nekkundi,1128.0,2.0,45.0,2,3989.36
Dodda Nekkundi,1148.0,2.0,56.0,2,4878.05
Dodda Nekkundi,1435.0,3.0,57.2,3,3986.06
Dodda Nekkundi,1145.0,2.0,46.5,2,4061.14
Dodda Nekkundi,1829.0,3.0,125.0,3,6834.34
Dodda Nekkundi,1100.0,2.0,41.16,2,3741.82
Dodda Nekkundi,1100.0,2.0,46.75,2,4250.0
Dodda Nekkundi,1315.0,2.0,50.0,2,3802.28
Dodda Nekkundi,1135.0,2.0,58.0,2,5110.13
Dodda Nekkundi,1100.0,2.0,41.18,2,3743.64
Dodda Nekkundi,1370.0,2.0,60.0,2,4379.56
Dodda Nekkundi,1200.0,2.0,71.0,2,5916.67
Dodda Nekkundi,1585.0,2.0,79.0,3,4984.23
Dodda Nekkundi,1005.0,2.0,45.0,2,4477.61
Dodda Nekkundi Extension,1148.0,2.0,60.0,2,5226.48
Dodda Nekkundi Extension,1188.0,2.0,73.0,2,6144.78
Dodda Nekkundi Extension,1148.0,2.0,69.0,2,6010.45
Dodda Nekkundi Extension,1864.0,3.0,115.0,3,6169.53
Dodda Nekkundi Extension,1458.0,2.0,87.0,3,5967.08
Doddaballapur,1690.0,3.0,80.0,4,4733.73
Doddaballapur,4200.0,4.0,325.0,4,7738.1
Doddaballapur,3876.0,3.0,300.0,3,7739.94
Doddaballapur,2776.0,4.0,195.0,3,7024.5
Doddaballapur,2440.0,3.0,142.0,3,5819.67
Doddaballapur,2400.0,3.0,200.0,4,8333.33
Doddaballapur,654.0,1.0,49.0,1,7492.35
Doddabanahalli,830.0,2.0,37.0,2,4457.83
Doddabanahalli,800.0,2.0,30.0,2,3750.0
Doddabanahalli,1290.0,3.0,45.33,3,3513.95
Doddabidrakallu,1200.0,3.0,74.0,3,6166.67
Doddabommasandra,1550.0,2.0,70.0,3,4516.13
Doddabommasandra,3150.0,5.0,145.0,8,4603.17
Doddabommasandra,1300.0,2.0,32.0,2,2461.54
Doddagubbi,1125.0,4.0,70.0,3,6222.22
Doddagubbi,747.0,1.0,27.0,1,3614.46
Doddakallasandra,1010.0,2.0,40.39,2,3999.01
Doddakallasandra,1360.0,2.0,54.39,3,3999.26
Doddakallasandra,1460.0,2.0,58.39,3,3999.32
Doddakallasandra,1360.0,2.0,54.4,3,4000.0
Doddakallasandra,1425.0,2.0,56.99,3,3999.3
Doddakallasandra,1010.0,2.0,40.39,2,3999.01
Doddakallasandra,1072.0,2.0,42.87,2,3999.07
Doddakallasandra,1010.0,2.0,40.4,2,4000.0
Doddakallasandra,1010.0,2.0,41.0,2,4059.41
Doddakallasandra,1072.0,2.0,42.87,2,3999.07
Doddakammanahalli,1180.0,2.0,56.0,2,4745.76
Doddakammanahalli,1409.0,2.0,62.0,3,4400.28
Doddakammanahalli,1119.0,2.0,48.5,3,4334.23
Doddakammanahalli,1160.0,2.0,55.0,2,4741.38
Doddakannelli,1475.0,3.0,70.0,3,4745.76
Doddakannelli,1025.0,2.0,48.0,2,4682.93
Doddanakundi Industrial Area 2,1512.0,1.0,65.01,2,4299.6
Doddanakundi Industrial Area 2,1768.0,3.0,95.0,3,5373.3
Doddanakundi Industrial Area 2,1092.0,2.0,49.0,2,4487.18
Doddanekundi,1760.0,3.0,176.0,3,10000.0
Doddanekundi,1280.0,2.0,40.0,2,3125.0
Doddanekundi,2045.0,4.0,154.0,3,7530.56
Doddanekundi,1148.0,2.0,59.0,2,5139.37
Doddanekundi,1128.0,2.0,48.4,2,4290.78
Doddathoguru,970.0,2.0,33.0,2,3402.06
Doddathoguru,1050.0,2.0,32.0,2,3047.62
Doddathoguru,850.0,2.0,25.0,2,2941.18
Doddathoguru,1030.0,2.0,42.0,2,4077.67
Doddathoguru,1549.0,3.0,65.0,3,4196.26
Doddathoguru,1875.0,3.0,55.0,3,2933.33
Doddathoguru,550.0,1.0,17.0,1,3090.91
Doddathoguru,1015.0,2.0,33.5,2,3300.49
Doddathoguru,1104.0,2.0,39.0,2,3532.61
Doddathoguru,915.0,2.0,32.0,2,3497.27
Doddathoguru,750.0,1.0,25.5,1,3400.0
Doddathoguru,1595.0,3.0,62.0,3,3887.15
Doddathoguru,855.0,2.0,32.0,2,3742.69
Doddathoguru,1105.0,2.0,50.0,2,4524.89
Doddathoguru,925.0,2.0,30.0,2,3243.24
Doddathoguru,1300.0,2.0,42.0,3,3230.77
Doddathoguru,1208.0,3.0,45.0,3,3725.17
Doddathoguru,1100.0,2.0,50.0,2,4545.45
Doddathoguru,940.0,2.0,32.9,2,3500.0
Doddathoguru,1382.0,3.0,65.0,3,4703.33
Doddathoguru,1107.0,2.0,44.0,2,3974.71
Doddathoguru,907.0,2.0,40.0,2,4410.14
Doddathoguru,1783.0,3.0,85.0,3,4767.25
Doddathoguru,550.0,1.0,17.0,1,3090.91
Dodsworth Layout,1400.0,2.0,80.0,2,5714.29
Dodsworth Layout,1717.0,3.0,99.0,3,5765.87
Dodsworth Layout,1594.0,3.0,99.0,3,6210.79
Dodsworth Layout,1893.0,3.0,115.0,3,6075.01
Dodsworth Layout,1400.0,2.0,85.0,2,6071.43
Dodsworth Layout,1340.0,2.0,71.0,2,5298.51
Dodsworth Layout,30400.0,4.0,1824.0,6,6000.0
Dollar Scheme Colony,3463.0,6.0,310.0,4,8951.78
Dollars Colony,3500.0,4.0,350.0,4,10000.0
Dollars Colony,3100.0,5.0,385.0,4,12419.35
Dollars Colony,1097.0,2.0,65.0,2,5925.25
Dollars Colony,2100.0,3.0,280.0,4,13333.33
Dollars Colony,2000.0,3.0,200.0,3,10000.0
Dollars Layout,1460.0,3.0,88.0,3,6027.4
Dollars Layout,2456.0,3.0,220.0,3,8957.65
Domlur,1540.0,3.0,90.0,3,5844.16
Domlur,1875.0,2.0,150.0,3,8000.0
Domlur,1429.0,3.0,86.0,3,6018.19
Domlur,640.0,1.0,55.0,1,8593.75
Domlur,1050.0,2.0,85.0,2,8095.24
Domlur,1800.0,3.0,150.0,3,8333.33
Domlur,1720.0,3.0,135.0,3,7848.84
Domlur,1950.0,3.0,165.0,3,8461.54
Domlur,2180.0,3.0,285.0,3,13073.39
Domlur,650.0,1.0,70.0,1,10769.23
Domlur,780.0,1.0,70.0,1,8974.36
Domlur,2180.0,3.0,285.0,3,13073.39
Domlur,1740.0,3.0,120.0,3,6896.55
Domlur,1695.0,3.0,125.0,3,7374.63
Domlur,1246.0,2.0,95.0,2,7624.4
Domlur,2100.0,3.0,145.0,3,6904.76
Domlur,1276.0,2.0,80.0,2,6269.59
Domlur,1850.0,3.0,180.0,3,9729.73
Domlur,1650.0,3.0,180.0,3,10909.09
Domlur Layout,900.0,2.0,160.0,2,17777.78
Dommasandra,805.0,2.0,22.14,2,2750.31
Dommasandra,1033.0,2.0,25.53,3,2471.44
Dommasandra,1267.0,3.0,56.0,3,4419.89
Dommasandra,1200.0,2.0,50.0,2,4166.67
Dommasandra,2700.0,3.0,68.0,4,2518.52
Dommasandra,1033.0,2.0,31.5,3,3049.37
Dommasandra,1153.0,2.0,43.5,2,3772.77
Dommasandra,1500.0,2.0,40.0,2,2666.67
Dommasandra,1090.0,2.0,43.5,2,3990.83
Dommasandra,850.0,2.0,25.4,2,2988.24
Dommasandra,674.0,1.0,19.9,2,2952.52
Dommasandra,999.0,2.0,32.9,2,3293.29
Doopanahalli,1340.0,2.0,100.0,3,7462.69
Doopanahalli,2250.0,3.0,199.0,3,8844.44
Doopanahalli,1625.0,3.0,150.0,3,9230.77
Dooravani Nagar,1596.0,3.0,105.0,3,6578.95
Dooravani Nagar,1596.0,3.0,95.0,3,5952.38
Dooravani Nagar,1570.0,3.0,115.0,3,7324.84
Dr Shivarama Karantha Nagar,1200.0,2.0,54.0,2,4500.0
Dwarka Nagar,1200.0,3.0,95.75,3,7979.17
"ECC Road, Whitefield, ",1132.0,2.0,67.0,2,5918.73
EPIP Zone,1499.0,5.0,102.0,3,6804.54
EPIP Zone,1285.0,2.0,82.0,2,6381.32
EPIP Zone,2330.0,3.0,162.0,3,6952.79
EPIP Zone,1330.0,2.0,92.5,2,6954.89
EPIP Zone,1330.0,2.0,86.98,2,6539.85
EPIP Zone,1330.0,2.0,93.36,2,7019.55
EPIP Zone,3035.0,5.0,200.0,4,6589.79
EPIP Zone,1500.0,3.0,102.0,3,6800.0
EPIP Zone,1280.0,2.0,69.0,2,5390.62
EPIP Zone,1125.0,2.0,65.0,2,5777.78
EPIP Zone,1734.0,3.0,125.0,3,7208.77
EPIP Zone,3360.0,5.0,225.0,4,6696.43
EPIP Zone,1343.0,2.0,86.0,2,6403.57
EPIP Zone,2350.0,4.0,163.0,3,6936.17
EPIP Zone,1860.0,3.0,130.0,3,6989.25
EPIP Zone,2210.0,3.0,165.0,3,7466.06
EPIP Zone,2710.0,3.0,177.0,3,6531.37
EPIP Zone,3360.0,5.0,221.0,4,6577.38
Ejipura,1650.0,3.0,110.0,3,6666.67
Ejipura,1190.0,2.0,70.0,2,5882.35
Ejipura,2070.0,3.0,135.0,3,6521.74
Ejipura,1600.0,3.0,95.0,3,5937.5
Ejipura,1210.0,2.0,75.0,2,6198.35
Electronic City,660.0,1.0,23.1,2,3500.0
Electronic City,1025.0,2.0,47.0,3,4585.37
Electronic City,1000.0,2.0,28.88,2,2888.0
Electronic City,1530.0,2.0,45.9,3,3000.0
Electronic City,1500.0,2.0,64.5,3,4300.0
Electronic City,1060.0,2.0,60.0,2,5660.38
Electronic City,1152.0,2.0,64.5,2,5598.96
Electronic City,1350.0,2.0,56.0,3,4148.15
Electronic City,770.0,1.0,36.0,2,4675.32
Electronic City,1070.0,2.0,52.0,2,4859.81
Electronic City,1025.0,2.0,46.0,2,4487.8
Electronic City,589.0,1.0,27.0,1,4584.04
Electronic City,1100.0,2.0,42.0,2,3818.18
Electronic City,910.0,2.0,40.0,2,4395.6
Electronic City,1108.0,2.0,63.0,2,5685.92
Electronic City,1128.0,2.0,65.0,2,5762.41
Electronic City,1800.0,3.0,95.0,3,5277.78
Electronic City,630.0,1.0,34.65,1,5500.0
Electronic City,1128.0,2.0,63.0,2,5585.11
Electronic City,1599.0,3.0,99.0,3,6191.37
Electronic City,1125.0,2.0,32.49,2,2888.0
Electronic City,1094.0,2.0,42.0,2,3839.12
Electronic City,1070.0,2.0,55.0,2,5140.19
Electronic City,940.0,2.0,41.0,2,4361.7
Electronic City,1320.0,2.0,38.13,3,2888.64
Electronic City,1128.0,2.0,68.75,2,6094.86
Electronic City,1342.0,2.0,73.3,2,5462.0
Electronic City,1360.0,2.0,71.0,3,5220.59
Electronic City,880.0,2.0,29.0,2,3295.45
Electronic City,1265.0,2.0,56.93,2,4500.4
Electronic City,1691.0,2.0,102.0,3,6031.93
Electronic City,1128.0,2.0,65.49,2,5805.85
Electronic City,1620.0,3.0,62.0,3,3827.16
Electronic City,710.0,2.0,16.0,2,2253.52
Electronic City,1070.0,2.0,56.1,2,5242.99
Electronic City,2000.0,4.0,120.0,4,6000.0
Electronic City,890.0,2.0,45.0,2,5056.18
Electronic City,1128.0,2.0,65.65,2,5820.04
Electronic City,865.0,2.0,42.0,2,4855.49
Electronic City,1130.0,2.0,32.64,2,2888.5
Electronic City,910.0,2.0,42.0,2,4615.38
Electronic City,975.0,2.0,37.5,2,3846.15
Electronic City,1360.0,2.0,75.0,3,5514.71
Electronic City,770.0,1.0,40.0,2,5194.81
Electronic City,1128.0,2.0,64.0,2,5673.76
Electronic City,1070.0,2.0,54.0,2,5046.73
Electronic City,1025.0,2.0,29.6,2,2887.8
Electronic City,1571.0,3.0,89.0,3,5665.18
Electronic City,1111.0,3.0,50.0,3,4500.45
Electronic City,870.0,2.0,39.5,2,4540.23
Electronic City,921.0,2.0,34.0,2,3691.64
Electronic City,1374.0,2.0,72.0,3,5240.17
Electronic City,1100.0,2.0,45.0,2,4090.91
Electronic City,1128.0,2.0,65.35,2,5793.44
Electronic City,1128.0,2.0,65.0,2,5762.41
Electronic City,755.0,1.0,34.0,2,4503.31
Electronic City,1220.0,2.0,35.24,3,2888.52
Electronic City,4000.0,5.0,150.0,4,3750.0
Electronic City,1100.0,2.0,40.0,2,3636.36
Electronic City,1563.0,3.0,91.84,3,5875.88
Electronic City,1652.0,3.0,70.0,3,4237.29
Electronic City,1000.0,2.0,22.0,2,2200.0
Electronic City,1025.0,2.0,54.5,2,5317.07
Electronic City,1070.0,2.0,46.0,2,4299.07
Electronic City,1350.0,3.0,58.0,3,4296.3
Electronic City,1000.0,2.0,25.0,2,2500.0
Electronic City,1020.0,2.0,29.46,2,2888.24
Electronic City,1700.0,3.0,75.0,3,4411.76
Electronic City,1400.0,2.0,48.0,3,3428.57
Electronic City,1128.0,2.0,68.0,2,6028.37
Electronic City,700.0,1.0,35.0,1,5000.0
Electronic City,1360.0,2.0,70.5,3,5183.82
Electronic City,1150.0,2.0,38.0,2,3304.35
Electronic City,1571.0,3.0,105.0,3,6683.64
Electronic City,1090.0,2.0,31.49,2,2888.99
Electronic City,1089.0,2.0,45.0,2,4132.23
Electronic City,1110.0,2.0,40.0,2,3603.6
Electronic City,1600.0,3.0,104.0,3,6500.0
Electronic City,1130.0,2.0,32.63,2,2887.61
Electronic City,1500.0,2.0,100.0,3,6666.67
Electronic City,1440.0,2.0,55.0,3,3819.44
Electronic City,1156.0,2.0,44.0,3,3806.23
Electronic City,1400.0,2.0,40.44,3,2888.57
Electronic City,1152.0,2.0,65.0,2,5642.36
Electronic City,1070.0,2.0,60.0,2,5607.48
Electronic City,1128.0,2.0,65.5,2,5806.74
Electronic City,1200.0,2.0,59.0,2,4916.67
Electronic City,1152.0,2.0,65.75,2,5707.47
Electronic City,1225.0,3.0,45.03,3,3675.92
Electronic City,1070.0,2.0,55.0,2,5140.19
Electronic City,1060.0,2.0,58.0,2,5471.7
Electronic City,1025.0,2.0,54.1,2,5278.05
Electronic City,1105.0,2.0,35.0,3,3167.42
Electronic City,660.0,1.0,18.0,2,2727.27
Electronic City,660.0,1.0,15.0,2,2272.73
Electronic City,1000.0,2.0,41.0,2,4100.0
Electronic City,1500.0,2.0,78.0,3,5200.0
Electronic City,1213.0,2.0,59.32,2,4890.35
Electronic City,1575.0,3.0,90.0,3,5714.29
Electronic City,1449.0,3.0,100.0,3,6901.31
Electronic City,1310.0,2.0,37.83,3,2887.79
Electronic City,1125.0,2.0,58.0,2,5155.56
Electronic City,1090.0,2.0,35.03,2,3213.76
Electronic City,1575.0,3.0,101.0,3,6412.7
Electronic City,660.0,1.0,16.0,2,2424.24
Electronic City,550.0,1.0,12.0,1,2181.82
Electronic City,919.0,2.0,40.0,2,4352.56
Electronic City,1500.0,2.0,78.25,3,5216.67
Electronic City,1363.0,2.0,79.0,2,5796.04
Electronic City,1156.0,2.0,42.0,2,3633.22
Electronic City,1020.0,2.0,29.46,2,2888.24
Electronic City,1108.0,2.0,67.15,2,6060.47
Electronic City,1160.0,2.0,33.5,2,2887.93
Electronic City,1128.0,2.0,65.7,2,5824.47
Electronic City,1170.0,2.0,33.0,2,2820.51
Electronic City,1060.0,2.0,51.0,2,4811.32
Electronic City,1410.0,2.0,38.0,3,2695.04
Electronic City,1650.0,3.0,100.0,3,6060.61
Electronic City,1020.0,2.0,29.45,2,2887.25
Electronic City,1025.0,2.0,49.0,2,4780.49
Electronic City,1000.0,2.0,29.7,2,2970.0
Electronic City,1449.0,3.0,90.0,3,6211.18
Electronic City,1065.0,2.0,30.75,2,2887.32
Electronic City,1070.0,2.0,58.0,2,5420.56
Electronic City,1210.0,2.0,54.0,2,4462.81
Electronic City,1500.0,2.0,75.0,3,5000.0
Electronic City,1033.0,2.0,28.41,3,2750.24
Electronic City,1070.0,2.0,52.0,2,4859.81
Electronic City,2435.0,4.0,119.0,4,4887.06
Electronic City,660.0,1.0,15.5,2,2348.48
Electronic City,1125.0,2.0,32.5,2,2888.89
Electronic City,1165.0,2.0,33.64,2,2887.55
Electronic City,919.0,2.0,34.0,2,3699.67
Electronic City,1073.0,2.0,60.0,2,5591.8
Electronic City,1500.0,2.0,78.0,3,5200.0
Electronic City,1070.0,2.0,47.0,2,4392.52
Electronic City,1296.0,2.0,65.0,2,5015.43
Electronic City,1140.0,2.0,70.93,2,6221.93
Electronic City,1200.0,2.0,34.65,2,2887.5
Electronic City,1096.0,2.0,40.55,2,3699.82
Electronic City,1017.0,2.0,27.0,2,2654.87
Electronic City,1130.0,2.0,32.63,2,2887.61
Electronic City,1110.0,2.0,39.95,2,3599.1
Electronic City,2093.0,4.0,104.0,4,4968.94
Electronic City,1025.0,2.0,53.9,2,5258.54
Electronic City,940.0,2.0,54.0,2,5744.68
Electronic City,435.0,1.0,21.0,1,4827.59
Electronic City,1500.0,2.0,77.5,3,5166.67
Electronic City,1631.0,3.0,80.0,3,4904.97
Electronic City,1355.0,2.0,67.0,2,4944.65
Electronic City,1200.0,2.0,34.0,2,2833.33
Electronic City,1175.0,2.0,47.0,2,4000.0
Electronic City,435.0,1.0,22.0,1,5057.47
Electronic City,1500.0,2.0,63.0,3,4200.0
Electronic City,1039.0,2.0,50.0,2,4812.32
Electronic City,770.0,1.0,39.9,2,5181.82
Electronic City,919.0,2.0,35.0,2,3808.49
Electronic City,1128.0,2.0,64.0,2,5673.76
Electronic City,605.0,1.0,13.31,1,2200.0
Electronic City,1159.0,2.0,38.0,3,3278.69
Electronic City,530.0,1.0,13.5,1,2547.17
Electronic City,1070.0,2.0,53.0,2,4953.27
Electronic City,1025.0,1.0,26.63,2,2598.05
Electronic City,1571.0,3.0,83.0,3,5283.26
Electronic City,1470.0,2.0,44.1,3,3000.0
Electronic City,1350.0,3.0,66.0,3,4888.89
Electronic City,1652.0,3.0,110.0,3,6658.6
Electronic City,1320.0,2.0,38.12,3,2887.88
Electronic City,1090.0,2.0,31.48,2,2888.07
Electronic City,1050.0,2.0,39.0,3,3714.29
Electronic City,1128.0,2.0,65.58,2,5813.83
Electronic City,635.0,1.0,28.0,1,4409.45
Electronic City,1128.0,2.0,65.4,2,5797.87
Electronic City,1096.0,2.0,39.0,2,3558.39
Electronic City,1150.0,2.0,38.0,2,3304.35
Electronic City,1355.0,2.0,72.9,2,5380.07
Electronic City,1200.0,2.0,30.0,2,2500.0
Electronic City,1150.0,2.0,35.0,2,3043.48
Electronic City,1165.0,2.0,33.64,2,2887.55
Electronic City,770.0,1.0,35.0,2,4545.45
Electronic City,1020.0,2.0,29.45,2,2887.25
Electronic City,865.0,2.0,40.0,2,4624.28
Electronic City,800.0,2.0,32.0,2,4000.0
Electronic City,970.0,2.0,34.0,2,3505.15
Electronic City,1108.0,2.0,63.0,2,5685.92
Electronic City,630.0,1.0,40.5,1,6428.57
Electronic City,1100.0,2.0,41.0,2,3727.27
Electronic City,975.0,2.0,32.0,2,3282.05
Electronic City,605.0,1.0,22.0,1,3636.36
Electronic City,1142.0,2.0,35.0,2,3064.8
Electronic City,1070.0,2.0,48.0,2,4485.98
Electronic City,1160.0,2.0,42.0,3,3620.69
Electronic City,1360.0,2.0,70.0,3,5147.06
Electronic City,635.0,1.0,28.0,1,4409.45
Electronic City,1128.0,2.0,65.45,2,5802.3
Electronic City,890.0,2.0,40.0,2,4494.38
Electronic City,1065.0,2.0,30.75,2,2887.32
Electronic City,1127.0,2.0,32.0,2,2839.4
Electronic City,825.0,2.0,35.0,2,4242.42
Electronic City,1200.0,2.0,40.5,2,3375.0
Electronic City,1360.0,2.0,58.0,3,4264.71
Electronic City,1400.0,2.0,40.45,3,2889.29
Electronic City,1065.0,2.0,30.76,2,2888.26
Electronic City,630.0,1.0,33.7,1,5349.21
Electronic City,1025.0,2.0,29.61,2,2888.78
Electronic City,1160.0,2.0,42.0,3,3620.69
Electronic City,660.0,1.0,16.5,2,2500.0
Electronic City,1400.0,3.0,90.0,3,6428.57
Electronic City,1287.0,3.0,55.0,3,4273.5
Electronic City,1258.0,2.0,85.5,2,6796.5
Electronic City,1386.0,2.0,85.0,2,6132.76
Electronic City,1025.0,2.0,50.0,2,4878.05
Electronic City,1140.0,2.0,33.84,2,2968.42
Electronic City,1070.0,2.0,55.0,2,5140.19
Electronic City,1342.0,2.0,72.0,2,5365.13
Electronic City,1275.0,3.0,70.0,3,5490.2
Electronic City,770.0,1.0,38.0,2,4935.06
Electronic City,1200.0,2.0,34.65,2,2887.5
Electronic City,1005.0,2.0,39.77,2,3957.21
Electronic City,1110.0,2.0,39.9,2,3594.59
Electronic City,660.0,1.0,23.0,2,3484.85
Electronic City,1644.0,3.0,92.59,3,5632.0
Electronic City,1250.0,2.0,62.0,2,4960.0
Electronic City,1020.0,2.0,30.27,2,2967.65
Electronic City,1025.0,2.0,29.6,2,2887.8
Electronic City,418.0,1.0,12.0,1,2870.81
Electronic City,1128.0,2.0,64.8,2,5744.68
Electronic City,1220.0,2.0,35.25,3,2889.34
Electronic City,1220.0,2.0,35.23,3,2887.7
Electronic City,1060.0,2.0,55.0,2,5188.68
Electronic City,710.0,1.0,40.42,1,5692.96
Electronic City,1000.0,2.0,29.95,2,2995.0
Electronic City,870.0,2.0,24.0,2,2758.62
Electronic City,1275.0,3.0,63.43,3,4974.9
Electronic City,1518.0,3.0,75.0,3,4940.71
Electronic City,1090.0,2.0,31.48,1,2888.07
Electronic City,1140.0,2.0,32.92,2,2887.72
Electronic City,1125.0,2.0,32.49,2,2888.0
Electronic City,1060.0,2.0,55.0,2,5188.68
Electronic City,1200.0,2.0,34.66,2,2888.33
Electronic City,1353.0,2.0,75.0,2,5543.24
Electronic City,660.0,1.0,18.0,2,2727.27
Electronic City,1128.0,2.0,67.0,2,5939.72
Electronic City,1070.0,2.0,57.0,2,5327.1
Electronic City,1700.0,3.0,90.0,3,5294.12
Electronic City,1521.0,2.0,57.5,3,3780.41
Electronic City,750.0,1.0,35.0,1,4666.67
Electronic City,1210.0,2.0,55.0,2,4545.45
Electronic City,1070.0,2.0,60.0,2,5607.48
Electronic City,1400.0,2.0,40.44,3,2888.57
Electronic City,1190.0,2.0,42.0,2,3529.41
Electronic City,880.0,2.0,19.0,2,2159.09
Electronic City,1150.0,2.0,38.08,2,3311.3
Electronic City,1615.0,3.0,97.0,3,6006.19
Electronic City,1165.0,2.0,33.65,2,2888.41
Electronic City,1221.0,2.0,68.0,2,5569.21
Electronic City,970.0,2.0,35.0,2,3608.25
Electronic City,1500.0,3.0,73.0,3,4866.67
Electronic City,995.0,2.0,48.0,2,4824.12
Electronic City,1342.0,2.0,90.0,2,6706.41
Electronic City,1320.0,2.0,38.12,3,2887.88
Electronic City,1128.0,2.0,63.5,2,5629.43
Electronic City,589.0,1.0,29.0,1,4923.6
Electronic City,1125.0,2.0,28.13,2,2500.44
Electronic City,825.0,2.0,30.0,2,3636.36
Electronic City,1575.0,3.0,94.5,3,6000.0
Electronic City,1070.0,2.0,48.0,2,4485.98
Electronic City,1025.0,2.0,54.0,2,5268.29
Electronic City,1500.0,2.0,70.0,3,4666.67
Electronic City,1500.0,2.0,64.5,3,4300.0
Electronic City,1140.0,2.0,32.93,2,2888.6
Electronic City,2093.0,4.0,134.0,4,6402.29
Electronic City,750.0,2.0,19.5,2,2600.0
Electronic City,1355.0,2.0,73.0,2,5387.45
Electronic City,1360.0,2.0,64.99,3,4778.68
Electronic City,1060.0,2.0,52.0,2,4905.66
Electronic City Phase II,1056.0,2.0,39.07,2,3699.81
Electronic City Phase II,1020.0,2.0,30.6,2,3000.0
Electronic City Phase II,1069.0,2.0,45.0,2,4209.54
Electronic City Phase II,630.0,1.0,28.35,1,4500.0
Electronic City Phase II,1220.0,2.0,35.23,3,2887.7
Electronic City Phase II,1000.0,2.0,25.0,2,2500.0
Electronic City Phase II,1090.0,2.0,28.34,2,2600.0
Electronic City Phase II,2225.0,4.0,98.88,4,4444.04
Electronic City Phase II,1400.0,2.0,40.43,3,2887.86
Electronic City Phase II,775.0,2.0,38.0,2,4903.23
Electronic City Phase II,1266.0,2.0,59.0,2,4660.35
Electronic City Phase II,1000.0,2.0,28.88,2,2888.0
Electronic City Phase II,1320.0,2.0,38.13,3,2888.64
Electronic City Phase II,1220.0,3.0,35.23,3,2887.7
Electronic City Phase II,972.0,2.0,44.0,2,4526.75
Electronic City Phase II,1400.0,2.0,40.43,3,2887.86
Electronic City Phase II,1031.0,2.0,55.0,2,5334.63
Electronic City Phase II,1003.0,2.0,40.6,2,4047.86
Electronic City Phase II,1031.0,2.0,56.35,2,5465.57
Electronic City Phase II,1320.0,2.0,38.12,3,2887.88
Electronic City Phase II,1395.0,2.0,62.78,3,4500.36
Electronic City Phase II,1160.0,2.0,33.5,2,2887.93
Electronic City Phase II,1065.0,2.0,30.75,2,2887.32
Electronic City Phase II,1219.0,2.0,61.25,2,5024.61
Electronic City Phase II,1400.0,2.0,41.58,3,2970.0
Electronic City Phase II,1000.0,2.0,28.88,2,2888.0
Electronic City Phase II,1790.0,3.0,100.0,3,5586.59
Electronic City Phase II,769.0,2.0,40.0,2,5201.56
Electronic City Phase II,1400.0,2.0,40.43,3,2887.86
Electronic City Phase II,900.0,2.0,32.5,2,3611.11
Electronic City Phase II,1329.0,2.0,41.0,3,3085.03
Electronic City Phase II,1220.0,3.0,35.23,3,2887.7
Electronic City Phase II,993.0,2.0,50.0,3,5035.25
Electronic City Phase II,1418.0,3.0,52.47,3,3700.28
Electronic City Phase II,1070.0,2.0,45.0,2,4205.61
Electronic City Phase II,1310.0,2.0,32.75,3,2500.0
Electronic City Phase II,1310.0,2.0,37.83,3,2887.79
Electronic City Phase II,1140.0,2.0,33.06,2,2900.0
Electronic City Phase II,1089.0,2.0,32.67,2,3000.0
Electronic City Phase II,1031.0,2.0,55.0,2,5334.63
Electronic City Phase II,1253.0,2.0,65.8,2,5251.4
Electronic City Phase II,1400.0,2.0,40.44,3,2888.57
Electronic City Phase II,1160.0,2.0,33.5,2,2887.93
Electronic City Phase II,975.0,2.0,45.0,3,4615.38
Electronic City Phase II,1116.0,2.0,37.0,2,3315.41
Electronic City Phase II,1125.0,2.0,29.25,2,2600.0
Electronic City Phase II,1000.0,2.0,28.88,2,2888.0
Electronic City Phase II,1000.0,2.0,28.88,2,2888.0
Electronic City Phase II,1000.0,2.0,28.88,2,2888.0
Electronic City Phase II,1165.0,2.0,30.29,2,2600.0
Electronic City Phase II,1031.0,2.0,53.0,2,5140.64
Electronic City Phase II,1611.0,2.0,48.33,3,3000.0
Electronic City Phase II,1065.0,2.0,30.88,2,2899.53
Electronic City Phase II,1220.0,3.0,36.6,3,3000.0
Electronic City Phase II,1549.0,3.0,80.0,3,5164.62
Electronic City Phase II,1065.0,2.0,56.13,2,5270.42
Electronic City Phase II,1320.0,2.0,38.13,3,2888.64
Electronic City Phase II,920.0,2.0,26.0,2,2826.09
Electronic City Phase II,1140.0,2.0,33.84,2,2968.42
Electronic City Phase II,1219.0,2.0,61.26,2,5025.43
Electronic City Phase II,1252.0,2.0,65.0,3,5191.69
Electronic City Phase II,1125.0,2.0,32.49,2,2888.0
Electronic City Phase II,1310.0,2.0,37.83,3,2887.79
Electronic City Phase II,1286.0,2.0,69.0,2,5365.47
Electronic City Phase II,1220.0,2.0,36.21,3,2968.03
Electronic City Phase II,1140.0,2.0,32.92,2,2887.72
Electronic City Phase II,1116.0,2.0,40.0,2,3584.23
Electronic City Phase II,1150.0,3.0,46.0,3,4000.0
Electronic City Phase II,1192.0,2.0,47.0,3,3942.95
Electronic City Phase II,1502.0,3.0,50.0,3,3328.89
Electronic City Phase II,1020.0,2.0,32.0,2,3137.25
Electronic City Phase II,1900.0,3.0,97.0,4,5105.26
Electronic City Phase II,1020.0,2.0,27.43,2,2689.22
Electronic City Phase II,1025.0,2.0,26.65,2,2600.0
Electronic City Phase II,1020.0,2.0,29.45,2,2887.25
Electronic City Phase II,1000.0,2.0,28.88,2,2888.0
Electronic City Phase II,1310.0,2.0,37.84,3,2888.55
Electronic City Phase II,1140.0,2.0,28.5,2,2500.0
Electronic City Phase II,1125.0,2.0,32.49,2,2888.0
Electronic City Phase II,1200.0,2.0,34.65,2,2887.5
Electronic City Phase II,1160.0,2.0,52.2,2,4500.0
Electronic City Phase II,1244.0,2.0,55.0,2,4421.22
Electronic City Phase II,1160.0,2.0,33.51,2,2888.79
Electronic City Phase II,1220.0,3.0,35.25,3,2889.34
Electronic City Phase II,1625.0,2.0,48.75,3,3000.0
Electronic City Phase II,972.0,2.0,40.0,2,4115.23
Electronic City Phase II,1160.0,2.0,33.51,2,2888.79
Electronic City Phase II,1400.0,2.0,40.45,3,2889.29
Electronic City Phase II,1090.0,2.0,31.48,2,2888.07
Electronic City Phase II,1140.0,2.0,32.92,2,2887.72
Electronic City Phase II,650.0,1.0,35.0,1,5384.62
Electronic City Phase II,1155.0,2.0,57.0,2,4935.06
Electronic City Phase II,1800.0,3.0,92.0,3,5111.11
Electronic City Phase II,1300.0,2.0,28.0,2,2153.85
Electronic City Phase II,1160.0,2.0,33.5,2,2887.93
Electronic City Phase II,1025.0,2.0,29.6,2,2887.8
Electronic City Phase II,829.0,2.0,22.8,2,2750.3
Electronic City Phase II,2187.5,4.0,105.0,4,4800.0
Electronic City Phase II,1252.0,2.0,67.0,2,5351.44
Electronic City Phase II,1320.0,2.0,38.12,3,2887.88
Electronic City Phase II,1125.0,2.0,32.63,2,2900.44
Electronic City Phase II,1140.0,2.0,34.0,2,2982.46
Electronic City Phase II,1310.0,2.0,37.84,3,2888.55
Electronic City Phase II,1400.0,2.0,40.43,3,2887.86
Electronic City Phase II,1252.0,2.0,65.0,3,5191.69
Electronic City Phase II,1135.0,2.0,46.0,2,4052.86
Electronic City Phase II,1305.0,3.0,65.0,3,4980.84
Electronic City Phase II,1165.0,2.0,33.64,2,2887.55
Electronic City Phase II,1400.0,2.0,40.44,3,2888.57
Electronic City Phase II,1336.0,2.0,50.35,3,3768.71
Electronic City Phase II,575.0,1.0,16.75,1,2913.04
Electronic City Phase II,925.0,2.0,49.82,3,5385.95
Electronic City Phase II,1065.0,2.0,30.76,2,2888.26
Electronic City Phase II,1065.0,2.0,30.75,2,2887.32
Electronic City Phase II,1140.0,2.0,33.06,2,2900.0
Electronic City Phase II,911.0,2.0,26.5,2,2908.89
Electronic City Phase II,1200.0,2.0,34.65,2,2887.5
Electronic City Phase II,1031.0,2.0,54.48,2,5284.19
Electronic City Phase II,1310.0,2.0,37.83,3,2887.79
Electronic City Phase II,1651.0,3.0,49.53,3,3000.0
Electronics City Phase 1,1070.0,2.0,45.5,2,4252.34
Electronics City Phase 1,1475.0,3.0,78.29,3,5307.8
Electronics City Phase 1,1490.0,3.0,78.8,3,5288.59
Electronics City Phase 1,1113.27,2.0,53.0,2,4760.75
Electronics City Phase 1,1490.0,3.0,84.0,3,5637.58
Electronics City Phase 1,1175.0,2.0,51.47,2,4380.43
Electronics City Phase 1,1160.0,2.0,52.0,2,4482.76
Electronics City Phase 1,920.0,2.0,33.0,2,3586.96
Electronics City Phase 1,1750.0,3.0,84.0,3,4800.0
Electronics City Phase 1,1350.0,3.0,55.0,3,4074.07
Electronics City Phase 1,940.0,2.0,40.0,2,4255.32
Electronics City Phase 1,1015.0,2.0,56.0,2,5517.24
Electronics City Phase 1,1595.0,3.0,75.0,3,4702.19
Electronics City Phase 1,1515.0,2.0,80.91,3,5340.59
Electronics City Phase 1,995.0,2.0,46.0,2,4623.12
Electronics City Phase 1,1555.0,2.0,82.0,3,5273.31
Electronics City Phase 1,1340.0,2.0,75.0,2,5597.01
Electronics City Phase 1,1124.0,2.0,55.0,3,4893.24
Electronics City Phase 1,1175.0,2.0,57.0,2,4851.06
Electronics City Phase 1,755.0,1.0,42.41,1,5617.22
Electronics City Phase 1,580.0,1.0,27.0,1,4655.17
Electronics City Phase 1,940.0,2.0,49.0,2,5212.77
Electronics City Phase 1,1335.0,2.0,67.0,2,5018.73
Electronics City Phase 1,1113.12,2.0,55.0,2,4941.07
Electronics City Phase 1,995.0,2.0,42.0,2,4221.11
Electronics City Phase 1,1350.0,3.0,71.0,3,5259.26
Electronics City Phase 1,1445.0,2.0,56.0,3,3875.43
Electronics City Phase 1,995.0,2.0,49.8,2,5005.03
Electronics City Phase 1,635.0,1.0,26.0,1,4094.49
Electronics City Phase 1,1190.0,2.0,68.0,2,5714.29
Electronics City Phase 1,1085.0,2.0,46.0,2,4239.63
Electronics City Phase 1,1450.0,3.0,72.54,3,5002.76
Electronics City Phase 1,360.0,1.0,16.9,1,4694.44
Electronics City Phase 1,638.0,1.0,32.0,1,5015.67
Electronics City Phase 1,1175.0,2.0,64.98,2,5530.21
Electronics City Phase 1,585.0,1.0,21.0,1,3589.74
Electronics City Phase 1,1200.0,2.0,59.76,2,4980.0
Electronics City Phase 1,1145.0,2.0,54.0,2,4716.16
Electronics City Phase 1,1125.0,2.0,65.0,2,5777.78
Electronics City Phase 1,1550.0,2.0,82.0,3,5290.32
Electronics City Phase 1,1175.0,2.0,50.0,2,4255.32
Electronics City Phase 1,865.0,2.0,40.0,2,4624.28
Electronics City Phase 1,1450.0,3.0,70.0,3,4827.59
Electronics City Phase 1,1450.0,2.0,63.51,3,4380.0
Electronics City Phase 1,1450.0,3.0,58.0,3,4000.0
Electronics City Phase 1,1800.0,3.0,93.0,3,5166.67
Electronics City Phase 1,1314.0,2.0,60.0,2,4566.21
Electronics City Phase 1,1170.0,2.0,62.0,2,5299.15
Electronics City Phase 1,1450.0,3.0,79.0,3,5448.28
Electronics City Phase 1,940.0,2.0,48.0,2,5106.38
Electronics City Phase 1,940.0,2.0,44.0,2,4680.85
Electronics City Phase 1,1300.0,2.0,67.0,2,5153.85
Electronics City Phase 1,1028.0,2.0,51.0,2,4961.09
Electronics City Phase 1,1080.0,2.0,46.0,2,4259.26
Electronics City Phase 1,1205.0,2.0,60.0,2,4979.25
Electronics City Phase 1,1900.0,3.0,85.0,3,4473.68
Electronics City Phase 1,1305.0,2.0,67.0,2,5134.1
Electronics City Phase 1,755.0,1.0,30.12,1,3989.4
Electronics City Phase 1,1175.0,2.0,60.0,2,5106.38
Esther Enclave Layout,1000.0,2.0,66.0,2,6600.0
Ferrar Nagar,1180.0,2.0,69.0,2,5847.46
Ferrar Nagar,2360.0,3.0,185.0,4,7838.98
Frazer Town,1700.0,3.0,180.0,3,10588.24
Frazer Town,1870.0,3.0,185.0,3,9893.05
Frazer Town,1750.0,3.0,150.0,3,8571.43
Frazer Town,4850.0,6.0,385.0,4,7938.14
Frazer Town,2000.0,3.0,200.0,3,10000.0
Frazer Town,3500.0,4.0,330.0,3,9428.57
Frazer Town,2350.0,4.0,285.0,3,12127.66
Frazer Town,1550.0,2.0,140.0,2,9032.26
Frazer Town,1900.0,4.0,145.0,3,7631.58
Frazer Town,2560.0,3.0,265.0,3,10351.56
Frazer Town,2400.0,3.0,260.0,3,10833.33
Frazer Town,4856.0,5.0,410.0,4,8443.16
Frazer Town,1315.0,2.0,140.0,2,10646.39
Frazer Town,1706.0,3.0,154.0,3,9026.96
Frazer Town,2079.0,3.0,220.0,3,10582.01
Frazer Town,3435.0,2.0,341.0,4,9927.22
Frazer Town,5400.0,3.0,400.0,3,7407.41
Frazer Town,1180.0,2.0,105.0,2,8898.31
Frazer Town,2900.0,4.0,325.0,4,11206.9
Frazer Town,1870.0,3.0,180.0,3,9625.67
Frazer Town,896.0,1.0,100.0,1,11160.71
Frazer Town,1420.0,2.0,120.0,2,8450.7
Friends Colony,1150.0,2.0,75.0,3,6521.74
GD Layout,1094.0,2.0,44.0,2,4021.94
GD Layout,1330.0,2.0,68.0,3,5112.78
GM Palaya,1820.0,2.0,86.0,3,4725.27
GM Palaya,1225.0,2.0,47.0,2,3836.73
GM Palaya,1140.0,2.0,48.95,2,4293.86
GM Palaya,1315.0,2.0,65.0,3,4942.97
GM Palaya,1315.0,3.0,65.0,3,4942.97
GM Palaya,1315.0,3.0,64.0,3,4866.92
GM Palaya,1735.0,3.0,70.0,3,4034.58
GM Palaya,1643.0,2.0,70.0,3,4260.5
Ganesha Block,2500.0,2.0,300.0,3,12000.0
Ganga Nagar,600.0,1.0,38.0,1,6333.33
Ganga Nagar,845.0,2.0,55.0,2,6508.88
Ganga Nagar,1112.0,2.0,68.0,2,6115.11
Ganga Nagar,998.0,2.0,65.0,2,6513.03
Ganga Nagar,1250.0,2.0,65.0,2,5200.0
Garebhavipalya,1200.0,2.0,75.0,2,6250.0
Garudachar Palya,1325.0,2.0,60.8,3,4588.68
Garudachar Palya,1060.0,2.0,48.7,2,4594.34
Garudachar Palya,1150.0,2.0,52.75,2,4586.96
Garudachar Palya,1295.0,2.0,59.5,3,4594.59
Garudachar Palya,1320.0,2.0,60.6,3,4590.91
Garudachar Palya,1295.0,2.0,59.5,3,4594.59
Garudachar Palya,1150.0,2.0,52.8,2,4591.3
Garudachar Palya,1150.0,2.0,52.8,2,4591.3
Garudachar Palya,1060.0,2.0,48.5,2,4575.47
Garudachar Palya,1150.0,2.0,52.5,2,4565.22
Garudachar Palya,1325.0,2.0,60.8,3,4588.68
Garudachar Palya,1060.0,2.0,48.66,2,4590.57
Garudachar Palya,1150.0,2.0,52.0,2,4521.74
Garudachar Palya,1154.0,2.0,51.8,2,4488.73
Garudachar Palya,1325.0,2.0,60.0,3,4528.3
Gattahalli,2000.0,2.0,95.0,3,4750.0
Geddalahalli,850.0,2.0,32.5,2,3823.53
Geddalahalli,893.0,2.0,34.5,2,3863.38
Giri Nagar,2400.0,4.0,400.0,4,16666.67
Giri Nagar,1800.0,3.0,252.0,3,14000.0
Giri Nagar,1350.0,3.0,240.0,3,17777.78
Giri Nagar,2400.0,4.0,400.0,4,16666.67
Giri Nagar,3000.0,4.0,375.0,6,12500.0
Giri Nagar,2400.0,6.0,400.0,6,16666.67
Giri Nagar,4000.0,3.0,750.0,4,18750.0
Gkvk Layout,1350.0,3.0,195.0,3,14444.44
Gkvk Layout,1200.0,4.0,180.0,3,15000.0
Glass Factory Layout,1539.0,3.0,60.0,3,3898.64
Glass Factory Layout,1450.0,3.0,65.0,3,4482.76
Gnana Bharathi,3600.0,6.0,170.0,6,4722.22
Gokula Extension,1372.0,2.0,90.0,3,6559.77
Gokula Extension,1400.0,3.0,90.0,3,6428.57
Gollahalli,1395.0,2.0,63.59,2,4558.42
Gollahalli,1325.0,2.0,47.0,3,3547.17
Gollahalli,1050.0,2.0,48.0,2,4571.43
Gollahalli,1170.0,2.0,45.51,2,3889.74
Gollahalli,1170.0,2.0,39.0,2,3333.33
Gollahalli,1418.0,2.0,62.0,2,4372.36
Gollarapalya Hosahalli,861.0,2.0,34.5,2,4006.97
Gollarapalya Hosahalli,1408.0,3.0,62.0,3,4403.41
Gollarapalya Hosahalli,861.0,2.0,34.5,2,4006.97
Gollarapalya Hosahalli,1318.0,3.0,54.0,3,4097.12
Gollarapalya Hosahalli,861.0,2.0,36.5,2,4239.26
Gollarapalya Hosahalli,1320.0,3.0,60.0,3,4545.45
Gollarapalya Hosahalli,1345.0,3.0,60.0,3,4460.97
Gollarapalya Hosahalli,1318.0,3.0,56.0,3,4248.86
Gollarapalya Hosahalli,1129.0,2.0,50.0,2,4428.7
Gopalapura,2023.71,3.0,275.0,3,13588.9
Gopalapura,3179.0,5.0,351.0,4,11041.21
Gopalapura,1950.2,3.0,261.0,3,13383.24
Gopalapura,2171.66,3.0,298.0,3,13722.22
Gopalkrishna Nagar,1280.0,2.0,75.0,2,5859.38
Gopalkrishna Nagar,1530.0,2.0,97.0,3,6339.87
Gopalkrishna Nagar,1155.0,2.0,65.0,2,5627.71
Gopalkrishna Nagar,1570.0,2.0,95.0,3,6050.96
Gopalkrishna Nagar,1155.0,2.0,64.0,2,5541.13
Gottigere,1100.0,2.0,40.0,2,3636.36
Gottigere,967.0,2.0,45.0,2,4653.57
Gottigere,1618.0,3.0,82.5,3,5098.89
Gottigere,1222.0,2.0,63.0,2,5155.48
Gottigere,1600.0,2.0,55.0,3,3437.5
Gottigere,1300.0,3.0,65.0,3,5000.0
Gottigere,950.0,2.0,38.0,2,4000.0
Gottigere,1153.0,2.0,48.5,2,4206.42
Gottigere,812.0,1.0,26.0,1,3201.97
Gottigere,2000.0,4.0,82.0,4,4100.0
Gottigere,1460.0,2.0,65.0,3,4452.05
Gottigere,1500.0,3.0,70.0,3,4666.67
Gottigere,1621.0,3.0,72.0,3,4441.7
Gottigere,812.0,1.0,26.0,1,3201.97
Gottigere,990.0,2.0,40.0,2,4040.4
Gottigere,1235.0,2.0,63.0,2,5101.21
Gottigere,1385.0,3.0,64.0,3,4620.94
Gottigere,1000.0,2.0,35.0,2,3500.0
Gottigere,1010.0,2.0,35.0,2,3465.35
Gottigere,1385.0,2.0,50.0,3,3610.11
Gottigere,1425.0,2.0,47.0,3,3298.25
Gottigere,1435.0,2.0,62.0,3,4320.56
Gottigere,945.0,2.0,45.0,2,4761.9
Gottigere,1400.0,2.0,50.0,3,3571.43
Gottigere,2500.0,3.0,120.0,4,4800.0
Gottigere,1230.0,2.0,52.0,3,4227.64
Gottigere,1120.0,2.0,50.0,2,4464.29
Gottigere,1500.0,3.0,63.0,3,4200.0
Gottigere,1200.0,2.0,40.0,2,3333.33
Gottigere,1280.0,2.0,61.0,2,4765.62
Gottigere,1205.0,2.0,56.58,2,4695.44
Gottigere,1170.0,2.0,40.0,2,3418.8
Gottigere,3000.0,3.0,132.0,4,4400.0
Gottigere,1613.0,3.0,72.0,3,4463.73
Gottigere,1110.0,2.0,36.25,2,3265.77
Gottigere,1245.0,2.0,59.0,2,4738.96
Gottigere,1200.0,2.0,50.0,2,4166.67
Govindapura,1310.0,2.0,88.0,2,6717.56
Govindaraja Nagar Ward,840.0,2.0,45.0,2,5357.14
Govindaraja Nagar Ward,2600.0,5.0,370.0,5,14230.77
Govindpura,1326.0,2.0,62.17,2,4688.54
Govindpura,1578.0,3.0,73.9,3,4683.14
Gowdanapalya,510.0,1.0,34.0,1,6666.67
Green Domain Layout,2100.0,3.0,170.0,3,8095.24
Green Domain Layout,1280.0,2.0,75.0,2,5859.38
Green Garden Layout,1045.0,2.0,45.0,2,4306.22
Green Glen Layout,1670.0,3.0,120.0,3,7185.63
Green Glen Layout,3250.0,4.0,230.0,4,7076.92
Green Glen Layout,1776.42,3.0,105.0,3,5910.76
Green Glen Layout,940.0,2.0,56.8,2,6042.55
Green Glen Layout,1075.0,2.0,60.0,2,5581.4
Green Glen Layout,1715.0,3.0,115.0,3,6705.54
Green Glen Layout,1751.0,2.0,115.0,3,6567.68
Green Glen Layout,1530.0,3.0,105.0,3,6862.75
Green Glen Layout,1752.0,3.0,105.0,3,5993.15
Green Glen Layout,1680.0,4.0,95.0,3,5654.76
Green Glen Layout,1728.0,3.0,125.0,3,7233.8
Green Glen Layout,1645.0,3.0,110.0,3,6686.93
Green Glen Layout,1517.0,3.0,100.0,3,6591.96
Green Glen Layout,3150.0,4.0,218.0,4,6920.63
Green Glen Layout,3270.0,4.0,205.0,4,6269.11
Green Glen Layout,1750.0,3.0,120.0,3,6857.14
Green Glen Layout,1751.0,3.0,115.0,3,6567.68
Green Glen Layout,1750.0,3.0,105.0,3,6000.0
Green Glen Layout,1885.0,3.0,135.0,3,7161.8
Green Glen Layout,1715.0,3.0,120.0,3,6997.08
Green Glen Layout,1623.29,2.0,105.0,3,6468.35
Green Glen Layout,1715.0,3.0,115.0,3,6705.54
Green Glen Layout,1715.0,3.0,105.0,3,6122.45
Green Glen Layout,1600.0,3.0,105.0,3,6562.5
Green Glen Layout,1717.0,3.0,125.0,3,7280.14
Green Glen Layout,1250.0,2.0,75.0,2,6000.0
Green Glen Layout,1715.0,3.0,112.0,3,6530.61
Green View Layout,1007.0,2.0,43.0,2,4270.11
Green View Layout,1000.0,2.0,36.0,2,3600.0
Green View Layout,1107.0,2.0,40.0,2,3613.37
Green View Layout,1108.0,2.0,48.0,2,4332.13
Green View Layout,1150.0,2.0,42.0,2,3652.17
Green View Layout,1010.0,2.0,41.0,2,4059.41
Green Woods Layout,1200.0,2.0,66.0,2,5500.0
Green Woods Layout,1206.0,2.0,53.0,2,4394.69
Gubbalala,1470.0,2.0,82.0,3,5578.23
Gubbalala,1745.0,3.0,104.0,3,5959.89
Gubbalala,1745.0,3.0,115.0,3,6590.26
Gubbalala,1745.0,3.0,110.0,3,6303.72
Gubbalala,1650.0,3.0,71.0,3,4303.03
Gubbalala,1205.0,2.0,70.0,2,5809.13
Gubbalala,1435.0,2.0,80.0,3,5574.91
Gubbalala,1475.0,2.0,80.0,2,5423.73
Gubbalala,2000.0,4.0,85.0,4,4250.0
Gubbalala,1100.0,2.0,49.5,2,4500.0
Gubbalala,1060.0,2.0,46.0,2,4339.62
Gubbalala,2000.0,3.0,125.0,3,6250.0
Gubbalala,4000.0,5.0,195.0,4,4875.0
Guddadahalli,1350.0,4.0,140.0,4,10370.37
Guddadahalli,1180.0,2.0,65.0,2,5508.47
Gulimangala,980.0,2.0,35.0,2,3571.43
Gunjur,1140.0,2.0,43.0,2,3771.93
Gunjur,1600.0,3.0,75.0,3,4687.5
Gunjur,2000.0,3.0,95.0,4,4750.0
Gunjur,1140.0,2.0,49.11,2,4307.89
Gunjur,1195.0,2.0,44.0,2,3682.01
Gunjur,1457.0,2.0,60.0,2,4118.05
Gunjur,1080.0,2.0,41.0,2,3796.3
Gunjur,2132.0,3.0,80.0,3,3752.35
Gunjur,1800.0,3.0,70.0,3,3888.89
Gunjur,1175.0,2.0,43.48,2,3700.43
Gunjur,1362.0,3.0,62.63,3,4598.38
Gunjur,1071.0,2.0,51.0,2,4761.9
Gunjur,1063.0,2.0,40.0,2,3762.94
Gunjur,1235.0,2.0,52.76,2,4272.06
Gunjur,1362.0,3.0,62.63,3,4598.38
Gunjur,1362.0,3.0,62.63,3,4598.38
Gunjur,1457.0,2.0,60.0,2,4118.05
Gunjur Palya,1050.0,2.0,43.0,2,4095.24
Gunjur Palya,1033.0,2.0,32.0,3,3097.77
Gunjur Palya,1400.0,3.0,45.0,3,3214.29
Gunjur Palya,993.0,2.0,42.0,2,4229.61
Gunjur Palya,1235.0,2.0,52.76,2,4272.06
HAL 2nd Stage,1490.0,2.0,300.0,3,20134.23
HAL 2nd Stage,600.0,3.0,145.0,2,24166.67
HAL 2nd Stage,2700.0,3.0,500.0,3,18518.52
HAL 2nd Stage,2040.0,4.0,500.0,5,24509.8
HAL 3rd Stage,1865.0,3.0,350.0,3,18766.76
HAL 3rd Stage,1200.0,2.0,49.0,2,4083.33
HBR Layout,2800.0,2.0,200.0,3,7142.86
HBR Layout,1200.0,4.0,120.0,4,10000.0
HBR Layout,1200.0,2.0,60.0,2,5000.0
HBR Layout,1004.0,2.0,49.0,2,4880.48
HBR Layout,1783.0,3.0,125.0,3,7010.66
HBR Layout,1656.0,3.0,90.0,3,5434.78
HBR Layout,1089.0,2.0,60.0,2,5509.64
HBR Layout,1700.0,3.0,110.0,3,6470.59
HBR Layout,1198.0,2.0,65.0,2,5425.71
HBR Layout,1200.0,4.0,115.0,4,9583.33
HBR Layout,1200.0,2.0,120.0,2,10000.0
HBR Layout,1832.0,3.0,160.0,3,8733.62
HMT Layout,1105.0,2.0,58.0,2,5248.87
HOSUR MAIN ROAD,1464.0,3.0,56.0,3,3825.14
HOSUR MAIN ROAD,1464.0,3.0,56.0,3,3825.14
HOSUR MAIN ROAD,1464.0,2.0,56.0,2,3825.14
HOSUR MAIN ROAD,1464.0,2.0,56.0,2,3825.14
HOSUR MAIN ROAD,1464.0,3.0,56.0,3,3825.14
HOSUR MAIN ROAD,1464.0,3.0,56.0,3,3825.14
HRBR Layout,1374.0,2.0,95.0,2,6914.12
HRBR Layout,1440.0,2.0,98.0,2,6805.56
HRBR Layout,1567.0,3.0,90.0,3,5743.46
HRBR Layout,2800.0,3.0,250.0,3,8928.57
HRBR Layout,1210.0,2.0,75.0,2,6198.35
HRBR Layout,1265.0,2.0,78.0,2,6166.01
HRBR Layout,1170.0,2.0,75.0,2,6410.26
HRBR Layout,1335.0,2.0,87.0,3,6516.85
HRBR Layout,1900.0,3.0,90.0,4,4736.84
HRBR Layout,1625.0,3.0,120.0,3,7384.62
HRBR Layout,1301.0,2.0,120.0,2,9223.67
HRBR Layout,1145.0,2.0,68.5,2,5982.53
HRBR Layout,1300.0,2.0,90.0,2,6923.08
HSR Layout,1400.0,3.0,56.0,3,4000.0
HSR Layout,1372.0,2.0,68.0,2,4956.27
HSR Layout,1430.0,2.0,65.0,3,4545.45
HSR Layout,1475.0,3.0,75.0,3,5084.75
HSR Layout,1467.0,2.0,55.0,2,3749.15
HSR Layout,1140.0,2.0,46.0,2,4035.09
HSR Layout,1372.0,2.0,61.0,2,4446.06
HSR Layout,1750.0,3.0,95.0,3,5428.57
HSR Layout,2424.0,3.0,90.0,3,3712.87
HSR Layout,1027.0,2.0,44.0,2,4284.32
HSR Layout,1650.0,3.0,110.0,3,6666.67
HSR Layout,1140.0,2.0,46.0,2,4035.09
HSR Layout,1372.0,2.0,61.0,2,4446.06
HSR Layout,1140.0,2.0,46.0,2,4035.09
HSR Layout,1185.0,2.0,60.0,2,5063.29
HSR Layout,1127.0,2.0,68.0,2,6033.72
HSR Layout,1600.0,2.0,115.0,3,7187.5
HSR Layout,1145.0,2.0,48.0,2,4192.14
HSR Layout,1009.0,2.0,56.0,2,5550.05
HSR Layout,1300.0,2.0,98.0,2,7538.46
HSR Layout,2400.0,3.0,88.0,3,3666.67
HSR Layout,1140.0,2.0,46.0,2,4035.09
HSR Layout,1126.0,2.0,69.0,2,6127.89
HSR Layout,1360.0,2.0,53.0,3,3897.06
HSR Layout,1140.0,2.0,46.0,2,4035.09
HSR Layout,1145.0,2.0,46.0,2,4017.47
HSR Layout,1142.0,2.0,65.0,2,5691.77
HSR Layout,1145.0,2.0,46.0,2,4017.47
HSR Layout,1844.0,3.0,95.0,3,5151.84
HSR Layout,1203.0,2.0,72.0,2,5985.04
HSR Layout,1140.0,2.0,46.0,2,4035.09
HSR Layout,1140.0,2.0,46.0,2,4035.09
HSR Layout,1145.0,2.0,46.0,2,4017.47
HSR Layout,1009.0,2.0,56.0,2,5550.05
HSR Layout,1145.0,2.0,46.0,2,4017.47
HSR Layout,1100.0,2.0,44.0,2,4000.0
HSR Layout,1203.0,2.0,60.0,2,4987.53
HSR Layout,1120.0,2.0,70.0,2,6250.0
HSR Layout,1140.0,2.0,46.0,2,4035.09
HSR Layout,1844.0,3.0,89.0,3,4826.46
HSR Layout,1203.0,2.0,60.0,2,4987.53
HSR Layout,1140.0,2.0,46.0,2,4035.09
Hadosiddapura,1200.0,3.0,165.0,3,13750.0
Hagadur,1086.0,2.0,47.5,2,4373.85
Hanumanth Nagar,1225.0,2.0,55.11,2,4498.78
Hanumanth Nagar,1220.0,2.0,54.89,2,4499.18
Hanumantha Nagar,3300.0,8.0,310.0,8,9393.94
Haralur Road,1240.0,2.0,70.0,2,5645.16
Haralur Road,1027.0,2.0,44.0,2,4284.32
Haralur Road,1464.0,3.0,56.0,3,3825.14
Haralur Road,2805.0,5.0,154.0,4,5490.2
Haralur Road,1194.0,2.0,47.0,2,3936.35
Haralur Road,1202.0,2.0,53.0,2,4409.32
Haralur Road,1056.0,2.0,61.0,2,5776.52
Haralur Road,1464.0,3.0,56.0,3,3825.14
Haralur Road,1810.0,3.0,100.0,3,5524.86
Haralur Road,1194.0,2.0,46.0,2,3852.6
Haralur Road,2805.0,4.0,154.0,4,5490.2
Haralur Road,1225.0,2.0,67.38,2,5500.41
Haralur Road,1243.0,2.0,46.0,2,3700.72
Haralur Road,1027.0,2.0,44.0,2,4284.32
Haralur Road,1920.0,3.0,115.0,3,5989.58
Haralur Road,1875.0,3.0,110.0,3,5866.67
Haralur Road,1194.0,2.0,47.0,2,3936.35
Haralur Road,1140.0,2.0,43.0,2,3771.93
Haralur Road,1027.0,2.0,44.0,2,4284.32
Haralur Road,1194.0,2.0,46.0,2,3852.6
Haralur Road,2017.0,3.0,125.0,3,6197.32
Haralur Road,1140.0,2.0,43.0,2,3771.93
Haralur Road,1875.0,3.0,110.0,3,5866.67
Haralur Road,1092.0,2.0,44.0,2,4029.3
Haralur Road,1300.0,2.0,73.0,2,5615.38
Haralur Road,1194.0,2.0,47.0,2,3936.35
Haralur Road,1243.0,2.0,46.0,2,3700.72
Haralur Road,1225.0,2.0,67.38,2,5500.41
Haralur Road,1243.0,2.0,46.0,2,3700.72
Haralur Road,1464.0,2.0,56.0,2,3825.14
Haralur Road,1230.0,2.0,78.0,2,6341.46
Haralur Road,1000.0,2.0,44.0,2,4400.0
Haralur Road,1300.0,2.0,79.0,2,6076.92
Haralur Road,1444.0,2.0,80.0,3,5540.17
Haralur Road,1088.0,2.0,68.0,2,6250.0
Haralur Road,1027.0,2.0,44.0,2,4284.32
Haralur Road,1464.0,3.0,56.0,3,3825.14
Haralur Road,1225.0,2.0,70.0,2,5714.29
Haralur Road,1464.0,3.0,56.0,3,3825.14
Haralur Road,1194.0,2.0,46.0,2,3852.6
Haralur Road,1830.0,3.0,101.0,3,5519.13
Haralur Road,1464.0,2.0,56.0,2,3825.14
Haralur Road,1520.0,2.0,96.0,3,6315.79
Haralur Road,1300.0,2.0,75.0,2,5769.23
Haralur Road,2017.0,2.0,125.0,3,6197.32
Haralur Road,1243.0,2.0,46.0,2,3700.72
Haralur Road,1027.0,2.0,44.0,2,4284.32
Haralur Road,2805.0,5.0,160.0,4,5704.1
Haralur Road,1243.0,2.0,46.0,2,3700.72
Haralur Road,1027.0,2.0,44.0,2,4284.32
Haralur Road,2017.0,3.0,105.0,3,5205.75
Haralur Road,1243.0,2.0,46.0,2,3700.72
Haralur Road,1243.0,2.0,46.0,2,3700.72
Haralur Road,1520.0,2.0,90.0,3,5921.05
Haralur Road,1300.0,2.0,60.0,2,4615.38
Haralur Road,1985.0,3.0,130.0,3,6549.12
Haralur Road,1056.0,2.0,60.0,2,5681.82
Haralur Road,1140.0,2.0,42.0,2,3684.21
Haralur Road,1245.0,2.0,62.0,2,4979.92
Haralur Road,1140.0,2.0,58.0,2,5087.72
Haralur Road,1140.0,2.0,42.0,2,3684.21
Haralur Road,1027.0,2.0,43.0,2,4186.95
Haralur Road,1194.0,2.0,47.0,2,3936.35
Haralur Road,1194.0,2.0,47.0,2,3936.35
Haralur Road,1560.0,3.0,90.0,3,5769.23
Haralur Road,1520.0,2.0,85.0,3,5592.11
Haralur Road,1243.0,2.0,45.0,2,3620.27
Haralur Road,1027.0,2.0,44.0,2,4284.32
Haralur Road,1194.0,2.0,46.0,2,3852.6
Haralur Road,1650.0,3.0,100.0,3,6060.61
Haralur Road,1580.0,3.0,73.0,3,4620.25
Haralur Road,1243.0,2.0,46.0,2,3700.72
Haralur Road,1194.0,2.0,47.0,2,3936.35
Haralur Road,2805.0,4.0,154.0,4,5490.2
Haralur Road,1520.0,2.0,96.0,3,6315.79
Haralur Road,1510.0,3.0,83.05,3,5500.0
Haralur Road,1056.0,2.0,65.0,2,6155.3
Haralur Road,1810.0,3.0,100.0,3,5524.86
Haralur Road,1243.0,2.0,46.0,2,3700.72
Haralur Road,575.0,1.0,38.0,1,6608.7
Haralur Road,1194.0,2.0,46.0,2,3852.6
Haralur Road,1243.0,2.0,46.0,2,3700.72
Haralur Road,1194.0,2.0,46.0,2,3852.6
Haralur Road,1140.0,2.0,43.0,2,3771.93
Haralur Road,1850.0,3.0,120.0,3,6486.49
Haralur Road,1194.0,2.0,47.0,2,3936.35
Haralur Road,1194.0,2.0,47.0,2,3936.35
Haralur Road,1464.0,3.0,56.0,3,3825.14
Haralur Road,1243.0,2.0,46.0,2,3700.72
Haralur Road,1710.0,3.0,85.0,3,4970.76
Haralur Road,1730.0,3.0,95.0,3,5491.33
Haralur Road,1243.0,2.0,46.0,2,3700.72
Haralur Road,1243.0,2.0,46.0,2,3700.72
Haralur Road,1243.0,2.0,46.0,2,3700.72
Haralur Road,1817.0,3.0,110.0,3,6053.94
Haralur Road,1225.0,2.0,77.0,2,6285.71
Haralur Road,1285.0,2.0,78.0,2,6070.04
Haralur Road,1225.0,2.0,67.48,2,5508.57
Haralur Road,1225.0,2.0,69.84,2,5701.22
Haralur Road,1200.0,2.0,46.0,2,3833.33
Haralur Road,1315.0,2.0,85.0,2,6463.88
Haralur Road,1976.0,3.0,92.0,3,4655.87
Haralur Road,1300.0,2.0,75.0,2,5769.23
Haralur Road,1309.0,2.0,82.0,2,6264.32
Haralur Road,1027.0,1.0,44.0,2,4284.32
Haralur Road,1243.0,2.0,46.0,2,3700.72
Haralur Road,1243.0,2.0,46.0,2,3700.72
Haralur Road,1140.0,2.0,43.0,2,3771.93
Haralur Road,1300.0,2.0,75.0,2,5769.23
Haralur Road,1243.0,2.0,46.0,2,3700.72
Haralur Road,1890.0,3.0,84.0,3,4444.44
Haralur Road,1230.0,2.0,67.65,2,5500.0
Haralur Road,1194.0,2.0,46.0,2,3852.6
Haralur Road,1092.0,2.0,44.0,2,4029.3
Haralur Road,1464.0,3.0,56.0,3,3825.14
Haralur Road,1735.0,3.0,97.0,3,5590.78
Haralur Road,1810.0,3.0,97.83,3,5404.97
Haralur Road,1200.0,2.0,46.0,2,3833.33
Haralur Road,1243.0,2.0,46.0,2,3700.72
Haralur Road,1810.0,3.0,112.0,3,6187.85
Harappanahalli,2400.0,2.0,95.0,2,3958.33
Harlur,1174.0,2.0,69.0,2,5877.34
Harlur,1197.0,2.0,84.0,2,7017.54
Harlur,1757.0,3.0,132.0,3,7512.81
Harlur,1174.0,2.0,76.0,2,6473.59
Harlur,1754.0,3.0,125.0,3,7126.57
Harlur,1290.0,2.0,85.0,2,6589.15
Harlur,1752.12,3.0,116.0,3,6620.55
Harlur,1754.0,3.0,124.0,3,7069.56
Harlur,1152.0,2.0,69.0,2,5989.58
Harlur,1290.0,2.0,87.0,2,6744.19
Harlur,1749.0,3.0,115.0,3,6575.19
Harlur,2240.0,5.0,155.0,3,6919.64
Harlur,1884.0,4.0,120.0,4,6369.43
Harlur,1197.0,2.0,79.0,2,6599.83
Harlur,1174.0,2.0,78.0,2,6643.95
Harlur,1730.0,3.0,100.0,3,5780.35
Harlur,1197.0,2.0,79.0,2,6599.83
Harlur,1749.0,3.0,112.0,3,6403.66
Harlur,1174.0,2.0,75.0,2,6388.42
Harlur,1620.0,3.0,110.0,3,6790.12
Harlur,1414.0,3.0,77.5,3,5480.91
Harlur,1630.0,3.0,95.1,3,5834.36
Harlur,1762.0,3.0,133.0,3,7548.24
Harlur,1756.0,3.0,131.0,3,7460.14
Harlur,1755.0,3.0,130.0,3,7407.41
Harlur,1864.0,3.0,140.0,3,7510.73
Harlur,1331.0,2.0,88.0,2,6611.57
Harlur,1756.0,3.0,128.0,3,7289.29
Harlur,1749.0,3.0,120.0,3,6861.06
Harlur,1197.0,2.0,82.0,2,6850.46
Harlur,1303.0,2.0,90.0,2,6907.14
Harlur,1754.0,3.0,132.0,3,7525.66
Harlur,1174.0,2.0,75.0,2,6388.42
Harlur,1197.0,2.0,78.0,2,6516.29
Harlur,1290.0,2.0,89.9,2,6968.99
Harlur,1386.0,2.0,85.0,2,6132.76
Harlur,1174.0,2.0,74.0,2,6303.24
Harlur,1174.0,2.0,78.0,2,6643.95
Harlur,1755.0,3.0,115.0,3,6552.71
Harlur,2820.0,4.0,153.5,4,5443.26
Harlur,2569.0,4.0,175.0,4,6811.99
Harlur,1197.0,2.0,77.0,2,6432.75
Harlur,1752.12,3.0,125.0,3,7134.21
Harlur,2569.0,5.0,180.0,4,7006.62
Harlur,1197.0,2.0,76.0,2,6349.21
Harlur,1197.0,2.0,75.0,2,6265.66
Harlur,1755.0,3.0,117.0,3,6666.67
Harlur,1197.0,2.0,79.9,2,6675.02
Harlur,2990.0,4.0,225.0,4,7525.08
Harlur,1370.0,2.0,88.0,2,6423.36
Harlur,1335.0,2.0,72.76,2,5450.19
Harsha Layout,500.0,1.0,16.0,1,3200.0
Harsha Layout,450.0,1.0,20.0,1,4444.44
Hebbal,1760.0,2.0,123.0,3,6988.64
Hebbal,5611.5,4.0,477.0,4,8500.4
Hebbal,1900.0,3.0,119.0,3,6263.16
Hebbal,1349.0,2.0,98.2,2,7279.47
Hebbal,2483.0,5.0,212.0,4,8538.06
Hebbal,1760.0,2.0,130.0,3,7386.36
Hebbal,3450.0,5.0,260.0,3,7536.23
Hebbal,1920.0,3.0,134.0,3,6979.17
Hebbal,1337.0,2.0,82.0,2,6133.13
Hebbal,1349.0,2.0,98.0,2,7264.64
Hebbal,1255.0,2.0,77.68,3,6189.64
Hebbal,1355.0,3.0,83.87,3,6189.67
Hebbal,1790.0,3.0,127.0,3,7094.97
Hebbal,687.325,2.0,42.72,2,6215.4
Hebbal,2790.0,5.0,198.0,4,7096.77
Hebbal,1985.0,4.0,189.0,3,9521.41
Hebbal,2483.0,5.0,215.0,4,8658.88
Hebbal,1080.0,2.0,54.0,2,5000.0
Hebbal,812.0,2.0,55.0,2,6773.4
Hebbal,2790.0,4.0,198.0,4,7096.77
Hebbal,3067.0,4.0,230.0,4,7499.18
Hebbal,2526.0,2.0,250.0,3,9897.07
Hebbal,3067.0,4.0,230.0,4,7499.18
Hebbal,1255.0,2.0,77.68,3,6189.64
Hebbal,823.0,2.0,50.63,2,6151.88
Hebbal,1420.0,2.0,123.0,2,8661.97
Hebbal,1069.0,3.0,65.4,3,6117.87
Hebbal,1420.0,2.0,99.39,2,6999.3
Hebbal,4235.0,4.0,365.0,4,8618.65
Hebbal,1700.0,3.0,124.0,3,7294.12
Hebbal,3960.0,5.0,386.0,4,9747.47
Hebbal,1420.0,2.0,99.39,2,6999.3
Hebbal,1355.0,3.0,83.87,3,6189.67
Hebbal,1440.0,2.0,115.0,2,7986.11
Hebbal,1100.0,2.0,54.0,2,4909.09
Hebbal,1355.0,3.0,83.87,3,6189.67
Hebbal,2400.0,4.0,180.0,3,7500.0
Hebbal,1255.0,2.0,77.68,3,6189.64
Hebbal,1420.0,2.0,107.0,2,7535.21
Hebbal,1320.0,2.0,92.0,2,6969.7
Hebbal,919.0,2.0,49.0,2,5331.88
Hebbal,1645.0,3.0,135.0,3,8206.69
Hebbal,2080.0,3.0,175.0,3,8413.46
Hebbal,1355.0,3.0,83.87,3,6189.67
Hebbal,2483.0,5.0,230.0,4,9262.99
Hebbal,2600.0,3.0,195.0,3,7500.0
Hebbal,1645.0,3.0,117.0,3,7112.46
Hebbal,1251.0,2.0,88.73,2,7092.73
Hebbal,1645.0,3.0,121.0,3,7355.62
Hebbal,1760.0,3.0,123.0,3,6988.64
Hebbal,2790.0,4.0,198.0,4,7096.77
Hebbal,3960.0,5.0,386.0,4,9747.47
Hebbal,1645.0,3.0,120.0,3,7294.83
Hebbal,1255.0,2.0,90.0,3,7171.31
Hebbal,1645.0,3.0,117.0,3,7112.46
Hebbal,1255.0,3.0,77.68,3,6189.64
Hebbal,1586.0,3.0,90.0,3,5674.65
Hebbal,1636.0,3.0,119.0,3,7273.84
Hebbal,1255.0,2.0,95.0,3,7569.72
Hebbal,2790.0,4.0,198.0,4,7096.77
Hebbal,1269.0,2.0,73.0,3,5752.56
Hebbal,1255.0,2.0,95.0,3,7569.72
Hebbal,1088.0,2.0,61.45,2,5647.98
Hebbal,1349.0,2.0,97.8,2,7249.81
Hebbal,1255.0,3.0,77.68,3,6189.64
Hebbal,1344.0,2.0,108.0,2,8035.71
Hebbal,1255.0,2.0,90.0,3,7171.31
Hebbal,1255.0,3.0,77.68,3,6189.64
Hebbal,1138.0,2.0,110.0,2,9666.08
Hebbal,2790.0,5.0,204.0,4,7311.83
Hebbal,1088.0,2.0,62.0,2,5698.53
Hebbal,1987.0,4.0,165.0,3,8303.98
Hebbal,2790.0,5.0,198.0,4,7096.77
Hebbal,1299.0,2.0,100.0,2,7698.23
Hebbal,1200.0,2.0,60.0,2,5000.0
Hebbal,1645.0,3.0,117.0,3,7112.46
Hebbal,1390.0,2.0,95.0,2,6834.53
Hebbal,1333.0,2.0,100.0,2,7501.88
Hebbal,1355.0,3.0,83.87,3,6189.67
Hebbal,2650.0,4.0,199.0,3,7509.43
Hebbal,1800.0,3.0,140.0,3,7777.78
Hebbal,1860.0,3.0,95.0,3,5107.53
Hebbal,2470.0,4.0,203.0,4,8218.62
Hebbal,1255.0,2.0,95.0,3,7569.72
Hebbal,1333.0,2.0,104.0,2,7801.95
Hebbal,1645.0,3.0,117.0,3,7112.46
Hebbal,2600.0,3.0,199.0,3,7653.85
Hebbal,1345.0,2.0,97.0,2,7211.9
Hebbal,1110.0,3.0,59.0,3,5315.32
Hebbal,985.0,2.0,62.0,2,6294.42
Hebbal,1320.0,2.0,91.0,2,6893.94
Hebbal,2388.0,3.0,195.0,3,8165.83
Hebbal,1040.0,2.0,55.0,2,5288.46
Hebbal,1315.0,3.0,65.0,3,4942.97
Hebbal,2600.0,3.0,195.0,3,7500.0
Hebbal,2630.0,5.0,188.0,4,7148.29
Hebbal,2790.0,5.0,198.0,4,7096.77
Hebbal,1645.0,3.0,113.0,3,6869.3
Hebbal,1355.0,3.0,83.87,3,6189.67
Hebbal,1420.0,2.0,99.39,2,6999.3
Hebbal,1590.0,3.0,96.0,3,6037.74
Hebbal,3520.0,5.0,320.0,3,9090.91
Hebbal,1162.0,2.0,69.0,2,5938.04
Hebbal,1100.0,2.0,60.0,2,5454.55
Hebbal,4235.0,5.0,364.0,4,8595.04
Hebbal,1299.0,2.0,97.0,2,7467.28
Hebbal,1255.0,3.0,77.68,3,6189.64
Hebbal,2470.0,5.0,192.0,4,7773.28
Hebbal,1645.0,3.0,117.0,3,7112.46
Hebbal,1920.0,3.0,134.0,3,6979.17
Hebbal,3520.0,5.0,240.0,3,6818.18
Hebbal,1920.0,3.0,150.0,3,7812.5
Hebbal,2375.0,4.0,189.0,4,7957.89
Hebbal,1420.0,2.0,99.26,2,6990.14
Hebbal,1252.0,2.0,92.0,2,7348.24
Hebbal,2790.0,4.0,198.0,4,7096.77
Hebbal,1162.0,2.0,59.0,2,5077.45
Hebbal,1294.0,2.0,115.0,2,8887.17
Hebbal,4225.0,6.0,359.0,4,8497.04
Hebbal,1150.0,2.0,57.0,2,4956.52
Hebbal,1740.0,2.0,137.0,3,7873.56
Hebbal,1430.0,3.0,85.0,3,5944.06
Hebbal,1662.0,3.0,155.0,3,9326.11
Hebbal,1349.0,2.0,98.0,2,7264.64
Hebbal,4000.0,6.0,370.0,4,9250.0
Hebbal,1349.0,2.0,96.8,2,7175.69
Hebbal Kempapura,1700.0,3.0,155.0,3,9117.65
Hebbal Kempapura,1800.0,3.0,175.0,3,9722.22
Hebbal Kempapura,3522.0,3.0,380.0,3,10789.32
Hebbal Kempapura,1200.0,2.0,125.0,2,10416.67
Hebbal Kempapura,1300.0,2.0,102.0,2,7846.15
Hebbal Kempapura,1466.0,2.0,140.0,3,9549.8
Hebbal Kempapura,1725.0,2.0,165.0,3,9565.22
Hebbal Kempapura,3408.0,3.0,260.0,3,7629.11
Hebbal Kempapura,1485.0,3.0,132.0,2,8888.89
Hebbal Kempapura,1400.0,2.0,108.0,2,7714.29
Hebbal Kempapura,1800.0,3.0,150.0,3,8333.33
Hebbal Kempapura,2400.0,5.0,200.0,5,8333.33
Hebbal Kempapura,2800.0,5.0,220.0,5,7857.14
Hebbal Kempapura,1785.0,3.0,165.0,3,9243.7
Hebbal Kempapura,3729.0,4.0,384.0,4,10297.67
Hebbal Kempapura,1600.0,3.0,170.0,3,10625.0
Hebbal Kempapura,1730.0,3.0,175.0,3,10115.61
Hebbal Kempapura,2485.0,4.0,198.0,4,7967.81
Hegde Nagar,1569.0,3.0,101.0,3,6437.22
Hegde Nagar,3000.0,7.0,210.0,6,7000.0
Hegde Nagar,2026.0,3.0,132.0,3,6515.3
Hegde Nagar,1801.0,3.0,115.0,3,6385.34
Hegde Nagar,1341.0,2.0,97.0,2,7233.41
Hegde Nagar,2112.95,4.0,145.0,3,6862.44
Hegde Nagar,1200.0,4.0,83.0,4,6916.67
Hegde Nagar,1703.0,3.0,113.0,3,6635.35
Hegde Nagar,1570.0,3.0,105.0,3,6687.9
Hegde Nagar,1801.0,3.0,140.0,3,7773.46
Hegde Nagar,1584.01,3.0,103.0,3,6502.48
Hegde Nagar,1965.0,4.0,125.0,3,6361.32
Hegde Nagar,1200.0,2.0,75.0,2,6250.0
Hegde Nagar,1847.0,3.0,135.0,3,7309.15
Hegde Nagar,1965.0,4.0,132.0,3,6717.56
Hegde Nagar,1703.0,3.0,125.0,3,7339.99
Hegde Nagar,1847.0,3.0,125.0,3,6767.73
Hegde Nagar,2144.6,4.0,145.0,3,6761.17
Hegde Nagar,1718.0,3.0,119.0,3,6926.66
Hegde Nagar,1847.0,3.0,123.0,3,6659.45
Hegde Nagar,1340.0,2.0,72.0,2,5373.13
Hegde Nagar,2087.01,3.0,115.0,3,5510.28
Hegde Nagar,1703.0,3.0,130.0,3,7633.59
Hegde Nagar,2087.01,4.0,135.0,3,6468.58
Hegde Nagar,1718.0,3.0,130.0,3,7566.94
Hegde Nagar,1884.0,4.0,118.0,3,6263.27
Hegde Nagar,1930.0,4.0,122.0,3,6321.24
Hegde Nagar,1584.01,3.0,104.0,3,6565.62
Hegde Nagar,1168.0,2.0,68.0,3,5821.92
Hegde Nagar,2162.03,4.0,129.0,3,5966.61
Hegde Nagar,2087.01,4.0,160.0,3,7666.47
Hegde Nagar,1000.0,2.0,66.0,2,6600.0
Hegde Nagar,1348.0,2.0,80.5,3,5971.81
Hegganahalli,1200.0,1.0,48.0,1,4000.0
Hegganahalli,1200.0,1.0,48.0,1,4000.0
Hennur,1075.0,2.0,52.0,2,4837.21
Hennur,1255.0,2.0,52.32,2,4168.92
Hennur,1225.0,2.0,57.0,2,4653.06
Hennur,1255.0,2.0,57.5,2,4581.67
Hennur,1259.0,2.0,57.0,2,4527.4
Hennur,1255.0,2.0,53.5,2,4262.95
Hennur,1285.0,2.0,60.0,2,4669.26
Hennur,1285.0,2.0,60.0,2,4669.26
Hennur,1100.0,2.0,60.0,2,5454.55
Hennur,1231.0,2.0,48.0,2,3899.27
Hennur,1255.0,2.0,58.0,2,4621.51
Hennur,1040.0,2.0,42.12,2,4050.0
Hennur,1255.0,2.0,54.5,2,4342.63
Hennur,1041.0,2.0,40.6,2,3900.1
Hennur,1340.0,3.0,54.24,3,4047.76
Hennur,1255.0,2.0,55.5,2,4422.31
Hennur,1260.0,2.0,52.0,3,4126.98
Hennur,1231.0,2.0,50.0,2,4061.74
Hennur,2500.0,5.0,125.0,5,5000.0
Hennur,1160.0,2.0,49.0,2,4224.14
Hennur,1255.0,2.0,53.5,2,4262.95
Hennur,1255.0,2.0,55.5,2,4422.31
Hennur,1100.0,2.0,44.55,2,4050.0
Hennur,1255.0,2.0,57.5,2,4581.67
Hennur,960.0,2.0,48.0,2,5000.0
Hennur,1020.0,2.0,48.0,2,4705.88
Hennur,1255.0,2.0,52.32,2,4168.92
Hennur,1295.0,2.0,64.0,2,4942.08
Hennur,1935.0,3.0,102.0,3,5271.32
Hennur,1655.0,2.0,70.5,3,4259.82
Hennur,1345.0,2.0,69.0,3,5130.11
Hennur,1255.0,2.0,58.0,2,4621.51
Hennur,1420.0,2.0,62.0,2,4366.2
Hennur,1155.0,2.0,54.5,2,4718.61
Hennur,1255.0,2.0,52.32,2,4168.92
Hennur,1255.0,2.0,52.35,2,4171.31
Hennur,1340.0,2.0,54.27,3,4050.0
Hennur,1255.0,2.0,54.5,2,4342.63
Hennur,1830.0,2.0,113.0,3,6174.86
Hennur,1830.5,3.0,84.205,3,4600.11
Hennur,1255.0,2.0,55.5,2,4422.31
Hennur,1255.0,2.0,53.57,2,4268.53
Hennur,1255.0,2.0,56.5,2,4501.99
Hennur,1050.0,2.0,42.73,2,4069.52
Hennur,1295.0,2.0,62.0,2,4787.64
Hennur Bande,1200.0,2.0,70.0,2,5833.33
Hennur Gardens,1945.0,3.0,120.0,3,6169.67
Hennur Gardens,1490.0,2.0,115.0,3,7718.12
Hennur Gardens,1464.0,2.0,115.0,3,7855.19
Hennur Gardens,1441.0,2.0,115.0,2,7980.57
Hennur Gardens,1945.0,3.0,135.0,3,6940.87
Hennur Road,2089.0,3.0,140.0,3,6701.77
Hennur Road,1385.0,2.0,83.09,2,5999.28
Hennur Road,1317.5,2.0,63.77,2,4840.23
Hennur Road,1500.0,2.0,62.0,3,4133.33
Hennur Road,2264.0,3.0,159.0,3,7022.97
Hennur Road,1157.0,2.0,84.0,2,7260.16
Hennur Road,1904.0,3.0,120.0,3,6302.52
Hennur Road,1891.0,3.0,109.0,3,5764.15
Hennur Road,1561.0,3.0,95.0,3,6085.84
Hennur Road,1192.0,2.0,60.0,3,5033.56
Hennur Road,2060.0,3.0,149.0,3,7233.01
Hennur Road,1482.0,2.0,92.0,3,6207.83
Hennur Road,1232.0,2.0,89.0,2,7224.03
Hennur Road,1065.0,2.0,42.6,2,4000.0
Hennur Road,1482.0,2.0,83.73,3,5649.8
Hennur Road,1482.0,2.0,87.0,3,5870.45
Hennur Road,1891.0,3.0,139.0,3,7350.61
Hennur Road,1232.0,2.0,69.61,2,5650.16
Hennur Road,987.0,2.0,49.0,2,4964.54
Hennur Road,1804.0,3.0,102.0,3,5654.1
Hennur Road,2160.0,3.0,160.0,3,7407.41
Hennur Road,1186.0,2.0,63.0,3,5311.97
Hennur Road,1065.0,2.0,42.6,2,4000.0
Hennur Road,1385.0,2.0,83.09,2,5999.28
Hennur Road,1186.0,2.0,56.0,3,4721.75
Hennur Road,2350.0,3.0,174.0,3,7404.26
Hennur Road,1586.0,3.0,93.94,3,5923.08
Hennur Road,1975.0,3.0,123.0,3,6227.85
Hennur Road,1290.0,2.0,94.5,3,7325.58
Hennur Road,901.0,2.0,49.5,2,5493.9
Hennur Road,1445.0,3.0,86.56,3,5990.31
Hennur Road,1482.0,2.0,97.0,3,6545.21
Hennur Road,1182.0,2.0,82.5,2,6979.7
Hennur Road,1192.0,2.0,62.0,3,5201.34
Hennur Road,1036.0,2.0,59.46,2,5739.38
Hennur Road,1891.0,3.0,109.0,3,5764.15
Hennur Road,1232.0,2.0,69.61,2,5650.16
Hennur Road,1804.0,3.0,102.0,3,5654.1
Hennur Road,2320.0,3.0,170.0,3,7327.59
Hennur Road,1936.0,3.0,118.0,3,6095.04
Hennur Road,1480.0,2.0,65.0,2,4391.89
Hennur Road,1590.0,3.0,96.5,3,6069.18
Hennur Road,1445.0,2.0,105.0,3,7266.44
Hennur Road,1036.0,2.0,59.45,2,5738.42
Hennur Road,1832.0,3.0,125.0,3,6823.14
Hennur Road,1359.0,2.0,104.0,2,7652.69
Hennur Road,1341.0,2.0,75.76,2,5649.52
Hennur Road,1040.0,2.0,50.0,2,4807.69
Hennur Road,1685.0,3.0,95.0,3,5637.98
Hennur Road,1949.0,3.0,133.0,3,6824.01
Hennur Road,1232.0,2.0,89.0,2,7224.03
Hennur Road,1250.0,2.0,77.88,3,6230.4
Hennur Road,2502.0,4.0,180.0,4,7194.24
Hennur Road,1831.0,3.0,110.0,3,6007.65
Hennur Road,1232.0,2.0,87.0,2,7061.69
Hennur Road,1232.0,2.0,74.0,2,6006.49
Hennur Road,1232.0,2.0,66.0,2,5357.14
Hennur Road,1341.0,2.0,95.0,2,7084.27
Hennur Road,2700.0,3.0,150.0,3,5555.56
Hennur Road,1232.0,2.0,88.0,2,7142.86
Hennur Road,2365.0,4.0,175.0,3,7399.58
Hennur Road,1310.0,2.0,66.0,2,5038.17
Hennur Road,1552.0,3.0,75.0,3,4832.47
Hennur Road,1015.0,2.0,50.0,2,4926.11
Hennur Road,1186.0,2.0,55.33,3,4665.26
Hennur Road,2264.0,3.0,168.0,3,7420.49
Hennur Road,2002.0,3.0,120.0,3,5994.01
Hennur Road,1232.0,2.0,69.6,2,5649.35
Hennur Road,1195.0,2.0,73.0,2,6108.79
Hennur Road,1020.0,2.0,47.0,2,4607.84
Hennur Road,5100.0,6.0,375.0,5,7352.94
Hennur Road,1061.0,2.0,54.92,2,5176.25
Hennur Road,1585.0,2.0,80.0,3,5047.32
Hennur Road,1020.0,2.0,45.0,2,4411.76
Hennur Road,2041.0,3.0,128.0,3,6271.44
Hennur Road,1232.0,2.0,87.0,2,7061.69
Hennur Road,1066.0,2.0,52.23,2,4899.62
Hennur Road,973.0,2.0,56.0,2,5755.4
Hennur Road,1255.0,2.0,84.0,2,6693.23
Hennur Road,1232.0,2.0,83.0,2,6737.01
Hennur Road,1832.0,3.0,116.0,3,6331.88
Hennur Road,1445.0,2.0,86.69,3,5999.31
Hennur Road,1445.0,2.0,83.0,3,5743.94
Hennur Road,1679.0,3.0,94.86,3,5649.79
Hennur Road,1482.0,2.0,68.9,3,4649.12
Hennur Road,1450.0,3.0,88.6,3,6110.34
Hennur Road,1155.0,2.0,69.18,2,5989.61
Hennur Road,1053.0,2.0,53.0,2,5033.24
Hennur Road,1195.0,2.0,59.0,2,4937.24
Hennur Road,1904.0,3.0,129.0,3,6775.21
Hennur Road,1981.0,3.0,134.0,3,6764.26
Hennur Road,1155.0,2.0,69.18,2,5989.61
Hennur Road,2000.0,4.0,90.0,4,4500.0
Hennur Road,1590.0,3.0,105.0,3,6603.77
Hennur Road,2041.0,3.0,138.0,3,6761.39
Hennur Road,1100.0,2.0,78.0,3,7090.91
Hennur Road,1880.0,4.0,154.0,4,8191.49
Hennur Road,1232.0,2.0,69.61,2,5650.16
Hennur Road,1460.0,2.0,80.3,2,5500.0
Hennur Road,1570.0,3.0,75.99,3,4840.13
Hennur Road,1933.0,3.0,140.0,3,7242.63
Hennur Road,1030.0,2.0,46.5,2,4514.56
Hennur Road,1232.0,2.0,69.61,2,5650.16
Hennur Road,1450.0,3.0,79.0,3,5448.28
Hennur Road,1445.0,2.0,89.56,3,6197.92
Hennur Road,973.0,2.0,50.74,2,5214.8
Hennur Road,1482.0,2.0,83.73,3,5649.8
Hennur Road,1305.0,2.0,77.0,3,5900.38
Hennur Road,1672.0,3.0,86.0,3,5143.54
Hennur Road,1165.0,2.0,67.0,2,5751.07
Hennur Road,980.0,2.0,51.0,2,5204.08
Hennur Road,1232.0,2.0,80.0,2,6493.51
Hennur Road,1085.0,2.0,43.4,2,4000.0
Hennur Road,950.0,2.0,55.0,2,5789.47
Hennur Road,1140.0,2.0,56.0,2,4912.28
Hennur Road,1891.0,3.0,110.0,3,5817.03
Hennur Road,1735.0,3.0,78.0,3,4495.68
Hennur Road,1470.0,2.0,75.0,3,5102.04
Hennur Road,1165.0,2.0,52.0,2,4463.52
Hennur Road,1450.0,2.0,80.0,2,5517.24
Hennur Road,1155.0,2.0,69.18,2,5989.61
Hennur Road,1936.0,3.0,131.0,3,6766.53
Herohalli,1800.0,1.0,80.0,2,4444.44
Herohalli,1200.0,2.0,70.0,3,5833.33
Hessarghatta,700.0,2.0,27.0,2,3857.14
Hessarghatta,900.0,2.0,42.0,2,4666.67
Hessarghatta,1330.0,3.0,65.0,3,4887.22
Hessarghatta,1062.0,2.0,50.0,2,4708.1
Himagiri Meadows,1240.0,4.0,180.0,3,14516.13
Himagiri Meadows,1350.0,4.0,175.0,4,12962.96
Hiremath Layout,1435.0,3.0,70.0,3,4878.05
Hiremath Layout,1140.0,2.0,56.0,2,4912.28
Hiremath Layout,1715.0,3.0,95.0,3,5539.36
Hongasandra,1150.0,2.0,49.0,2,4260.87
Hongasandra,1065.0,2.0,45.0,2,4225.35
Hongasandra,1065.0,2.0,45.0,2,4225.35
Hoodi,985.0,2.0,67.0,2,6802.03
Hoodi,1715.0,2.0,95.0,3,5539.36
Hoodi,2118.0,4.0,111.0,4,5240.79
Hoodi,1425.0,2.0,80.0,2,5614.04
Hoodi,1420.0,2.0,75.0,2,5281.69
Hoodi,1639.0,3.0,110.0,3,6711.41
Hoodi,1606.0,3.0,89.55,3,5575.97
Hoodi,1639.0,3.0,98.32,3,5998.78
Hoodi,2090.0,4.0,95.1,4,4550.24
Hoodi,2863.0,4.0,140.0,4,4889.98
Hoodi,1512.0,3.0,75.77,3,5011.24
Hoodi,1026.0,2.0,60.87,2,5932.75
Hoodi,1050.0,2.0,50.0,2,4761.9
Hoodi,1400.0,2.0,78.0,2,5571.43
Hoodi,2400.0,5.0,160.0,5,6666.67
Hoodi,1196.0,2.0,71.74,2,5998.33
Hoodi,1553.0,3.0,83.09,3,5350.29
Hoodi,1500.0,2.0,84.0,2,5600.0
Hoodi,1055.0,2.0,57.63,2,5462.56
Hoodi,1925.0,2.0,114.0,3,5922.08
Hoodi,1400.0,2.0,82.0,2,5857.14
Hoodi,1746.0,3.0,84.95,3,4865.41
Hoodi,706.0,1.0,48.24,1,6832.86
Hoodi,1257.0,2.0,69.0,2,5489.26
Hoodi,1132.0,2.0,67.9,2,5998.23
Hoodi,1925.0,3.0,110.0,3,5714.29
Hoodi,1769.0,3.0,96.87,3,5475.98
Hoodi,1257.0,2.0,71.03,2,5650.76
Hoodi,1305.0,2.0,75.0,2,5747.13
Hoodi,1490.0,3.0,79.0,3,5302.01
Hoodi,1240.0,2.0,65.0,2,5241.94
Hoodi,1370.0,3.0,67.0,3,4890.51
Hoodi,1108.0,2.0,74.23,2,6699.46
Hoodi,1257.0,2.0,68.5,2,5449.48
Hoodi,1000.0,2.0,48.0,2,4800.0
Hoodi,1063.0,2.0,61.17,2,5754.47
Hoodi,1259.0,2.0,69.45,2,5516.28
Hoodi,711.0,1.0,42.65,1,5998.59
Hoodi,1559.0,3.0,81.55,3,5230.92
Hoodi,863.0,1.0,40.55,1,4698.73
Hoodi,1715.0,2.0,100.0,3,5830.9
Hoodi,1350.0,3.0,70.0,3,5185.19
Hoodi,1447.0,3.0,76.0,2,5252.25
Hoodi,2144.0,3.0,140.0,3,6529.85
Hoodi,1108.0,2.0,66.46,2,5998.19
Hoodi,1400.0,3.0,74.0,3,5285.71
Hoodi,1837.0,3.0,110.0,3,5988.02
Hoodi,3385.0,4.0,220.0,4,6499.26
Hoodi,1644.0,3.0,80.51,3,4897.2
Hoodi,1181.0,2.0,55.0,2,4657.07
Hoodi,1490.0,3.0,85.0,3,5704.7
Hoodi,1258.5,2.0,59.135,2,4698.85
"Hoodi Circle, ",1629.0,3.0,79.0,3,4849.6
"Hoodi Circle, ",1243.0,2.0,58.0,2,4666.13
"Hoodi Circle, ",1234.0,2.0,61.0,2,4943.27
"Hoodi Circle, ",813.0,1.0,39.0,1,4797.05
Hoodi Layout,1160.0,2.0,75.0,2,6465.52
Horamavu Agara,1200.0,2.0,45.0,2,3750.0
Horamavu Agara,1560.0,3.0,75.0,3,4807.69
Horamavu Agara,755.0,2.0,37.49,2,4965.56
Horamavu Agara,982.0,2.0,47.65,2,4852.34
Horamavu Agara,1650.0,2.0,75.0,3,4545.45
Horamavu Agara,950.0,2.0,39.0,2,4105.26
Horamavu Agara,1756.0,3.0,92.0,3,5239.18
Horamavu Agara,1106.0,2.0,43.09,2,3896.02
Horamavu Agara,1079.0,2.0,41.0,2,3799.81
Horamavu Agara,1169.0,2.0,64.0,2,5474.76
Horamavu Agara,1265.0,2.0,65.0,3,5138.34
Horamavu Agara,1060.0,2.0,37.0,2,3490.57
Horamavu Agara,1107.83,2.0,41.51,2,3746.96
Horamavu Agara,980.0,2.0,38.19,2,3896.94
Horamavu Agara,1250.0,3.0,65.0,3,5200.0
Horamavu Agara,1145.0,2.0,41.21,2,3599.13
Horamavu Agara,2400.0,3.0,80.0,5,3333.33
Horamavu Agara,1000.0,2.0,46.0,2,4600.0
Horamavu Agara,760.0,2.0,37.49,2,4932.89
Horamavu Agara,1150.0,2.0,42.0,2,3652.17
Horamavu Agara,1364.0,2.0,50.0,3,3665.69
Horamavu Agara,1623.0,3.0,89.0,3,5483.67
Horamavu Agara,750.0,2.0,37.49,2,4998.67
Horamavu Agara,625.0,1.0,27.0,1,4320.0
Horamavu Agara,1080.0,2.0,38.0,2,3518.52
Horamavu Agara,994.0,2.0,42.28,2,4253.52
Horamavu Agara,1107.83,2.0,41.51,2,3746.96
Horamavu Agara,1300.0,2.0,52.0,3,4000.0
Horamavu Agara,1090.0,2.0,46.0,2,4220.18
Horamavu Agara,1400.0,3.0,63.0,3,4500.0
Horamavu Agara,1557.0,3.0,70.0,3,4495.83
Horamavu Agara,1058.0,2.0,47.0,2,4442.34
Horamavu Banaswadi,1554.0,3.0,55.0,3,3539.25
Horamavu Banaswadi,1611.0,3.0,66.0,3,4096.83
Horamavu Banaswadi,1460.0,2.0,80.5,2,5513.7
Horamavu Banaswadi,1156.0,2.0,46.0,2,3979.24
Horamavu Banaswadi,1180.0,2.0,58.0,2,4915.25
Horamavu Banaswadi,1307.0,2.0,51.6,2,3947.97
Horamavu Banaswadi,3800.0,8.0,200.0,6,5263.16
Horamavu Banaswadi,1357.0,2.0,54.0,2,3979.37
Horamavu Banaswadi,925.0,2.0,38.0,2,4108.11
Horamavu Banaswadi,1272.0,2.0,48.0,2,3773.58
Horamavu Banaswadi,1225.0,2.0,49.5,2,4040.82
Horamavu Banaswadi,1272.0,2.0,51.5,2,4048.74
Horamavu Banaswadi,1272.0,2.0,51.5,2,4048.74
Horamavu Banaswadi,1156.0,2.0,46.9,2,4057.09
Horamavu Banaswadi,1200.0,2.0,45.0,2,3750.0
Horamavu Banaswadi,1254.0,2.0,47.0,2,3748.01
Horamavu Banaswadi,1610.0,3.0,68.0,3,4223.6
Horamavu Banaswadi,1210.0,2.0,50.0,2,4132.23
Horamavu Banaswadi,1357.0,2.0,54.0,2,3979.37
Horamavu Banaswadi,1272.0,2.0,50.0,2,3930.82
Horamavu Banaswadi,1200.0,2.0,45.0,2,3750.0
Horamavu Banaswadi,1025.0,2.0,45.0,2,4390.24
Horamavu Banaswadi,1081.0,2.0,52.0,2,4810.36
Horamavu Banaswadi,1000.0,2.0,50.0,2,5000.0
Hormavu,1500.0,2.0,78.0,2,5200.0
Hormavu,1150.0,2.0,55.0,2,4782.61
Hormavu,2100.0,3.0,73.0,3,3476.19
Hormavu,1180.0,2.0,50.0,2,4237.29
Hormavu,1200.0,2.0,67.0,2,5583.33
Hormavu,1200.0,3.0,70.0,2,5833.33
Hormavu,1175.0,2.0,52.0,2,4425.53
Hormavu,1351.0,2.0,53.0,1,3923.02
Hormavu,1141.0,2.0,44.4,2,3891.32
Hormavu,1130.0,2.0,42.3,2,3743.36
Hormavu,1500.0,3.0,70.0,3,4666.67
Hormavu,1725.0,3.0,85.0,3,4927.54
Hormavu,1153.0,2.0,65.0,2,5637.47
Hormavu,1150.0,2.0,53.11,2,4618.26
Hormavu,1123.0,2.0,56.0,2,4986.64
Hormavu,1385.0,2.0,69.0,3,4981.95
Hormavu,1617.5,3.0,73.595,3,4549.92
Hormavu,1030.0,2.0,49.35,2,4791.26
Hormavu,1018.0,2.0,50.8,2,4990.18
Hormavu,1555.0,3.0,75.0,3,4823.15
Hormavu,1143.0,2.0,53.0,2,4636.92
Hormavu,1100.0,2.0,38.0,2,3454.55
Hormavu,1000.0,2.0,50.0,2,5000.0
Hormavu,1200.0,2.0,68.0,2,5666.67
Hormavu,1553.0,2.0,58.23,3,3749.52
Hormavu,1200.0,2.0,68.0,2,5666.67
Hormavu,765.0,2.0,37.49,2,4900.65
Hormavu,1420.0,3.0,58.0,3,4084.51
Hormavu,1081.5,2.0,38.665,2,3575.13
Hormavu,1250.0,2.0,60.0,2,4800.0
Hormavu,965.0,2.0,37.15,2,3849.74
Hormavu,583.0,1.0,28.275,1,4849.91
Hormavu,1129.0,2.0,44.0,2,3897.25
Hormavu,1385.0,2.0,69.25,3,5000.0
Hormavu,1065.0,2.0,50.92,2,4781.22
Hormavu,1046.0,2.0,60.0,2,5736.14
Hormavu,1400.0,2.0,75.0,2,5357.14
Hormavu,1365.0,2.0,65.0,3,4761.9
Hormavu,1196.0,2.0,44.8,2,3745.82
Hormavu,1263.0,2.0,47.36,2,3749.8
Hormavu,1015.0,2.0,39.08,2,3850.25
Hormavu,1550.0,2.0,60.0,3,3870.97
Hormavu,1200.0,2.0,73.0,2,6083.33
Hormavu,1250.0,2.0,65.0,2,5200.0
Hormavu,1604.0,3.0,68.0,3,4239.4
Hormavu,1075.0,2.0,53.7,2,4995.35
Hormavu,980.0,2.0,42.0,2,4285.71
Hormavu,1075.0,2.0,53.7,2,4995.35
Hormavu,2282.0,4.0,115.0,4,5039.44
Hormavu,1206.0,2.0,55.0,2,4560.53
Hormavu,1310.0,2.0,67.0,2,5114.5
Hormavu,1310.0,2.0,60.0,2,4580.15
Hormavu,1020.0,2.0,45.75,2,4485.29
Hormavu,1210.0,2.0,69.0,2,5702.48
Hosa Road,1652.0,3.0,85.0,3,5145.28
Hosa Road,1639.0,3.0,80.0,3,4881.03
Hosa Road,1161.0,2.0,55.15,2,4750.22
Hosa Road,1726.0,3.0,81.99,3,4750.29
Hosa Road,1161.0,2.0,55.15,2,4750.22
Hosa Road,1365.0,2.0,92.0,2,6739.93
Hosa Road,1243.0,2.0,48.5,2,3901.85
Hosa Road,1541.0,3.0,69.84,3,4532.12
Hosa Road,1332.0,2.0,86.12,3,6465.47
Hosa Road,615.0,1.0,28.29,1,4600.0
Hosa Road,1318.0,2.0,85.28,3,6470.41
Hosa Road,1133.0,2.0,52.0,2,4589.59
Hosa Road,1016.0,2.0,40.0,2,3937.01
Hosa Road,972.0,2.0,40.0,2,4115.23
Hosa Road,1161.0,2.0,55.15,2,4750.22
Hosa Road,1532.0,3.0,98.13,3,6405.35
Hosa Road,1680.0,3.0,101.0,3,6011.9
Hosa Road,880.0,2.0,50.0,2,5681.82
Hosa Road,1533.0,3.0,98.18,3,6404.44
Hosa Road,1040.0,2.0,68.59,2,6595.19
Hosa Road,1040.0,2.0,61.0,2,5865.38
Hosa Road,2500.0,3.0,100.0,3,4000.0
Hosa Road,1245.0,2.0,62.0,2,4979.92
Hosa Road,1311.0,2.0,84.86,3,6472.92
Hosa Road,800.0,1.0,39.99,1,4998.75
Hosa Road,1726.0,3.0,81.99,3,4750.29
Hosa Road,1364.0,2.0,64.79,2,4750.0
Hosa Road,1016.0,2.0,45.0,2,4429.13
Hosa Road,1730.0,3.0,72.6,3,4196.53
Hosa Road,1360.0,2.0,77.61,2,5706.62
Hosa Road,1170.0,2.0,65.0,2,5555.56
Hosa Road,1161.0,2.0,55.15,2,4750.22
Hosa Road,1470.0,2.0,84.22,3,5729.25
Hosa Road,1708.0,3.0,64.05,4,3750.0
Hosa Road,1161.0,2.0,48.75,2,4198.97
Hosa Road,1541.0,3.0,69.61,3,4517.2
Hosa Road,1016.0,2.0,39.95,2,3932.09
Hosahalli Extension,2000.0,5.0,240.0,5,12000.0
Hosakerehalli,2378.0,3.0,262.0,3,11017.66
Hosakerehalli,2376.0,3.0,203.0,3,8543.77
Hosakerehalli,3205.0,5.0,380.0,4,11856.47
Hosakerehalli,3024.0,5.0,248.0,4,8201.06
Hosakerehalli,1500.0,3.0,70.0,4,4666.67
Hosakerehalli,3024.0,5.0,350.0,4,11574.07
Hosakerehalli,1304.0,2.0,100.0,2,7668.71
Hosakerehalli,2480.0,3.0,245.0,3,9879.03
Hosakerehalli,925.0,2.0,46.5,2,5027.03
Hosakerehalli,2480.0,4.0,260.0,3,10483.87
Hosakerehalli,1596.0,3.0,79.8,3,5000.0
Hosakerehalli,1200.0,2.0,100.0,3,8333.33
Hosakerehalli,3205.0,4.0,300.0,4,9360.37
Hosakerehalli,3033.0,4.0,326.0,4,10748.43
Hosakerehalli,600.0,2.0,65.0,2,10833.33
Hosakerehalli,2480.0,4.0,265.0,3,10685.48
Hosakerehalli,925.0,2.0,46.25,2,5000.0
Hosakerehalli,2376.0,3.0,240.0,3,10101.01
Hosakerehalli,1500.0,6.0,145.0,5,9666.67
Hosakerehalli Layout,1080.0,2.0,64.0,2,5925.93
Hosapalya,2500.0,8.0,95.0,8,3800.0
Hosapalya,800.0,1.0,29.0,2,3625.0
Hoskote,1250.0,3.0,50.0,3,4000.0
Hoskote,1225.0,3.0,40.0,3,3265.31
Hoskote,1740.0,3.0,60.0,3,3448.28
Hoskote,1170.0,2.0,45.0,2,3846.15
Hoskote,1250.0,3.0,29.0,3,2320.0
Hoskote,1200.0,3.0,57.0,3,4750.0
Hoskote,1095.0,2.0,33.6,2,3068.49
Hoskote,1695.0,3.0,50.0,3,2949.85
Hoskote,1065.0,2.0,31.5,2,2957.75
Hoskote,1395.0,2.0,63.0,3,4516.13
Hoskote,1065.0,2.0,28.5,2,2676.06
Hoskote,945.0,2.0,35.0,2,3703.7
Hoskote,1003.5,2.0,28.095,2,2799.7
Hoskote,1065.0,2.0,33.75,2,3169.01
Hoskote,509.0,1.0,23.0,1,4518.66
Hosur Road,1656.0,2.0,120.0,2,7246.38
Hosur Road,1194.0,2.0,69.0,2,5778.89
Hosur Road,1175.0,2.0,48.0,3,4085.11
Hosur Road,1145.0,2.0,60.0,3,5240.17
Hosur Road,3300.0,5.0,240.0,5,7272.73
Hosur Road,1510.0,2.0,105.0,3,6953.64
Hosur Road,1427.0,2.0,80.63,3,5650.32
Hosur Road,1508.0,2.0,110.0,3,7294.43
Hosur Road,460.0,1.0,21.0,1,4565.22
Hosur Road,1733.0,2.0,85.0,3,4904.79
Hosur Road,1179.0,2.0,49.0,2,4156.06
Hosur Road,950.0,2.0,60.0,2,6315.79
Hosur Road,1194.0,2.0,71.64,2,6000.0
Hosur Road,1766.0,3.0,130.0,3,7361.27
Hosur Road,1689.0,3.0,103.0,3,6098.28
Hosur Road,3600.0,5.0,180.0,5,5000.0
Hosur Road,1170.0,2.0,48.0,2,4102.56
Hosur Road,1250.0,2.0,55.0,2,4400.0
Hosur Road,1689.0,3.0,103.0,3,6098.28
Hosur Road,3000.0,4.0,160.0,4,5333.33
Hosur Road,2000.0,4.0,130.0,4,6500.0
Hosur Road,1250.0,2.0,65.0,2,5200.0
Hosur Road,1689.0,3.0,103.0,3,6098.28
Hosur Road,1685.0,3.0,90.0,3,5341.25
Hosur Road,1223.0,2.0,93.0,2,7604.25
Hosur Road,1919.0,3.0,117.0,3,6096.93
Hoysalanagar,1325.0,3.0,57.0,3,4301.89
Hoysalanagar,885.0,2.0,40.0,2,4519.77
Hoysalanagar,1100.0,2.0,50.0,2,4545.45
Hoysalanagar,1320.0,2.0,60.0,3,4545.45
Hoysalanagar,1325.0,2.0,56.0,3,4226.42
Hulimavu,1125.0,2.0,50.0,2,4444.44
Hulimavu,1242.0,2.0,51.0,2,4106.28
Hulimavu,1650.0,3.0,78.0,3,4727.27
Hulimavu,1823.0,3.0,100.0,3,5485.46
Hulimavu,1300.0,2.0,36.0,2,2769.23
Hulimavu,1080.0,2.0,43.2,2,4000.0
Hulimavu,1100.0,2.0,71.5,2,6500.0
Hulimavu,1758.0,3.0,65.0,3,3697.38
Hulimavu,688.0,1.0,50.0,1,7267.44
Hulimavu,1255.0,2.0,73.0,2,5816.73
Hulimavu,1200.0,4.0,75.0,4,6250.0
Hulimavu,1058.0,2.0,48.0,2,4536.86
Hulimavu,1375.0,2.0,80.0,2,5818.18
Hulimavu,1248.0,2.0,69.0,2,5528.85
Hulimavu,1818.0,3.0,135.0,3,7425.74
Hulimavu,1225.0,2.0,55.0,2,4489.8
Hulimavu,1255.0,2.0,74.0,2,5896.41
Hulimavu,1255.0,2.0,69.0,2,5498.01
Hulimavu,1255.0,2.0,66.0,2,5258.96
Hulimavu,3035.0,5.0,220.0,3,7248.76
Hulimavu,1127.0,2.0,65.0,2,5767.52
Hulimavu,1200.0,2.0,50.0,2,4166.67
Hulimavu,1450.0,3.0,72.0,3,4965.52
Hulimavu,1200.0,2.0,75.0,2,6250.0
Hulimavu,1430.0,2.0,90.0,3,6293.71
Hulimavu,850.0,1.0,39.5,2,4647.06
Hulimavu,1000.0,2.0,45.0,2,4500.0
Hulimavu,1320.0,2.0,59.0,3,4469.7
Hulimavu,2000.0,4.0,100.0,4,5000.0
Hulimavu,3560.0,5.0,318.0,4,8932.58
Hulimavu,1011.0,2.0,38.0,2,3758.65
Hulimavu,1276.0,2.0,76.0,2,5956.11
Hulimavu,1500.0,2.0,90.0,2,6000.0
Hulimavu,1315.0,2.0,60.48,2,4599.24
Hulimavu,1021.0,2.0,76.0,2,7443.68
Hulimavu,581.0,1.0,29.0,1,4991.39
Hulimavu,935.0,2.0,45.0,2,4812.83
Hulimavu,1050.0,2.0,125.0,2,11904.76
Hulimavu,1320.0,2.0,65.0,3,4924.24
Hulimavu,1200.0,4.0,75.0,4,6250.0
Hulimavu,1260.0,2.0,82.0,3,6507.94
Hulimavu,450.0,1.0,20.0,1,4444.44
Hulimavu,1231.0,2.0,84.5,2,6864.34
Hulimavu,1916.0,2.0,150.0,3,7828.81
Hulimavu,1115.0,2.0,44.6,2,4000.0
Hunasamaranahalli,4000.0,4.0,675.0,4,16875.0
Huskur,1220.0,2.0,35.23,3,2887.7
Huskur,1310.0,2.0,37.83,3,2887.79
Huskur,1140.0,2.0,32.92,2,2887.72
Huskur,1400.0,2.0,40.43,3,2887.86
ISRO Layout,4400.0,6.0,250.0,6,5681.82
ISRO Layout,1000.0,2.0,60.0,2,6000.0
ISRO Layout,1180.0,2.0,52.0,2,4406.78
ISRO Layout,1000.0,2.0,60.0,2,6000.0
ISRO Layout,1310.0,2.0,68.0,3,5190.84
ISRO Layout,4200.0,4.0,255.0,4,6071.43
ISRO Layout,1050.0,2.0,51.0,2,4857.14
ISRO Layout,1370.0,2.0,87.0,3,6350.36
ITI Layout,1602.0,2.0,75.0,3,4681.65
ITI Layout,1533.0,3.0,115.0,3,7501.63
ITI Layout,1333.0,2.0,77.27,2,5796.7
ITI Layout,1602.0,2.0,75.0,3,4681.65
ITI Layout,1450.0,2.0,90.0,2,6206.9
ITPL,1200.0,3.0,56.12,3,4676.67
ITPL,1548.0,3.0,89.5,3,5781.65
ITPL,1200.0,3.0,68.4,3,5700.0
ITPL,1200.0,3.0,56.12,3,4676.67
ITPL,1200.0,3.0,56.12,3,4676.67
ITPL,1500.0,3.0,61.52,3,4101.33
ITPL,5667.5,5.0,300.0,4,5293.34
Iblur Village,3235.0,3.0,235.0,3,7264.3
Iblur Village,3596.0,5.0,290.0,4,8064.52
Iblur Village,1920.0,3.0,130.0,3,6770.83
Iblur Village,1995.0,3.0,135.0,3,6766.92
Iblur Village,3596.0,5.0,282.0,4,7842.05
Iblur Village,1918.0,3.0,129.0,3,6725.76
Iblur Village,3596.0,5.0,252.0,4,7007.79
Iblur Village,2100.0,4.0,145.0,3,6904.76
Iblur Village,1920.0,3.0,150.0,3,7812.5
Iblur Village,1920.0,3.0,130.0,3,6770.83
Iblur Village,1920.0,3.0,150.0,3,7812.5
Iblur Village,2000.0,4.0,138.0,3,6900.0
Iblur Village,3596.0,5.0,260.0,4,7230.26
Iblur Village,3596.0,5.0,279.0,4,7758.62
Iblur Village,2666.0,4.0,200.0,3,7501.88
Iblur Village,5384.0,5.0,420.0,5,7800.89
Iblur Village,3596.0,5.0,297.0,4,8259.18
Iblur Village,5515.0,6.0,425.0,5,7706.26
Iblur Village,1920.0,3.0,130.0,3,6770.83
Iblur Village,3596.0,4.0,268.0,4,7452.73
Iblur Village,3596.0,5.0,251.0,4,6979.98
Immadihalli,1180.0,2.0,48.0,2,4067.8
Immadihalli,1135.0,2.0,68.0,2,5991.19
Immadihalli,672.0,1.0,27.0,1,4017.86
Indira Nagar,2200.0,4.0,200.0,4,9090.91
Indira Nagar,1200.0,2.0,93.0,2,7750.0
Indira Nagar,1128.0,2.0,105.0,2,9308.51
Indira Nagar,2800.0,3.0,330.0,3,11785.71
Indira Nagar,1650.0,3.0,200.0,3,12121.21
Indira Nagar,1875.0,3.0,180.0,3,9600.0
Indira Nagar,1210.0,2.0,102.0,2,8429.75
Indira Nagar,1224.0,2.0,105.0,2,8578.43
Indira Nagar,2070.0,3.0,225.0,3,10869.57
Indira Nagar,500.0,1.0,70.0,1,14000.0
Indira Nagar,1400.0,2.0,168.0,2,12000.0
Indira Nagar,1407.0,3.0,120.0,3,8528.78
Indira Nagar,1145.0,2.0,100.0,2,8733.62
Indira Nagar,1470.0,2.0,170.0,2,11564.63
Indira Nagar,3250.0,8.0,600.0,8,18461.54
Indira Nagar,1260.0,2.0,100.0,2,7936.51
Indira Nagar,1740.0,3.0,191.0,3,10977.01
Indira Nagar,1650.0,3.0,220.0,3,13333.33
Indira Nagar,1700.0,3.0,150.0,3,8823.53
Indira Nagar,3200.0,3.0,250.0,4,7812.5
Indira Nagar,1440.0,3.0,275.0,3,19097.22
Indira Nagar,1475.0,2.0,171.0,2,11593.22
Indira Nagar,4000.0,4.0,700.0,4,17500.0
Indira Nagar,850.0,1.0,60.0,1,7058.82
Indira Nagar,2400.0,4.0,405.0,4,16875.0
Indira Nagar,1500.0,3.0,120.0,3,8000.0
Indira Nagar,2200.0,3.0,160.0,3,7272.73
Indira Nagar,1650.0,3.0,200.0,3,12121.21
Indira Nagar,2800.0,4.0,365.0,4,13035.71
Indira Nagar,1260.0,2.0,120.0,2,9523.81
Indira Nagar,1149.0,2.0,130.0,2,11314.19
Indira Nagar,1650.0,3.0,150.0,3,9090.91
Ittamadu,1080.0,2.0,50.0,2,4629.63
Ittamadu,1600.0,3.0,100.0,3,6250.0
Ittamadu,1800.0,3.0,95.0,3,5277.78
Ittamadu,1475.0,3.0,75.0,3,5084.75
J C Nagar,1200.0,2.0,108.0,3,9000.0
J C Nagar,1525.0,3.0,65.0,3,4262.3
JCR Layout,1180.0,2.0,42.0,2,3559.32
JCR Layout,1060.0,2.0,37.0,2,3490.57
JCR Layout,1160.0,2.0,40.53,2,3493.97
JP Nagar,1850.0,3.0,150.0,3,8108.11
JP Nagar,1100.0,2.0,70.0,2,6363.64
JP Nagar,940.0,2.0,49.0,2,5212.77
JP Nagar,2500.0,3.0,135.0,3,5400.0
JP Nagar,4624.5,4.0,314.5,4,6800.74
JP Nagar,1078.0,2.0,45.0,2,4174.4
JP Nagar,1050.0,1.0,44.0,1,4190.48
JP Nagar,1352.5,2.0,93.865,2,6940.11
JP Nagar,1200.0,2.0,62.0,2,5166.67
JP Nagar,1300.0,2.0,90.87,2,6990.0
JP Nagar,1315.0,2.0,85.4,3,6494.3
JP Nagar,1690.0,3.0,112.0,3,6627.22
JP Nagar,3000.0,4.0,140.0,4,4666.67
JP Nagar,3000.0,4.0,140.0,4,4666.67
JP Nagar,3300.0,4.0,160.0,3,4848.48
JP Nagar,1150.0,2.0,49.9,3,4339.13
JP Nagar,750.0,1.0,52.5,1,7000.0
JP Nagar,1200.0,2.0,78.0,2,6500.0
JP Nagar,1100.0,2.0,45.0,2,4090.91
JP Nagar,1197.0,2.0,47.88,2,4000.0
JP Nagar,2700.0,4.0,160.0,7,5925.93
JP Nagar,1500.0,2.0,82.0,3,5466.67
JP Nagar,820.0,2.0,45.0,2,5487.8
JP Nagar,1750.0,3.0,123.0,3,7028.57
JP Nagar,1600.0,3.0,83.0,3,5187.5
JP Nagar,3000.0,3.0,150.0,4,5000.0
JP Nagar,2050.0,3.0,82.0,3,4000.0
JP Nagar,745.0,1.0,34.27,1,4600.0
JP Nagar,1800.0,6.0,68.0,6,3777.78
JP Nagar,1150.0,2.0,90.0,2,7826.09
JP Nagar,1450.0,2.0,55.0,3,3793.1
JP Nagar,1960.0,3.0,138.0,3,7040.82
JP Nagar,1500.0,2.0,87.0,4,5800.0
JP Nagar,1590.0,2.0,85.0,3,5345.91
JP Nagar,1250.0,2.0,60.0,2,4800.0
JP Nagar,1125.0,2.0,39.98,2,3553.78
JP Nagar,2400.0,3.0,196.0,3,8166.67
JP Nagar,1300.0,2.0,91.65,2,7050.0
JP Nagar,1107.0,2.0,57.0,2,5149.05
JP Nagar,1250.0,2.0,93.0,2,7440.0
JP Nagar,1500.0,2.0,108.0,3,7200.0
JP Nagar,1405.0,2.0,99.0,2,7046.26
JP Nagar,1157.0,2.0,73.0,2,6309.42
JP Nagar,1500.0,2.0,82.0,3,5466.67
JP Nagar,1048.0,2.0,44.0,2,4198.47
"JP Nagar 7th Phase, ",1150.0,2.0,74.0,2,6434.78
Jai Bheema Nagar,1470.0,2.0,70.0,3,4761.9
Jai Bheema Nagar,1339.0,2.0,55.0,2,4107.54
Jakkasandra Extension,990.0,2.0,58.0,2,5858.59
Jakkasandra Extension,1205.0,2.0,70.0,2,5809.13
Jakkasandra Extension,1000.0,2.0,63.0,2,6300.0
Jakkasandra Extension,950.0,2.0,57.0,2,6000.0
Jakkur,1417.0,2.0,75.0,2,5292.87
Jakkur,1590.0,2.0,125.0,3,7861.64
Jakkur,1279.0,2.0,77.0,2,6020.33
Jakkur,1710.0,3.0,107.0,3,6257.31
Jakkur,1396.0,2.0,86.51,3,6196.99
Jakkur,3467.86,6.0,249.0,4,7180.22
Jakkur,1865.0,3.0,124.0,3,6648.79
Jakkur,1760.0,3.0,139.0,3,7897.73
Jakkur,1290.0,2.0,100.0,2,7751.94
Jakkur,1452.19,2.0,100.0,2,6886.15
Jakkur,1798.0,3.0,120.0,3,6674.08
Jakkur,1300.0,2.0,85.0,2,6538.46
Jakkur,1950.0,3.0,131.0,3,6717.95
Jakkur,1858.0,3.0,98.3,3,5290.64
Jakkur,1230.0,2.0,76.0,2,6178.86
Jakkur,1374.0,3.0,68.0,3,4949.05
Jakkur,1290.0,2.0,80.0,2,6201.55
Jakkur,1760.0,3.0,110.0,3,6250.0
Jakkur,2283.0,4.0,130.0,4,5694.26
Jakkur,1483.0,2.0,98.0,2,6608.23
Jakkur,1482.0,3.0,86.0,3,5802.97
Jakkur,1645.0,3.0,100.0,3,6079.03
Jakkur,1650.0,3.0,111.0,3,6727.27
Jakkur,1622.0,2.0,80.0,3,4932.18
Jakkur,2423.0,4.0,160.0,3,6603.38
Jakkur,2197.0,3.0,136.0,3,6190.26
Jakkur,1125.0,2.0,65.0,2,5777.78
Jakkur,1230.0,2.0,79.0,2,6422.76
Jakkur,1202.0,2.0,79.0,2,6572.38
Jakkur,1858.0,3.0,123.0,3,6620.02
Jakkur,1798.0,3.0,110.0,3,6117.91
Jakkur,1785.0,3.0,130.0,3,7282.91
Jakkur,1080.0,2.0,60.0,2,5555.56
Jakkur,1260.0,2.0,71.195,2,5650.4
Jakkur,1816.0,3.0,119.0,3,6552.86
Jakkur,1424.0,2.0,80.0,2,5617.98
Jakkur,1290.0,2.0,85.0,2,6589.15
Jakkur,1300.0,2.0,80.0,2,6153.85
Jakkur,1290.0,2.0,80.04,2,6204.65
Jakkur,1282.0,2.0,72.0,2,5616.22
Jakkur,1880.0,4.0,110.0,3,5851.06
Jakkur,1660.0,3.0,104.0,3,6265.06
Jakkur,1291.0,2.0,75.0,2,5809.45
Jakkur,1473.0,2.0,85.0,2,5770.54
Jakkur,1660.0,3.0,104.0,3,6265.06
Jakkur,1950.0,3.0,131.0,3,6717.95
Jakkur,1432.0,2.0,85.0,2,5935.75
Jakkur,1150.0,3.0,65.0,3,5652.17
Jakkur,1710.0,3.0,110.0,3,6432.75
Jakkur Plantation,1765.0,3.0,105.0,3,5949.01
Jakkur Plantation,1717.0,3.0,120.0,3,6988.93
Jakkur Plantation,1800.0,4.0,115.0,3,6388.89
Jakkur Plantation,1719.0,3.0,110.0,3,6399.07
Jakkur Plantation,1368.0,2.0,87.0,2,6359.65
Jakkuru Layout,1340.0,2.0,55.7,2,4156.72
Jakkuru Layout,1200.0,2.0,54.0,2,4500.0
Jakkuru Layout,1200.0,2.0,54.0,2,4500.0
Jakkuru Layout,1200.0,2.0,54.0,2,4500.0
Jalahalli,1400.0,3.0,77.0,3,5500.0
Jalahalli,2250.0,3.0,160.0,3,7111.11
Jalahalli,1694.0,2.0,125.0,2,7378.98
Jalahalli,1400.0,1.0,80.0,2,5714.29
Jalahalli,1045.0,2.0,76.77,2,7346.41
Jalahalli,1615.0,3.0,89.75,3,5557.28
Jalahalli,2113.0,3.0,155.0,3,7335.54
Jalahalli,1932.0,4.0,135.0,3,6987.58
Jalahalli,1045.0,2.0,58.0,2,5550.24
Jalahalli,1200.0,4.0,90.0,4,7500.0
Jalahalli,1020.0,2.0,52.0,2,5098.04
Jalahalli,2384.0,4.0,165.0,3,6921.14
Jalahalli,790.0,2.0,49.5,2,6265.82
Jalahalli,1395.0,3.0,82.0,3,5878.14
Jalahalli,1770.0,3.0,100.0,3,5649.72
Jalahalli,1569.0,3.0,118.0,3,7520.71
Jalahalli,600.0,1.0,37.0,1,6166.67
Jalahalli,615.0,1.0,46.0,1,7479.67
Jalahalli,2404.0,3.0,138.0,3,5740.43
Jalahalli,905.0,2.0,55.0,2,6077.35
Jalahalli,1000.0,2.0,70.0,2,7000.0
Jalahalli,615.0,1.0,46.0,1,7479.67
Jalahalli,1704.0,3.0,94.36,3,5537.56
Jalahalli,1470.0,2.0,102.0,3,6938.78
Jalahalli,1244.0,2.0,88.0,2,7073.95
Jalahalli,1407.0,2.0,98.49,2,7000.0
Jalahalli,1200.0,2.0,66.0,1,5500.0
Jalahalli,1530.0,2.0,89.0,3,5816.99
Jalahalli,1045.0,2.0,76.77,2,7346.41
Jalahalli,1575.0,4.0,100.0,3,6349.21
Jalahalli,2086.0,3.0,160.0,3,7670.18
Jalahalli,980.0,2.0,60.0,3,6122.45
Jalahalli,1313.0,2.0,68.0,2,5178.98
Jalahalli,1881.0,3.0,115.0,3,6113.77
Jalahalli,1405.0,2.0,85.0,3,6049.82
Jalahalli East,750.0,1.0,40.0,1,5333.33
Jalahalli East,1260.0,2.0,60.0,3,4761.9
Jalahalli East,1020.0,2.0,58.0,2,5686.27
Jalahalli East,1300.0,2.0,63.0,3,4846.15
Jalahalli East,775.0,1.0,34.1,1,4400.0
Jalahalli East,1010.0,2.0,52.0,2,5148.51
Jalahalli East,1010.0,2.0,52.0,2,5148.51
Jalahalli West,469.0,1.0,25.0,1,5330.49
Jalahalli West,1250.0,2.0,62.0,2,4960.0
Jalahalli West,1355.0,2.0,75.0,2,5535.06
Jalahalli West,745.0,2.0,36.0,2,4832.21
Janatha Colony,1100.0,2.0,57.6,2,5236.36
Jaya Mahal layout,1650.0,3.0,175.0,3,10606.06
Jayamahal,1800.0,3.0,220.0,3,12222.22
Jayamahal,1175.0,2.0,70.0,2,5957.45
Jayanagar,3095.0,3.0,375.0,3,12116.32
Jayanagar,1875.0,2.0,235.0,3,12533.33
Jayanagar,900.0,2.0,110.0,2,12222.22
Jayanagar,1036.0,2.0,110.0,2,10617.76
Jayanti Nagar,1200.0,3.0,70.0,2,5833.33
Jayanti Nagar,760.0,2.0,37.49,2,4932.89
Jeevan bima nagar,1740.0,3.0,120.0,3,6896.55
Jeevan bima nagar,984.0,2.0,125.0,2,12703.25
Jigani,1252.0,3.0,55.0,3,4392.97
Jigani,918.0,2.0,52.0,2,5664.49
Jigani,918.0,2.0,48.0,2,5228.76
Jigani,924.0,2.0,65.0,2,7034.63
Jigani,1230.0,3.0,54.0,3,4390.24
Jigani,914.0,2.0,47.0,2,5142.23
Jigani,927.0,2.0,55.0,2,5933.12
Jigani,920.0,2.0,46.0,2,5000.0
Jigani,2400.0,4.0,130.0,3,5416.67
Jigani,918.0,2.0,45.0,2,4901.96
Jigani,918.0,2.0,63.2,2,6884.53
Jigani,933.0,2.0,43.0,2,4608.79
Jigani,918.0,2.0,55.0,2,5991.29
Jigani,2400.0,3.0,149.0,3,6208.33
Jigani,937.0,2.0,44.0,2,4695.84
Jigani,1252.0,3.0,61.0,3,4872.2
Jigani,923.0,2.0,50.0,2,5417.12
Jigani,1250.0,3.0,58.0,3,4640.0
Jigani,1221.0,3.0,72.0,3,5896.81
Jigani,918.0,2.0,49.0,2,5337.69
Jigani,1221.0,3.0,52.0,3,4258.8
Jigani,914.0,2.0,49.0,2,5361.05
Jigani,918.0,2.0,50.0,2,5446.62
Jigani,1200.0,3.0,65.0,3,5416.67
Jigani,914.0,2.0,55.0,2,6017.51
Jigani,1352.0,3.0,65.0,3,4807.69
Jigani,1230.0,3.0,60.0,3,4878.05
Jigani,1221.0,3.0,65.0,3,5323.51
Jigani,1221.0,3.0,75.0,3,6142.51
Jigani,1252.0,3.0,70.0,3,5591.05
Jigani,1221.0,3.0,65.0,3,5323.51
Jigani,1252.0,3.0,59.0,3,4712.46
Jigani,939.0,2.0,39.0,2,4153.35
Jigani,1221.0,3.0,70.0,3,5733.01
Jigani,1300.0,3.0,55.0,3,4230.77
Jigani,1231.0,3.0,58.0,3,4711.62
Jigani,943.0,2.0,48.0,2,5090.14
Jigani,918.0,2.0,56.0,2,6100.22
Jigani,1245.0,3.0,66.0,3,5301.2
Jigani,1221.0,3.0,65.0,3,5323.51
Jigani,943.0,2.0,49.5,2,5249.2
Jinkethimmanahalli,1200.0,2.0,85.0,2,7083.33
Jnana Ganga Nagar,1320.0,2.0,95.0,3,7196.97
Jnanabharathi Layout,2400.0,3.0,142.0,4,5916.67
Jnanabharathi Layout,2200.0,5.0,100.0,4,4545.45
Judicial Layout,1300.0,3.0,64.0,3,4923.08
Judicial Layout,2070.0,3.0,162.0,3,7826.09
Judicial Layout,1700.0,3.0,155.0,3,9117.65
Judicial Layout,1100.0,2.0,53.0,3,4818.18
Judicial Layout,2330.0,3.0,94.71,4,4064.81
Judicial Layout,1165.0,2.0,49.61,2,4258.37
Judicial Layout,1500.0,3.0,162.0,4,10800.0
Judicial Layout,900.0,2.0,40.0,2,4444.44
Judicial Layout,1989.0,4.0,155.0,3,7792.86
"Judicial Layout, Kanakapura Road, ",1300.0,3.0,64.0,3,4923.08
"Judicial Layout, Kanakapura Road, ",1100.0,3.0,53.0,3,4818.18
Jyothi Nagar,600.0,2.0,23.0,2,3833.33
KEB Colony,1040.0,2.0,36.84,2,3542.31
KEB Colony,1500.0,3.0,90.0,3,6000.0
KR Garden,925.0,2.0,63.0,2,6810.81
KR Garden,1200.0,2.0,135.0,2,11250.0
KR Garden,1050.0,2.0,65.0,2,6190.48
KR Layout,950.0,1.0,40.0,1,4210.53
KR Layout,1050.0,2.0,41.0,1,3904.76
KR Puram,1277.5,2.0,56.8,2,4446.18
KR Puram,930.0,2.0,39.0,2,4193.55
KR Puram,1155.0,2.0,42.74,2,3700.43
KR Puram,1225.0,2.0,46.55,2,3800.0
KR Puram,1100.0,2.0,47.0,2,4272.73
KR Puram,1200.0,2.0,71.0,2,5916.67
KR Puram,1455.0,3.0,46.0,3,3161.51
KR Puram,750.0,2.0,25.0,2,3333.33
KR Puram,1128.76,3.0,47.405,3,4199.74
KR Puram,1015.0,2.0,43.0,2,4236.45
KR Puram,1470.0,2.0,86.0,2,5850.34
KR Puram,714.0,1.0,28.0,1,3921.57
KR Puram,1142.0,2.0,51.0,2,4465.85
KR Puram,1115.0,2.0,33.45,2,3000.0
KR Puram,1021.0,2.0,48.0,2,4701.27
KR Puram,1559.0,3.0,69.315,3,4446.12
KR Puram,1035.0,2.0,40.5,2,3913.04
KR Puram,1550.0,2.0,71.0,2,4580.65
KR Puram,1192.5,2.0,51.22,2,4295.18
KR Puram,1100.0,2.0,46.0,2,4181.82
KR Puram,1290.0,2.0,49.02,2,3800.0
KR Puram,1100.0,2.0,43.0,2,3909.09
KR Puram,950.0,2.0,40.0,2,4210.53
KR Puram,1156.0,2.0,72.0,2,6228.37
KR Puram,1000.0,2.0,60.0,2,6000.0
KR Puram,1930.0,2.0,57.9,3,3000.0
KR Puram,1452.0,3.0,60.0,3,4132.23
KR Puram,1001.0,2.0,30.0,2,2997.0
KR Puram,750.0,2.0,40.0,2,5333.33
KR Puram,2000.0,6.0,85.0,6,4250.0
KR Puram,1000.0,2.0,44.5,2,4450.0
KR Puram,1200.0,2.0,47.0,2,3916.67
KR Puram,1200.0,1.0,65.0,2,5416.67
KR Puram,1076.0,2.0,67.0,2,6226.77
KR Puram,1140.0,2.0,43.32,2,3800.0
KR Puram,4300.0,6.0,175.0,6,4069.77
KR Puram,1200.0,2.0,42.0,2,3500.0
KR Puram,1430.0,2.0,61.0,3,4265.73
KR Puram,1040.0,2.0,50.0,2,4807.69
KR Puram,1200.0,4.0,83.0,4,6916.67
KR Puram,734.0,2.0,22.0,2,2997.28
KR Puram,1120.0,2.0,36.0,2,3214.29
KR Puram,1150.0,2.0,42.0,2,3652.17
KR Puram,4600.0,9.0,200.0,9,4347.83
KR Puram,1050.0,2.0,55.0,2,5238.1
KR Puram,1057.0,2.0,30.0,2,2838.22
KR Puram,1085.0,2.0,46.5,2,4285.71
KR Puram,1700.0,3.0,105.0,3,6176.47
KR Puram,1200.0,2.0,72.0,2,6000.0
KR Puram,3628.0,4.0,246.0,4,6780.6
KR Puram,2000.0,2.0,75.0,2,3750.0
KR Puram,1100.0,2.0,45.0,2,4090.91
KR Puram,1035.0,2.0,40.0,2,3864.73
KR Puram,1116.0,2.0,45.0,2,4032.26
KR Puram,1290.0,2.0,69.0,2,5348.84
KR Puram,1300.0,2.0,57.0,3,4384.62
KR Puram,866.28,2.0,36.38,2,4199.57
KR Puram,1096.0,2.0,43.0,2,3923.36
KR Puram,1204.0,2.0,58.0,2,4817.28
KR Puram,700.0,1.0,21.5,1,3071.43
KR Puram,1205.0,2.0,45.79,2,3800.0
KR Puram,1827.0,3.0,97.0,3,5309.25
KR Puram,1075.0,2.0,32.25,2,3000.0
KR Puram,1400.0,2.0,60.0,3,4285.71
KR Puram,1100.0,2.0,39.9,2,3627.27
KR Puram,2800.0,6.0,110.0,7,3928.57
KR Puram,1020.0,2.0,39.0,2,3823.53
KR Puram,1200.0,2.0,75.0,2,6250.0
KR Puram,1245.0,2.0,60.0,2,4819.28
KSRTC Layout,1200.0,2.0,62.5,2,5208.33
KUDLU MAIN ROAD,1464.0,3.0,56.0,3,3825.14
KUDLU MAIN ROAD,1464.0,3.0,56.0,3,3825.14
KUDLU MAIN ROAD,1464.0,3.0,56.0,3,3825.14
KUDLU MAIN ROAD,1464.0,3.0,56.0,3,3825.14
KUDLU MAIN ROAD,1464.0,3.0,56.0,3,3825.14
KUDLU MAIN ROAD,1464.0,2.0,56.0,2,3825.14
KUDLU MAIN ROAD,1464.0,3.0,56.0,3,3825.14
KUDLU MAIN ROAD,1464.0,3.0,56.0,3,3825.14
Kachanayakanahalli,861.0,2.0,35.0,2,4065.04
Kachanayakanahalli,827.0,2.0,34.0,2,4111.25
Kacharakanahalli,1256.0,2.0,60.0,2,4777.07
Kacharakanahalli,1850.0,3.0,98.0,3,5297.3
Kacharakanahalli,1400.0,3.0,69.0,3,4928.57
Kacharakanahalli,1256.0,2.0,60.0,2,4777.07
Kada Agrahara,1115.0,2.0,40.0,2,3587.44
Kada Agrahara,909.0,2.0,40.0,3,4400.44
Kada Agrahara,935.0,2.0,35.0,2,3743.32
Kadabagere,675.0,1.0,15.0,2,2222.22
Kadabagere,520.0,2.0,29.0,1,5576.92
Kadubeesanahalli,1665.0,3.0,70.0,3,4204.2
Kadubeesanahalli,1532.0,3.0,115.0,3,7506.53
Kadubeesanahalli,1545.0,2.0,66.0,3,4271.84
Kadubeesanahalli,1424.0,2.0,75.0,3,5266.85
Kadubeesanahalli,1257.0,2.0,93.0,2,7398.57
Kadubeesanahalli,1365.0,3.0,80.0,3,5860.81
Kadubeesanahalli,1257.0,2.0,105.0,2,8353.22
Kadubeesanahalli,1184.0,2.0,55.0,2,4645.27
Kadubeesanahalli,1185.0,2.0,55.0,2,4641.35
Kadubeesanahalli,1140.0,2.0,78.0,2,6842.11
Kadugodi,1260.0,2.0,54.0,3,4285.71
Kadugodi,1762.0,3.0,91.45,3,5190.12
Kadugodi,1198.0,2.0,58.0,2,4841.4
Kadugodi,1580.0,2.0,65.0,3,4113.92
Kadugodi,1890.0,4.0,127.0,3,6719.58
Kadugodi,3750.0,4.0,210.0,4,5600.0
Kadugodi,1762.0,3.0,110.0,3,6242.91
Kadugodi,1314.0,2.0,68.2,2,5190.26
Kadugodi,1645.0,2.0,82.0,3,4984.8
Kadugodi,1100.0,2.0,45.0,2,4090.91
Kadugodi,1711.0,3.0,75.0,3,4383.4
Kadugodi,1314.0,2.0,78.0,2,5936.07
Kadugodi,1762.0,3.0,112.0,3,6356.41
Kadugodi,1314.0,2.0,83.0,2,6316.59
Kadugodi,925.0,1.0,40.7,1,4400.0
Kadugodi,1351.0,2.0,78.0,3,5773.5
Kadugodi,1010.0,2.0,50.0,2,4950.5
Kadugodi,1890.0,4.0,125.0,3,6613.76
Kadugodi,1152.0,2.0,61.0,2,5295.14
Kadugodi,1394.0,2.0,56.0,2,4017.22
Kadugodi,1762.0,3.0,112.0,3,6356.41
Kadugodi,1890.0,4.0,125.0,3,6613.76
Kadugodi,1430.0,2.0,55.0,3,3846.15
Kadugodi,3000.0,4.0,134.0,4,4466.67
Kadugodi,1614.0,2.0,59.0,3,3655.51
Kadugodi,1088.0,2.0,44.0,2,4044.12
Kadugodi,1875.0,2.0,110.0,3,5866.67
Kadugodi,1150.0,2.0,42.0,2,3652.17
Kadugodi,1762.0,3.0,109.0,3,6186.15
Kadugodi,1314.0,2.0,80.0,2,6088.28
Kadugodi,1196.0,2.0,60.0,2,5016.72
Kaggadasapura,1280.0,2.0,56.0,3,4375.0
Kaggadasapura,1140.0,2.0,40.0,2,3508.77
Kaggadasapura,1275.0,2.0,52.0,2,4078.43
Kaggadasapura,2150.0,4.0,100.0,4,4651.16
Kaggadasapura,1150.0,2.0,42.0,2,3652.17
Kaggadasapura,1110.0,2.0,53.0,2,4774.77
Kaggadasapura,1060.0,2.0,48.0,2,4528.3
Kaggadasapura,1350.0,3.0,55.5,3,4111.11
Kaggadasapura,1063.0,2.0,42.0,2,3951.08
Kaggadasapura,1470.0,2.0,75.0,3,5102.04
Kaggadasapura,1615.0,3.0,58.0,3,3591.33
Kaggadasapura,1050.0,2.0,48.0,2,4571.43
Kaggadasapura,1132.0,2.0,42.0,2,3710.25
Kaggadasapura,1325.0,2.0,50.0,2,3773.58
Kaggadasapura,1200.0,2.0,53.0,2,4416.67
Kaggadasapura,1035.0,2.0,45.5,2,4396.14
Kaggadasapura,1180.0,1.0,50.0,2,4237.29
Kaggadasapura,1140.0,2.0,46.0,2,4035.09
Kaggadasapura,1340.0,3.0,66.0,3,4925.37
Kaggadasapura,1256.0,2.0,50.0,3,3980.89
Kaggadasapura,1710.0,3.0,60.0,3,3508.77
Kaggadasapura,1500.0,3.0,75.0,3,5000.0
Kaggadasapura,1215.0,2.0,43.0,2,3539.09
Kaggadasapura,1225.0,2.0,48.0,2,3918.37
Kaggadasapura,1805.0,2.0,75.0,3,4155.12
Kaggadasapura,1240.0,2.0,45.0,2,3629.03
Kaggadasapura,1560.0,2.0,72.0,3,4615.38
Kaggadasapura,1240.0,2.0,58.58,2,4724.19
Kaggadasapura,1000.0,2.0,43.0,2,4300.0
Kaggadasapura,1225.0,2.0,48.0,2,3918.37
Kaggadasapura,2500.0,5.0,120.0,3,4800.0
Kaggadasapura,960.0,2.0,45.0,2,4687.5
Kaggadasapura,775.0,2.0,29.5,2,3806.45
Kaggadasapura,1250.0,2.0,47.0,3,3760.0
Kaggadasapura,1455.0,3.0,75.0,3,5154.64
Kaggadasapura,1045.0,2.0,55.0,2,5263.16
Kaggadasapura,1495.0,3.0,60.0,3,4013.38
Kaggadasapura,1654.0,3.0,70.0,3,4232.16
Kaggadasapura,2150.0,4.0,90.0,4,4186.05
Kaggadasapura,1106.0,2.0,40.0,2,3616.64
Kaggadasapura,1485.0,2.0,70.0,3,4713.8
Kaggadasapura,1175.0,2.0,50.0,2,4255.32
Kaggadasapura,1500.0,2.0,60.0,3,4000.0
Kaggadasapura,1105.0,2.0,39.5,2,3574.66
Kaggadasapura,1500.0,2.0,75.0,3,5000.0
Kaggadasapura,1400.0,2.0,68.0,3,4857.14
Kaggadasapura,1150.0,2.0,45.0,2,3913.04
Kaggalipura,1150.0,2.0,55.0,3,4782.61
Kaggalipura,700.0,1.0,38.0,1,5428.57
Kaggalipura,1210.0,2.0,58.0,3,4793.39
Kaggalipura,700.0,1.0,36.0,1,5142.86
Kaggalipura,950.0,2.0,48.0,2,5052.63
Kaggalipura,1000.0,2.0,60.0,2,6000.0
Kaggalipura,950.0,2.0,50.0,2,5263.16
Kaggalipura,950.0,2.0,47.0,2,4947.37
Kaggalipura,1150.0,2.0,62.0,3,5391.3
Kaggalipura,700.0,1.0,35.0,1,5000.0
Kaggalipura,1150.0,2.0,57.5,3,5000.0
Kaggalipura,1210.0,2.0,65.0,3,5371.9
Kaggalipura,950.0,2.0,45.0,2,4736.84
Kaggalipura,950.0,2.0,60.0,2,6315.79
Kaikondrahalli,1645.0,3.0,100.0,3,6079.03
Kaikondrahalli,1115.0,2.0,50.0,2,4484.3
Kaikondrahalli,1220.0,3.0,56.0,3,4590.16
Kaikondrahalli,1300.0,2.0,61.0,2,4692.31
Kaikondrahalli,1342.0,3.0,92.0,3,6855.44
Kaikondrahalli,1605.0,3.0,105.0,3,6542.06
Kaikondrahalli,1253.0,2.0,81.5,2,6504.39
Kaikondrahalli,991.0,2.0,64.0,2,6458.12
Kaikondrahalli,1250.0,2.0,78.0,2,6240.0
Kaikondrahalli,3381.0,6.0,225.0,6,6654.84
Kalena Agrahara,1200.0,2.0,50.0,2,4166.67
Kalena Agrahara,1804.0,3.0,120.0,3,6651.88
Kalena Agrahara,1425.0,2.0,70.0,3,4912.28
Kalena Agrahara,1325.0,2.0,76.0,2,5735.85
Kalena Agrahara,1450.0,2.0,85.0,3,5862.07
Kalena Agrahara,980.0,2.0,40.0,2,4081.63
Kalena Agrahara,1187.0,2.0,52.0,2,4380.79
Kalena Agrahara,800.0,2.0,30.0,2,3750.0
Kalena Agrahara,1565.0,3.0,78.0,3,4984.03
Kalena Agrahara,610.0,1.0,39.0,1,6393.44
Kalena Agrahara,1040.0,2.0,45.0,2,4326.92
Kalena Agrahara,1450.0,3.0,100.0,3,6896.55
Kalena Agrahara,1200.0,2.0,45.0,2,3750.0
Kalena Agrahara,1902.0,3.0,89.0,3,4679.28
Kalena Agrahara,800.0,2.0,40.0,2,5000.0
Kalena Agrahara,1222.0,2.0,48.0,2,3927.99
Kalena Agrahara,900.0,2.0,40.0,2,4444.44
Kalena Agrahara,1837.0,2.0,95.0,3,5171.48
Kalena Agrahara,1510.0,3.0,78.0,3,5165.56
Kalena Agrahara,1354.0,2.0,70.0,2,5169.87
Kalena Agrahara,1200.0,3.0,70.0,2,5833.33
Kalena Agrahara,1354.0,2.0,71.0,2,5243.72
Kalkere,856.0,2.0,40.0,2,4672.9
Kalkere,925.0,2.0,48.0,2,5189.19
Kalkere,925.0,2.0,51.0,2,5513.51
Kalkere,1147.0,2.0,54.0,2,4707.93
Kalkere,925.0,2.0,42.0,2,4540.54
Kalkere,1850.0,3.0,95.0,3,5135.14
Kalkere,925.0,2.0,55.0,2,5945.95
Kallumantapa,1050.0,2.0,50.0,2,4761.9
Kallumantapa,1054.0,2.0,53.0,2,5028.46
Kallumantapa,1255.0,2.0,65.0,2,5179.28
Kalyan nagar,1375.0,3.0,75.0,3,5454.55
Kalyan nagar,820.0,2.0,39.0,2,4756.1
Kalyan nagar,3800.0,5.0,300.0,4,7894.74
Kalyan nagar,1640.0,3.0,88.0,3,5365.85
Kalyan nagar,1800.0,3.0,85.0,3,4722.22
Kalyan nagar,1080.0,2.0,73.0,2,6759.26
Kalyan nagar,2422.0,3.0,150.0,4,6193.23
Kalyan nagar,1280.0,2.0,48.0,2,3750.0
Kalyan nagar,1410.0,2.0,60.0,3,4255.32
Kalyan nagar,1198.0,2.0,65.0,2,5425.71
Kalyan nagar,1250.0,2.0,65.0,2,5200.0
Kalyan nagar,1190.0,2.0,60.0,2,5042.02
Kalyan nagar,1086.0,2.0,44.5,2,4097.61
Kalyan nagar,2285.0,4.0,165.0,3,7221.01
Kalyan nagar,1100.0,2.0,70.0,2,6363.64
Kamakshipalya,1150.0,2.0,75.0,2,6521.74
Kamakshipalya,1155.0,2.0,60.0,3,5194.81
Kamakshipalya,1044.0,2.0,85.0,2,8141.76
Kamakshipalya,450.0,1.0,30.0,1,6666.67
Kamakya Layout,2750.0,6.0,200.0,6,7272.73
Kamala Nagar,1000.0,2.0,80.0,2,8000.0
Kamala Nagar,700.0,2.0,43.0,2,6142.86
Kamala Nagar,565.0,1.0,33.0,1,5840.71
Kambipura,883.0,2.0,45.0,2,5096.26
Kambipura,1082.0,2.0,56.0,3,5175.6
Kambipura,883.0,2.0,45.0,2,5096.26
Kambipura,1082.0,2.0,45.0,3,4158.96
Kambipura,883.0,2.0,39.0,2,4416.76
Kambipura,883.0,2.0,45.0,2,5096.26
Kambipura,883.0,2.0,39.0,2,4416.76
Kambipura,1082.0,2.0,55.0,3,5083.18
Kambipura,1082.0,2.0,45.0,3,4158.96
Kambipura,883.0,2.0,37.0,2,4190.26
Kambipura,883.0,2.0,44.0,2,4983.01
Kambipura,883.0,2.0,37.0,2,4190.26
Kambipura,1082.0,2.0,45.5,3,4205.18
Kambipura,1083.0,2.0,48.0,3,4432.13
Kambipura,883.0,2.0,39.0,2,4416.76
Kambipura,883.0,2.0,37.01,2,4191.39
Kambipura,883.0,2.0,39.0,2,4416.76
Kambipura,883.0,2.0,45.0,2,5096.26
Kambipura,883.0,2.0,39.0,2,4416.76
Kambipura,1082.0,2.0,55.0,3,5083.18
Kammagondahalli,1263.0,2.0,51.5,2,4077.59
Kammagondahalli,2700.0,7.0,110.0,6,4074.07
Kammagondahalli,1347.0,2.0,55.0,3,4083.15
Kammanahalli,2845.0,5.0,140.0,5,4920.91
Kammanahalli,1666.0,4.0,150.0,5,9003.6
Kammanahalli,700.0,1.0,59.0,1,8428.57
Kammanahalli,1200.0,2.0,80.0,2,6666.67
Kammanahalli,1100.0,2.0,60.0,2,5454.55
Kammanahalli,1200.0,1.0,81.0,2,6750.0
Kammanahalli,2900.0,4.0,200.0,4,6896.55
Kammanahalli,1200.0,3.0,80.0,2,6666.67
Kammasandra,1595.0,3.0,65.0,3,4075.24
Kammasandra,810.0,2.0,24.5,2,3024.69
Kammasandra,657.5,1.0,18.41,1,2800.0
Kammasandra,674.0,2.0,29.0,2,4302.67
Kammasandra,912.0,2.0,39.0,3,4276.32
Kammasandra,1156.0,2.0,32.0,2,2768.17
Kammasandra,870.0,2.0,24.0,2,2758.62
Kammasandra,990.0,2.0,31.5,2,3181.82
Kammasandra,1385.0,2.0,34.63,3,2500.36
Kammasandra,930.0,2.0,25.0,2,2688.17
Kammasandra,992.0,2.0,25.79,2,2599.8
Kammasandra,1030.0,1.0,25.75,2,2500.0
Kammasandra,1365.0,2.0,34.13,3,2500.37
Kammasandra,1015.0,2.0,37.0,2,3645.32
Kammasandra,1276.0,2.0,31.9,3,2500.0
Kammasandra,1080.0,2.0,31.99,2,2962.04
Kammasandra,1415.0,2.0,60.0,2,4240.28
Kammasandra,1057.0,2.0,35.0,2,3311.26
Kammasandra,982.0,2.0,25.53,2,2599.8
Kammasandra,1500.0,3.0,65.0,3,4333.33
Kammasandra,985.0,2.0,40.5,2,4111.68
Kammasandra,940.0,2.0,35.0,2,3723.4
Kammasandra,1616.0,3.0,40.0,3,2475.25
Kammasandra,610.0,1.0,18.5,1,3032.79
Kanaka Nagar,2479.13,3.0,215.0,3,8672.4
Kanaka Nagar,1365.0,3.0,99.0,3,7252.75
Kanaka Nagar,2274.24,4.0,160.0,3,7035.32
Kanaka Nagar,1600.0,4.0,90.0,4,5625.0
Kanakapura,1419.0,3.0,75.0,3,5285.41
Kanakapura,711.0,1.0,36.0,1,5063.29
Kanakapura,711.0,1.0,38.0,1,5344.59
Kanakapura,929.0,2.0,46.0,2,4951.56
Kanakapura,551.0,1.0,30.0,1,5444.65
Kanakapura,1020.0,2.0,42.83,2,4199.02
Kanakapura,1699.0,3.0,97.0,3,5709.24
Kanakapura,1130.0,2.0,45.2,2,4000.0
Kanakapura,1476.0,3.0,75.0,3,5081.3
Kanakapura,1295.0,2.0,64.0,2,4942.08
Kanakapura,1160.0,2.0,46.39,2,3999.14
Kanakapura,1277.0,2.0,55.0,2,4306.97
Kanakapura,1151.0,2.0,59.0,2,5125.98
Kanakapura,945.0,2.0,47.0,2,4973.54
Kanakapura,1254.0,2.0,70.0,3,5582.14
Kanakapura,2200.0,3.0,121.0,3,5500.0
Kanakapura,1340.0,2.0,65.0,2,4850.75
Kanakapura,1560.0,2.0,62.38,3,3998.72
Kanakapura,1450.0,3.0,75.0,3,5172.41
Kanakapura,1130.0,2.0,45.2,2,4000.0
Kanakapura,1283.0,2.0,68.0,2,5300.08
Kanakapura,2130.0,4.0,120.0,4,5633.8
Kanakapura,1290.0,2.0,51.1,3,3961.24
Kanakapura,938.0,1.0,50.0,1,5330.49
Kanakapura,825.0,1.0,35.475,1,4300.0
Kanakapura,1489.0,2.0,70.0,3,4701.14
Kanakapura,1477.0,2.0,69.5,3,4705.48
Kanakpura Road,700.0,2.0,36.0,2,5142.86
Kanakpura Road,1665.0,3.0,88.0,3,5285.29
Kanakpura Road,950.0,2.0,57.0,2,6000.0
Kanakpura Road,2250.0,4.0,110.0,4,4888.89
Kanakpura Road,1017.0,2.0,51.25,2,5039.33
Kanakpura Road,525.0,1.0,26.0,1,4952.38
Kanakpura Road,1550.0,3.0,67.0,3,4322.58
Kanakpura Road,950.0,2.0,40.0,2,4210.53
Kanakpura Road,1550.0,3.0,64.5,3,4161.29
Kanakpura Road,525.0,1.0,27.25,1,5190.48
Kanakpura Road,1100.0,2.0,58.0,3,5272.73
Kanakpura Road,525.0,1.0,30.0,1,5714.29
Kanakpura Road,1180.0,2.0,57.0,2,4830.51
Kanakpura Road,1339.0,2.0,75.0,2,5601.19
Kanakpura Road,1100.0,3.0,58.0,3,5272.73
Kanakpura Road,525.0,1.0,26.0,1,4952.38
Kanakpura Road,1100.0,3.0,53.0,3,4818.18
Kanakpura Road,1843.0,3.0,95.84,3,5200.22
Kanakpura Road,1290.0,2.0,74.0,2,5736.43
Kanakpura Road,1500.0,2.0,69.0,2,4600.0
Kanakpura Road,1665.0,3.0,86.58,3,5200.0
Kanakpura Road,1558.67,2.0,65.0,3,4170.22
Kanakpura Road,1542.0,2.0,85.0,3,5512.32
Kanakpura Road,1300.0,2.0,69.0,3,5307.69
Kanakpura Road,900.0,2.0,46.0,2,5111.11
Kanakpura Road,900.0,1.0,45.0,2,5000.0
Kanakpura Road,1843.0,3.0,92.15,3,5000.0
Kanakpura Road,900.0,2.0,46.0,2,5111.11
Kanakpura Road,900.0,2.0,46.0,2,5111.11
Kanakpura Road,1495.0,2.0,90.0,2,6020.07
Kanakpura Road,1699.0,3.0,81.94,3,4822.84
Kanakpura Road,1570.0,3.0,64.5,3,4108.28
Kanakpura Road,1135.0,2.0,58.0,2,5110.13
Kanakpura Road,3500.0,6.0,225.0,4,6428.57
Kanakpura Road,1420.0,2.0,75.0,3,5281.69
Kanakpura Road,900.0,2.0,41.0,2,4555.56
Kanakpura Road,825.0,1.0,36.29,1,4398.79
Kanakpura Road,983.0,2.0,50.6,2,5147.51
Kanakpura Road,1480.0,2.0,64.23,3,4339.86
Kanakpura Road,700.0,2.0,35.0,2,5000.0
Kanakpura Road,1660.0,3.0,75.0,3,4518.07
Kanakpura Road,1450.0,3.0,60.91,3,4200.69
Kanakpura Road,1843.0,3.0,95.84,3,5200.22
Kanakpura Road,700.0,1.0,35.0,2,5000.0
Kanakpura Road,1366.0,3.0,76.85,2,5625.92
Kanakpura Road,1419.59,2.0,59.0,3,4156.13
Kanakpura Road,525.0,1.0,25.0,1,4761.9
Kanakpura Road,1100.0,3.0,53.0,3,4818.18
Kanakpura Road,2265.0,3.0,136.0,3,6004.42
Kanakpura Road,1252.0,2.0,56.32,2,4498.4
Kanakpura Road,1100.0,3.0,53.0,3,4818.18
Kanakpura Road,1339.0,2.0,62.0,2,4630.32
Kanakpura Road,1470.0,2.0,61.74,2,4200.0
Kanakpura Road,2200.0,3.0,130.0,3,5909.09
Kanakpura Road,525.0,1.0,30.0,1,5714.29
Kanakpura Road,1090.0,2.0,54.54,2,5003.67
Kanakpura Road,1051.0,2.0,56.74,2,5398.67
Kanakpura Road,525.0,1.0,30.0,1,5714.29
Kanakpura Road,1339.0,2.0,58.0,2,4331.59
Kanakpura Road,950.0,2.0,45.0,2,4736.84
Kanakpura Road,1570.0,3.0,64.5,3,4108.28
Kanakpura Road,1452.0,3.0,60.98,3,4199.72
Kanakpura Road,1300.0,3.0,69.0,3,5307.69
Kanakpura Road,700.0,2.0,40.0,2,5714.29
Kanakpura Road,458.0,1.0,19.695,1,4300.22
Kanakpura Road,1700.0,3.0,88.0,3,5176.47
Kanakpura Road,1482.0,3.0,60.98,3,4114.71
Kanakpura Road,1570.0,3.0,64.5,3,4108.28
Kanakpura Road,2775.0,3.0,165.0,4,5945.95
Kanakpura Road,1900.0,3.0,99.0,3,5210.53
Kanakpura Road,1290.0,2.0,80.0,2,6201.55
Kanakpura Road,900.0,2.0,41.0,2,4555.56
Kanakpura Road,1100.0,3.0,52.97,3,4815.45
Kanakpura Road,700.0,2.0,34.98,2,4997.14
Kanakpura Road,1225.0,2.0,60.0,2,4897.96
Kanakpura Road,1868.0,3.0,113.0,3,6049.25
Kanakpura Road,1339.0,2.0,62.0,2,4630.32
Kanakpura Road,1366.0,2.0,83.0,2,6076.13
Kanakpura Road,700.0,2.0,40.0,2,5714.29
Kanakpura Road,1800.0,3.0,90.0,3,5000.0
Kanakpura Road,1339.0,2.0,71.5,2,5339.81
Kanakpura Road,1339.0,2.0,58.0,2,4331.59
Kanakpura Road,670.0,1.0,35.0,1,5223.88
Kanakpura Road,1340.0,2.0,60.0,2,4477.61
Kanakpura Road,1260.0,3.0,63.58,3,5046.03
Kanakpura Road,1155.0,2.0,55.5,2,4805.19
Kanakpura Road,900.0,2.0,41.0,2,4555.56
Kanakpura Road,700.0,2.0,34.99,2,4998.57
Kanakpura Road,1309.0,2.0,64.39,2,4919.02
Kanakpura Road,525.0,1.0,30.0,1,5714.29
Kanakpura Road,1843.0,3.0,82.0,3,4449.27
Kanakpura Road,1550.0,3.0,65.11,3,4200.65
Kanakpura Road,1498.0,3.0,95.0,3,6341.79
Kanakpura Road,1665.0,3.0,86.91,3,5219.82
Kanakpura Road,1665.0,3.0,86.58,3,5200.0
Kanakpura Road,712.0,1.0,38.44,1,5398.88
Kanakpura Road,1450.0,3.0,62.4,3,4303.45
Kanakpura Road,1843.0,3.0,85.0,3,4612.05
Kanakpura Road,1628.0,2.0,68.0,2,4176.9
Kanakpura Road,1507.0,2.0,95.0,3,6303.92
Kanakpura Road,1550.0,3.0,63.5,3,4096.77
Kanakpura Road,1737.0,3.0,85.0,3,4893.49
Kanakpura Road,700.0,2.0,35.07,2,5010.0
Kanakpura Road,1339.0,2.0,85.0,2,6348.02
Kanakpura Road,525.0,1.0,27.0,1,5142.86
Kanakpura Road,525.0,1.0,27.5,1,5238.1
Kanakpura Road,1155.0,2.0,50.125,2,4339.83
Kanakpura Road,525.0,1.0,26.25,1,5000.0
Kanakpura Road,1452.0,3.0,60.98,3,4199.72
Kanakpura Road,525.0,1.0,26.0,1,4952.38
Kanakpura Road,1050.0,2.0,59.0,3,5619.05
Kanakpura Road,1600.0,3.0,90.0,3,5625.0
Kanakpura Road,1283.0,2.0,63.22,2,4927.51
Kanakpura Road,1100.0,3.0,53.0,3,4818.18
Kanakpura Road,1843.0,3.0,88.0,3,4774.82
Kanakpura Road,1100.0,3.0,56.57,3,5142.73
Kanakpura Road,700.0,2.0,35.0,2,5000.0
Kanakpura Road,1550.0,3.0,65.1,3,4200.0
Kanakpura Road,1843.0,3.0,96.2,3,5219.75
Kanakpura Road,1550.0,3.0,64.7,3,4174.19
Kanakpura Road,1500.0,3.0,72.99,3,4866.0
Kanakpura Road,1450.0,2.0,62.93,3,4340.0
Kanakpura Road,1240.0,2.0,65.0,2,5241.94
Kanakpura Road,1420.0,3.0,68.0,3,4788.73
Kanakpura Road,1498.0,3.0,74.9,3,5000.0
Kanakpura Road,1300.0,2.0,55.0,3,4230.77
Kanakpura Road,700.0,2.0,41.0,2,5857.14
Kanakpura Road,700.0,2.0,35.0,2,5000.0
Kanakpura Road,1570.0,3.0,65.93,3,4199.36
Kanakpura Road,1450.0,3.0,65.0,3,4482.76
Kanakpura Road,700.0,1.0,41.0,2,5857.14
Kanakpura Road,1135.0,2.0,56.74,2,4999.12
Kanakpura Road,1100.0,3.0,58.0,3,5272.73
Kanakpura Road,1140.0,2.0,65.0,2,5701.75
Kanakpura Road,1452.0,3.0,60.0,3,4132.23
Kanakpura Road,700.0,2.0,40.0,2,5714.29
Kanakpura Road,1100.0,2.0,52.97,3,4815.45
Kanakpura Road,1450.0,2.0,70.18,3,4840.0
Kanakpura Road,525.0,1.0,26.01,1,4954.29
Kanakpura Road,1843.0,3.0,85.0,3,4612.05
Kanakpura Road,1938.0,3.0,92.69,3,4782.77
Kanakpura Road,1322.0,2.0,70.0,2,5295.01
Kanakpura Road,1698.0,2.0,105.0,2,6183.75
Kanakpura Road,1300.0,3.0,69.0,3,5307.69
Kanakpura Road,1300.0,3.0,69.0,3,5307.69
Kanakpura Road,700.0,2.0,34.0,2,4857.14
Kanakpura Road,1167.0,2.0,63.0,2,5398.46
Kanakpura Road,1419.59,2.0,65.0,3,4578.79
Kanakpura Road,1665.0,3.0,78.0,3,4684.68
Kanakpura Road,1339.0,2.0,63.0,2,4705.0
Kanakpura Road,1300.0,3.0,69.0,3,5307.69
Kanakpura Road,1450.0,3.0,60.9,3,4200.0
Kanakpura Road,900.0,2.0,41.0,2,4555.56
Kanakpura Road,1300.0,3.0,64.0,3,4923.08
Kanakpura Road,1120.0,2.0,51.0,2,4553.57
Kanakpura Road,1430.0,2.0,78.0,2,5454.55
Kanakpura Road,700.0,2.0,36.0,2,5142.86
Kanakpura Road,1401.0,3.0,69.0,3,4925.05
Kanakpura Road,1220.0,2.0,60.0,2,4918.03
Kanakpura Road,1100.0,3.0,53.0,3,4818.18
Kanakpura Road,1100.0,3.0,58.0,3,5272.73
Kanakpura Road,1452.0,3.0,60.98,3,4199.72
Kanakpura Road,1700.0,3.0,75.0,3,4411.76
Kanakpura Road,900.0,2.0,41.0,2,4555.56
Kanakpura Road,1100.0,3.0,53.0,3,4818.18
Kanakpura Road,1300.0,2.0,69.0,3,5307.69
Kanakpura Road,2000.0,3.0,105.0,3,5250.0
Kanakpura Road,1200.0,2.0,62.0,2,5166.67
Kanakpura Road,900.0,2.0,41.0,2,4555.56
Kanakpura Road,1843.0,3.0,95.0,3,5154.64
Kanakpura Road,1100.0,2.0,53.0,3,4818.18
Kanakpura Road,1843.0,3.0,90.0,3,4883.34
Kanakpura Road,900.0,2.0,46.29,2,5143.33
Kanakpura Road,850.0,1.0,37.32,1,4390.59
Kanakpura Road,1570.0,3.0,68.0,3,4331.21
Kanakpura Road,525.0,1.0,30.0,1,5714.29
Kanakpura Road,1938.0,3.0,105.0,3,5417.96
Kanakpura Road,1843.0,3.0,96.2,3,5219.75
Kanakpura Road,525.0,1.0,26.0,1,4952.38
Kanakpura Road,1610.0,3.0,78.5,3,4875.78
Kanakpura Road,1250.0,3.0,62.6,3,5008.0
Kanakpura Road,1450.0,3.0,60.91,3,4200.69
Kanakpura Road,700.0,2.0,36.0,2,5142.86
Kanakpura Road,900.0,2.0,42.0,2,4666.67
Kanakpura Road,1665.0,3.0,74.9,3,4498.5
Kanakpura Road,1450.0,3.0,60.9,3,4200.0
Kanakpura Road,1339.0,2.0,67.0,2,5003.73
Kannamangala,957.0,2.0,58.0,2,6060.61
Kannamangala,957.0,2.0,56.0,2,5851.62
Kannamangala,3000.0,4.0,200.0,4,6666.67
Kannamangala,1536.0,3.0,89.0,3,5794.27
Kannamangala,2400.0,4.0,130.0,4,5416.67
Kannamangala,1574.0,3.0,93.34,3,5930.11
Kannamangala,957.0,2.0,52.5,2,5485.89
Kannamangala,1536.0,3.0,104.0,3,6770.83
Kannamangala,957.0,2.0,54.5,2,5694.88
Kannamangala,2422.0,4.0,135.0,4,5573.91
Kannamangala,957.0,2.0,55.0,2,5747.13
Kannamangala,957.0,2.0,56.0,2,5851.62
Karuna Nagar,2500.0,3.0,180.0,3,7200.0
Karuna Nagar,2500.0,3.0,190.0,3,7600.0
Karuna Nagar,1962.0,3.0,175.0,3,8919.47
Karuna Nagar,1057.0,2.0,65.0,2,6149.48
Karuna Nagar,1354.0,2.0,98.0,3,7237.81
Karuna Nagar,1945.0,3.0,115.0,3,5912.6
Karuna Nagar,1960.0,3.0,165.0,3,8418.37
Kasavanhalli,1060.0,2.0,58.06,2,5477.36
Kasavanhalli,1563.05,3.0,105.0,3,6717.64
Kasavanhalli,1717.0,3.0,99.0,3,5765.87
Kasavanhalli,1799.0,3.0,90.0,3,5002.78
Kasavanhalli,3260.0,4.0,240.0,4,7361.96
Kasavanhalli,1349.0,2.0,78.0,2,5782.06
Kasavanhalli,1121.0,2.0,78.0,2,6958.07
Kasavanhalli,1100.0,2.0,50.0,2,4545.45
Kasavanhalli,1980.0,3.0,88.0,3,4444.44
Kasavanhalli,1200.0,2.0,78.0,2,6500.0
Kasavanhalli,1646.0,3.0,79.5,3,4829.89
Kasavanhalli,1555.0,3.0,82.5,3,5305.47
Kasavanhalli,1476.0,3.0,89.0,3,6029.81
Kasavanhalli,1493.0,3.0,82.0,3,5492.3
Kasavanhalli,1719.0,3.0,116.0,3,6748.11
Kasavanhalli,1115.0,2.0,50.0,2,4484.3
Kasavanhalli,1125.0,2.0,61.2,2,5440.0
Kasavanhalli,2170.0,3.0,151.0,3,6958.53
Kasavanhalli,1476.0,3.0,95.0,3,6436.31
Kasavanhalli,2100.0,3.0,110.0,3,5238.1
Kasavanhalli,1787.0,3.0,123.0,3,6883.04
Kasavanhalli,1090.0,2.0,59.8,2,5486.24
Kasavanhalli,1691.0,3.0,104.0,3,6150.21
Kasavanhalli,4260.0,4.0,272.0,4,6384.98
Kasavanhalli,2111.0,4.0,120.0,3,5684.51
Kasavanhalli,1545.0,3.0,69.0,3,4466.02
Kasavanhalli,1863.0,3.0,105.0,4,5636.07
Kasavanhalli,1667.0,3.0,92.0,3,5518.9
Kasavanhalli,1494.0,3.0,82.0,3,5488.62
Kasavanhalli,1555.0,3.0,82.0,3,5273.31
Kasavanhalli,770.0,1.0,43.82,1,5690.91
Kasavanhalli,1147.0,2.0,60.0,2,5231.04
Kasavanhalli,1375.0,2.0,72.0,2,5236.36
Kasavanhalli,1200.0,2.0,60.0,2,5000.0
Kasavanhalli,1495.0,2.0,83.0,2,5551.84
Kasavanhalli,1225.0,2.0,69.0,3,5632.65
Kasavanhalli,1917.0,3.0,132.0,3,6885.76
Kasavanhalli,1375.0,2.0,78.0,2,5672.73
Kasavanhalli,1309.0,2.0,95.0,2,7257.45
Kasavanhalli,1476.0,3.0,105.0,3,7113.82
Kasavanhalli,1158.0,2.0,67.0,2,5785.84
Kasavanhalli,1214.0,2.0,67.0,2,5518.95
Kasavanhalli,2110.0,4.0,120.0,3,5687.2
Kasavanhalli,1495.0,2.0,110.0,2,7357.86
Kasavanhalli,1575.0,2.0,85.0,2,5396.83
Kasavanhalli,1069.0,2.0,55.0,2,5145.0
Kasavanhalli,1100.0,2.0,68.0,2,6181.82
Kasavanhalli,1715.0,3.0,112.0,3,6530.61
Kasavanhalli,1100.0,2.0,65.0,2,5909.09
Kasavanhalli,1230.0,2.0,66.25,2,5386.18
Kasavanhalli,1600.0,3.0,79.0,3,4937.5
Kasavanhalli,1585.0,2.0,90.0,2,5678.23
Kasavanhalli,1245.0,2.0,80.0,2,6425.7
Kasavanhalli,2035.0,3.0,142.0,3,6977.89
Kasavanhalli,1747.0,3.0,110.0,3,6296.51
Kasavanhalli,1377.0,2.0,80.0,2,5809.73
Kasavanhalli,1181.0,2.0,61.0,2,5165.11
Kasavanhalli,1121.0,2.0,75.0,2,6690.45
Kashi Nagar,1200.0,2.0,50.0,2,4166.67
Kasturi Nagar,1567.0,2.0,92.0,2,5871.09
Kasturi Nagar,1570.0,3.0,80.0,3,5095.54
Kasturi Nagar,1565.0,3.0,88.5,3,5654.95
Kasturi Nagar,1080.0,2.0,80.0,2,7407.41
Kasturi Nagar,1101.0,2.0,65.0,2,5903.72
Kasturi Nagar,1500.0,2.0,80.0,3,5333.33
Kasturi Nagar,1896.0,3.0,125.0,4,6592.83
Kasturi Nagar,1100.0,2.0,58.0,2,5272.73
Kasturi Nagar,1570.0,3.0,110.0,3,7006.37
Kasturi Nagar,1000.0,2.0,58.0,2,5800.0
Kasturi Nagar,1101.0,2.0,66.0,2,5994.55
Kasturi Nagar,2507.0,4.0,155.0,4,6182.69
Kathriguppe,1400.0,2.0,77.0,3,5500.0
Kathriguppe,1250.0,2.0,68.75,3,5500.0
Kathriguppe,1245.0,2.0,68.48,3,5500.4
Kathriguppe,1350.0,2.0,87.01,3,6445.19
Kathriguppe,1350.0,2.0,80.99,3,5999.26
Kathriguppe,1365.0,2.0,75.08,3,5500.37
Kathriguppe,1300.0,3.0,77.99,3,5999.23
Kathriguppe,1350.0,2.0,80.99,3,5999.26
Kathriguppe,1390.0,2.0,76.45,3,5500.0
Kathriguppe,1350.0,3.0,78.3,3,5800.0
Kathriguppe,1250.0,2.0,68.75,3,5500.0
Kathriguppe,1300.0,3.0,77.99,3,5999.23
Kathriguppe,1335.0,2.0,73.43,3,5500.37
Kathriguppe,1300.0,3.0,77.99,3,5999.23
Kathriguppe,1300.0,3.0,77.99,3,5999.23
Kathriguppe,1335.0,2.0,73.43,3,5500.37
Kathriguppe,1350.0,3.0,80.99,3,5999.26
Kathriguppe,1250.0,2.0,68.75,2,5500.0
Kathriguppe,1350.0,3.0,80.99,3,5999.26
Kattigenahalli,2800.0,7.0,125.0,7,4464.29
Kattigenahalli,1062.0,2.0,47.0,2,4425.61
Kaval Byrasandra,1200.0,2.0,52.0,2,4333.33
Kaval Byrasandra,1020.0,2.0,52.0,2,5098.04
Kaval Byrasandra,1200.0,2.0,49.5,2,4125.0
Kaval Byrasandra,945.0,2.0,50.0,2,5291.01
Kaval Byrasandra,1060.0,2.0,45.0,2,4245.28
Kaval Byrasandra,1100.0,2.0,46.0,2,4181.82
Kaval Byrasandra,1185.0,2.0,49.0,2,4135.02
Kaval Byrasandra,997.0,2.0,53.0,2,5315.95
Kaval Byrasandra,1060.0,2.0,42.0,2,3962.26
Kaval Byrasandra,480.0,1.0,25.0,1,5208.33
Kaval Byrasandra,1125.0,2.0,41.5,2,3688.89
Kaval Byrasandra,1180.0,2.0,60.0,2,5084.75
Kaval Byrasandra,1450.0,3.0,75.0,3,5172.41
Kaval Byrasandra,1066.0,2.0,55.0,2,5159.47
Kaval Byrasandra,1025.0,2.0,60.0,2,5853.66
Kaval Byrasandra,1400.0,3.0,75.0,3,5357.14
Kaverappa Layout,1269.72,2.0,68.0,2,5355.51
Kaverappa Layout,1265.0,2.0,70.0,2,5533.6
Kaverappa Layout,1012.0,2.0,59.0,2,5830.04
Kaverappa Layout,1250.0,2.0,68.0,2,5440.0
Kaverappa Layout,1540.0,3.0,85.0,3,5519.48
Kaverappa Layout,1220.0,2.0,65.0,2,5327.87
Kaverappa Layout,3535.0,4.0,215.0,4,6082.04
Kaveri Nagar,1900.0,3.0,155.0,3,8157.89
Kempapura,4200.0,5.0,225.0,5,5357.14
Kempegowda Nagar,1665.0,3.0,105.0,3,6306.31
Kenchenahalli,1015.0,2.0,58.0,2,5714.29
Kenchenahalli,715.0,1.0,45.0,1,6293.71
Kenchenahalli,1150.0,2.0,58.0,2,5043.48
Kenchenahalli,1280.0,2.0,69.0,3,5390.62
Kenchenahalli,1410.0,2.0,73.0,3,5177.3
Kenchenahalli,870.0,1.0,45.0,2,5172.41
Kenchenahalli,1150.0,2.0,60.0,2,5217.39
Kenchenahalli,700.0,1.0,35.0,1,5000.0
Kenchenahalli,1060.0,2.0,52.0,2,4905.66
Kenchenahalli,1150.0,2.0,57.0,2,4956.52
Kenchenahalli,1015.0,2.0,60.0,2,5911.33
Kenchenhalli,1350.0,4.0,90.0,4,6666.67
Kengeri,1540.0,2.0,64.0,3,4155.84
Kengeri,750.0,2.0,38.0,2,5066.67
Kengeri,1160.0,2.0,40.61,2,3500.86
Kengeri,1197.0,2.0,50.0,2,4177.11
Kengeri,1200.0,2.0,58.0,2,4833.33
Kengeri,1188.0,2.0,38.0,3,3198.65
Kengeri,726.0,2.0,31.0,2,4269.97
Kengeri,1250.0,3.0,48.0,3,3840.0
Kengeri,1025.0,2.0,57.0,2,5560.98
Kengeri,1160.0,2.0,40.6,3,3500.0
Kengeri,1082.0,2.0,49.0,3,4528.65
Kengeri,1155.0,2.0,40.6,2,3515.15
Kengeri,1255.0,2.0,50.0,2,3984.06
Kengeri,750.0,2.0,36.0,2,4800.0
Kengeri,963.0,2.0,40.0,2,4153.69
Kengeri,927.0,2.0,37.0,2,3991.37
Kengeri,726.0,2.0,35.0,2,4820.94
Kengeri,918.0,2.0,27.54,2,3000.0
Kengeri,416.0,1.0,19.5,1,4687.5
Kengeri,900.0,2.0,45.0,2,5000.0
Kengeri,900.0,2.0,30.0,2,3333.33
Kengeri,787.0,2.0,31.0,2,3939.01
Kengeri,502.0,1.0,25.0,1,4980.08
Kengeri,1470.0,3.0,50.0,3,3401.36
Kengeri,1200.0,3.0,67.0,3,5583.33
Kengeri,725.0,2.0,30.0,2,4137.93
Kengeri,500.0,1.0,17.0,1,3400.0
Kengeri,540.0,1.0,22.5,1,4166.67
Kengeri,750.0,2.0,35.5,2,4733.33
Kengeri,1741.0,3.0,80.0,3,4595.06
Kengeri,1436.0,2.0,55.0,3,3830.08
Kengeri,1200.0,2.0,58.0,2,4833.33
Kengeri,1230.0,2.0,45.0,2,3658.54
Kengeri,1230.0,2.0,52.0,3,4227.64
Kengeri,750.0,2.0,36.5,2,4866.67
Kengeri,1000.0,2.0,34.0,2,3400.0
Kengeri,416.0,1.0,18.0,1,4326.92
Kengeri,1245.0,2.0,43.57,3,3499.6
Kengeri,883.0,2.0,49.0,2,5549.26
Kengeri,1052.0,2.0,51.0,2,4847.91
Kengeri,1009.0,2.0,30.27,2,3000.0
Kengeri,1220.0,2.0,63.0,2,5163.93
Kengeri,1150.0,1.0,52.0,1,4521.74
Kengeri,1192.0,2.0,53.5,2,4488.26
Kengeri,1200.0,2.0,42.0,2,3500.0
Kengeri,750.0,2.0,40.0,2,5333.33
Kengeri,1035.0,2.0,51.5,2,4975.85
Kengeri,410.0,1.0,15.0,1,3658.54
Kengeri,416.0,1.0,17.19,1,4132.21
Kengeri,1320.0,2.0,50.0,2,3787.88
Kengeri,1160.0,2.0,40.6,2,3500.0
Kengeri,2500.0,4.0,100.0,5,4000.0
Kengeri,550.0,1.0,16.75,1,3045.45
Kengeri Hobli,1840.0,1.0,95.0,2,5163.04
Kengeri Satellite Town,890.0,2.0,35.0,2,3932.58
Kengeri Satellite Town,883.0,2.0,45.0,2,5096.26
Kengeri Satellite Town,1415.0,2.0,66.0,3,4664.31
Kengeri Satellite Town,930.0,1.0,30.0,1,3225.81
Kengeri Satellite Town,1050.0,2.0,43.0,2,4095.24
Kengeri Satellite Town,1007.0,2.0,42.0,2,4170.8
Kengeri Satellite Town,635.0,1.0,22.0,2,3464.57
Kengeri Satellite Town,818.0,2.0,26.0,2,3178.48
Kengeri Satellite Town,1030.0,2.0,50.0,2,4854.37
Kengeri Satellite Town,1200.0,2.0,65.0,2,5416.67
Kengeri Satellite Town,795.0,2.0,32.0,2,4025.16
Kengeri Satellite Town,1302.5,2.0,44.285,2,3400.0
Kengeri Satellite Town,800.0,2.0,40.0,2,5000.0
Kengeri Satellite Town,654.0,1.0,22.0,1,3363.91
Kengeri Satellite Town,1060.0,2.0,42.0,2,3962.26
Kengeri Satellite Town,750.0,2.0,33.0,2,4400.0
Kengeri Satellite Town,920.0,2.0,39.0,2,4239.13
Kengeri Satellite Town,985.0,2.0,42.0,2,4263.96
Kengeri Satellite Town,410.0,1.0,15.0,1,3658.54
Kengeri Satellite Town,1120.0,2.0,49.0,2,4375.0
Kengeri Satellite Town,1450.0,2.0,50.0,3,3448.28
Kengeri Satellite Town,1110.0,2.0,43.0,2,3873.87
Kengeri Satellite Town,1170.0,2.0,50.0,2,4273.5
Kengeri Satellite Town,777.4,2.0,25.0,2,3215.85
Kengeri Satellite Town,800.0,2.0,32.0,2,4000.0
Kereguddadahalli,950.0,2.0,32.0,2,3368.42
Kereguddadahalli,1400.0,2.0,48.0,3,3428.57
Kereguddadahalli,800.0,2.0,28.0,2,3500.0
Kereguddadahalli,904.0,2.0,30.0,2,3318.58
Kereguddadahalli,1300.0,2.0,39.0,3,3000.0
Kereguddadahalli,1000.0,2.0,30.0,2,3000.0
Kereguddadahalli,1240.0,3.0,41.0,3,3306.45
Kereguddadahalli,600.0,1.0,19.5,1,3250.0
Kereguddadahalli,1080.0,2.0,32.0,2,2962.96
Kereguddadahalli,1000.0,2.0,34.0,2,3400.0
Kereguddadahalli,1400.0,2.0,42.0,3,3000.0
Kereguddadahalli,1280.0,3.0,42.0,3,3281.25
Kereguddadahalli,1015.0,2.0,35.0,2,3448.28
Keshava Nagar,1839.0,3.0,165.0,3,8972.27
Keshava Nagar,1904.0,3.0,155.0,3,8140.76
Keshava Nagar,1517.0,2.0,125.0,2,8239.95
Keshava Nagar,1839.0,3.0,160.0,3,8700.38
Kirloskar Layout,2400.0,4.0,89.0,4,3708.33
Kithaganur,1200.0,3.0,70.0,3,5833.33
Kodathi,850.0,2.0,27.0,2,3176.47
Kodathi,1033.0,2.0,31.5,3,3049.37
Kodathi,829.0,2.0,22.8,2,2750.3
Kodbisanhalli,1976.0,3.0,184.0,3,9311.74
Kodbisanhalli,1012.0,2.0,59.0,2,5830.04
Kodbisanhalli,1012.0,2.0,59.0,2,5830.04
Kodbisanhalli,1480.0,3.0,75.0,3,5067.57
Kodbisanhalli,1430.0,3.0,70.0,3,4895.1
Kodbisanhalli,1245.0,1.0,60.0,2,4819.28
Kodbisanhalli,1012.0,2.0,62.0,2,6126.48
Kodichikkanahalli,1190.0,2.0,57.0,3,4789.92
Kodichikkanahalli,995.0,2.0,41.0,2,4120.6
Kodichikkanahalli,2700.0,7.0,125.0,5,4629.63
Kodichikkanahalli,1495.0,2.0,75.0,3,5016.72
Kodichikkanahalli,1125.0,2.0,52.0,2,4622.22
Kodichikkanahalli,1150.0,2.0,48.0,2,4173.91
Kodichikkanahalli,1070.0,2.0,43.0,2,4018.69
Kodichikkanahalli,1620.0,2.0,85.0,3,5246.91
Kodichikkanahalli,1560.0,2.0,65.0,3,4166.67
Kodichikkanahalli,1026.0,2.0,45.0,2,4385.96
Kodichikkanahalli,2500.0,7.0,125.0,5,5000.0
Kodichikkanahalli,450.0,1.0,18.0,1,4000.0
Kodichikkanahalli,907.0,2.0,38.5,2,4244.76
Kodichikkanahalli,1181.0,2.0,57.0,2,4826.42
Kodichikkanahalli,900.0,2.0,42.0,2,4666.67
Kodichikkanahalli,1310.0,2.0,53.0,3,4045.8
Kodichikkanahalli,1400.0,3.0,66.0,3,4714.29
Kodichikkanahalli,976.0,2.0,50.0,2,5122.95
Kodichikkanahalli,2700.0,4.0,125.0,5,4629.63
Kodichikkanahalli,1299.0,2.0,58.0,2,4464.97
Kodigehaali,1166.0,2.0,55.0,2,4716.98
Kodigehaali,1320.0,3.0,65.0,3,4924.24
Kodigehaali,1117.0,2.0,56.0,2,5013.43
Kodigehaali,1200.0,2.0,55.0,2,4583.33
Kodigehaali,1200.0,2.0,60.0,2,5000.0
Kodigehaali,2120.0,3.0,177.0,3,8349.06
Kodigehaali,1013.0,2.0,51.0,2,5034.55
Kodigehaali,1324.0,3.0,65.0,3,4909.37
Kodigehaali,965.0,2.0,38.0,2,3937.82
Kodigehaali,866.0,2.0,32.0,2,3695.15
Kodigehaali,1442.0,3.0,80.0,3,5547.85
Kodigehalli,1270.0,2.0,98.0,2,7716.54
Kodigehalli,1200.0,2.0,48.0,2,4000.0
Kodigehalli,655.0,1.0,53.0,1,8091.6
Kodigehalli,1820.0,3.0,150.0,3,8241.76
Kodigehalli,635.0,1.0,28.0,2,4409.45
Kodigehalli,1200.0,4.0,156.0,3,13000.0
Kodihalli,3252.0,5.0,335.0,4,10301.35
Kodihalli,2700.0,4.0,270.0,3,10000.0
Kodihalli,2392.0,4.0,260.0,3,10869.57
Kodihalli,2408.0,4.0,260.0,3,10797.34
Kodihalli,2500.0,4.0,260.0,3,10400.0
Kodihalli,1620.0,3.0,130.0,3,8024.69
Kodihalli,3260.0,5.0,388.0,4,11901.84
Kodihalli,3197.0,5.0,335.0,4,10478.57
Kodihalli,1490.0,2.0,150.0,2,10067.11
Kodipalya,418.0,1.0,17.0,1,4066.99
Kogilu,1909.0,3.0,88.0,3,4609.74
Kogilu,1664.0,2.0,73.95,3,4444.11
Kogilu,1170.0,2.0,51.99,2,4443.59
Kogilu,650.0,2.0,28.0,2,4307.69
Kogilu,1140.0,2.0,50.66,2,4443.86
Kogilu,1200.0,2.0,53.33,2,4444.17
Kogilu,1934.0,3.0,150.0,3,7755.95
Kogilu,540.0,1.0,36.0,1,6666.67
Kogilu,1559.0,3.0,127.0,3,8146.25
Kogilu,1190.0,2.0,50.66,2,4257.14
Kogilu,1140.0,2.0,50.66,2,4443.86
Kogilu,1559.0,3.0,120.0,3,7697.24
Kogilu,700.0,1.0,30.84,1,4405.71
Kogilu,1250.0,2.0,55.55,2,4444.0
Kogilu,1200.0,2.0,53.33,2,4444.17
Kogilu,952.0,2.0,49.0,2,5147.06
Kogilu,700.0,1.0,30.84,1,4405.71
Kogilu,1250.0,2.0,55.55,2,4444.0
Kogilu,2456.0,7.0,85.0,7,3460.91
Kogilu,1140.0,2.0,50.66,2,4443.86
Kogilu,1140.0,2.0,50.66,2,4443.86
Konanakunte,2791.0,3.0,223.0,3,7989.97
Konanakunte,884.0,1.0,58.0,2,6561.09
Konanakunte,1200.0,4.0,125.0,4,10416.67
Konanakunte,1200.0,2.0,130.0,4,10833.33
Konanakunte,2400.0,2.0,180.0,3,7500.0
Konanakunte,3746.0,6.0,375.0,4,10010.68
Konanakunte,1423.0,2.0,85.0,3,5973.3
Konanakunte Cross,3040.0,1.0,180.0,2,5921.05
Konanakunte Cross,1165.0,2.0,47.0,2,4034.33
Konanakunte Cross,1050.0,2.0,35.0,2,3333.33
Konena Agrahara,1075.0,2.0,57.0,2,5302.33
Konena Agrahara,1000.0,2.0,50.0,2,5000.0
Koramangala,1320.0,2.0,165.0,2,12500.0
Koramangala,1253.0,2.0,102.0,2,8140.46
Koramangala,1580.0,3.0,160.0,3,10126.58
Koramangala,1750.0,3.0,130.0,3,7428.57
Koramangala,3500.0,5.0,425.0,4,12142.86
Koramangala,1005.0,1.0,110.0,2,10945.27
Koramangala,2292.0,4.0,275.0,3,11998.25
Koramangala,1835.0,2.0,155.0,3,8446.87
Koramangala,1290.0,2.0,100.0,2,7751.94
Koramangala,1300.0,2.0,110.0,2,8461.54
Koramangala,2200.0,3.0,180.0,3,8181.82
Koramangala,1325.0,2.0,119.0,2,8981.13
Koramangala,1140.0,2.0,75.2,2,6596.49
Koramangala,1260.0,2.0,100.0,2,7936.51
Koramangala,1900.0,2.0,200.0,2,10526.32
Koramangala,1750.0,3.0,130.0,3,7428.57
Koramangala,2292.0,3.0,286.0,3,12478.18
Koramangala,2300.0,3.0,290.0,3,12608.7
Koramangala,1760.0,2.0,115.0,3,6534.09
Koramangala,2503.0,6.0,325.0,4,12984.42
Koramangala,1900.0,3.0,150.0,3,7894.74
Koramangala,1320.0,2.0,150.0,2,11363.64
Koramangala,1320.0,2.0,110.0,2,8333.33
Koramangala,2461.0,6.0,353.0,4,14343.76
Koramangala,1615.0,3.0,115.0,3,7120.74
Koramangala,2246.0,3.0,300.0,3,13357.08
Koramangala,1300.0,2.0,82.0,2,6307.69
Koramangala,1716.0,2.0,115.0,3,6701.63
Koramangala,1500.0,3.0,135.0,3,9000.0
Koramangala,1083.0,2.0,100.0,2,9233.61
Koramangala,1744.0,3.0,200.0,3,11467.89
Koramangala,1180.0,2.0,128.0,2,10847.46
Koramangala,1320.0,2.0,160.0,2,12121.21
Koramangala,1370.0,2.0,125.0,2,9124.09
Koramangala,1100.0,2.0,85.0,2,7727.27
Koramangala,1249.0,2.0,165.0,2,13210.57
Koramangala,1200.0,2.0,100.0,2,8333.33
Koramangala,1720.0,2.0,130.0,3,7558.14
Koramangala,1900.0,2.0,120.0,3,6315.79
Koramangala,2223.0,3.0,300.0,3,13495.28
Koramangala,1744.0,4.0,210.0,3,12041.28
Koramangala,1866.0,4.0,245.0,3,13129.69
Koramangala,1320.0,2.0,160.0,2,12121.21
Koramangala,1350.0,2.0,103.0,2,7629.63
Koramangala,6000.0,4.0,625.0,4,10416.67
Koramangala,1642.0,2.0,115.0,3,7003.65
Koramangala,1320.0,2.0,160.0,2,12121.21
Koramangala,1710.0,3.0,210.0,3,12280.7
Koramangala,1700.0,3.0,250.0,3,14705.88
Koramangala,1355.0,2.0,95.0,2,7011.07
Koramangala,1600.0,3.0,170.0,3,10625.0
Koramangala,1260.0,2.0,100.0,2,7936.51
Koramangala,1910.0,4.0,150.0,3,7853.4
Koramangala,1600.0,2.0,140.0,3,8750.0
Kothannur,1206.0,2.0,48.23,2,3999.17
Kothannur,1275.0,2.0,43.85,3,3439.22
Kothannur,1100.0,2.0,40.0,2,3636.36
Kothannur,1197.0,2.0,47.88,2,4000.0
Kothannur,1197.0,2.0,47.8,2,3993.32
Kothannur,1070.0,2.0,42.79,2,3999.07
Kothannur,1270.0,3.0,45.0,3,3543.31
Kothannur,1275.0,3.0,44.0,3,3450.98
Kothannur,1070.0,2.0,38.6,2,3607.48
Kothannur,1485.0,2.0,59.4,3,4000.0
Kothannur,1215.0,2.0,48.6,3,4000.0
Kothannur,1404.0,2.0,56.15,3,3999.29
Kothanur,1200.0,2.0,51.0,2,4250.0
Kothanur,2400.0,2.0,150.0,3,6250.0
Kothanur,1186.0,2.0,58.0,2,4890.39
Kothanur,1577.0,3.0,70.0,3,4438.81
Kothanur,1847.0,3.0,105.0,3,5684.89
Kothanur,1580.0,3.0,76.0,3,4810.13
Kothanur,9600.0,5.0,550.0,5,5729.17
Kothanur,1435.0,3.0,70.0,3,4878.05
Kothanur,1187.0,2.0,58.0,2,4886.27
Kothanur,1847.0,3.0,110.0,3,5955.6
Kothanur,1460.0,3.0,71.0,3,4863.01
Kothanur,1185.0,2.0,59.0,2,4978.9
Kothanur,1436.0,3.0,70.0,3,4874.65
Kothanur,1462.0,3.0,71.0,3,4856.36
Kothanur,1790.0,3.0,105.0,3,5865.92
Kothanur,1583.0,3.0,76.1,3,4807.33
Kothanur,1070.0,2.0,45.5,2,4252.34
Kothanur,1820.0,3.0,77.0,3,4230.77
Kothanur,1145.0,2.0,56.0,2,4890.83
Kothanur,627.0,1.0,30.0,1,4784.69
Kothanur,1302.0,2.0,68.5,2,5261.14
Kothanur,1185.0,2.0,58.0,2,4894.51
Kothanur,1500.0,1.0,75.0,1,5000.0
Kothanur,1075.0,2.0,53.0,2,4930.23
Kothanur,1790.0,3.0,97.0,3,5418.99
Kothanur,2700.0,4.0,175.0,4,6481.48
Kothanur,1786.0,2.0,106.0,3,5935.05
Kothanur,1787.0,3.0,107.0,3,5987.69
Kothanur,1141.0,2.0,54.0,2,4732.69
Kothanur,1365.0,3.0,66.0,3,4835.16
Kothanur,1160.0,2.0,57.0,2,4913.79
Kothanur,1095.0,2.0,55.0,2,5022.83
Kothanur,1142.0,2.0,56.0,2,4903.68
Kothanur,1074.0,2.0,54.0,2,5027.93
Kothanur,1285.0,2.0,60.0,2,4669.26
Kothanur,1075.0,2.0,53.0,2,4930.23
Kothanur,1140.0,2.0,56.0,2,4912.28
Kothanur,1400.0,2.0,70.0,2,5000.0
Kothanur,1581.0,3.0,76.0,3,4807.08
Kothanur,1385.0,3.0,67.0,3,4837.55
Kothanur,1140.0,2.0,56.0,2,4912.28
Kothanur,1787.0,3.0,120.0,3,6715.17
Kothanur,1185.0,2.0,59.0,2,4978.9
Kothanur,1581.0,3.0,76.0,3,4807.08
Kothanur,1790.0,3.0,105.0,3,5865.92
Kothanur,1130.0,2.0,55.0,2,4867.26
Kothanur,1094.0,2.0,54.0,2,4936.01
Kothanur,1170.0,3.0,80.0,3,6837.61
Kothanur,1400.0,2.0,65.0,2,4642.86
Kothanur,1195.0,2.0,59.0,2,4937.24
Kothanur,1790.0,3.0,120.0,3,6703.91
Kothanur,1454.0,3.0,71.5,3,4917.47
Kothnoor Dinne,1100.0,2.0,38.0,2,3454.55
Krishna Reddy Layout,2180.0,3.0,273.0,3,12522.94
Kudlu,1152.0,2.0,53.5,2,4644.1
Kudlu,1027.0,2.0,43.0,2,4186.95
Kudlu,1092.0,2.0,44.0,2,4029.3
Kudlu,1027.0,2.0,43.0,2,4186.95
Kudlu,1092.0,2.0,44.0,2,4029.3
Kudlu,1143.0,2.0,55.0,2,4811.9
Kudlu,1455.0,2.0,60.0,3,4123.71
Kudlu,1024.0,2.0,44.0,2,4296.88
Kudlu,1570.0,2.0,65.94,3,4200.0
Kudlu,1600.0,3.0,79.0,3,4937.5
Kudlu,1027.0,2.0,42.0,2,4089.58
Kudlu,1076.0,2.0,50.0,2,4646.84
Kudlu,1027.0,2.0,44.0,2,4284.32
Kudlu,1084.0,2.0,53.0,2,4889.3
Kudlu,1300.0,2.0,56.0,2,4307.69
Kudlu,1027.0,2.0,44.0,2,4284.32
Kudlu,1245.0,2.0,60.0,3,4819.28
Kudlu,1027.0,2.0,44.0,2,4284.32
Kudlu,1110.0,2.0,46.0,2,4144.14
Kudlu,2100.0,3.0,114.0,4,5428.57
Kudlu,1027.0,2.0,44.0,2,4284.32
Kudlu,720.0,1.0,33.0,1,4583.33
Kudlu,1027.0,2.0,44.0,2,4284.32
Kudlu,1162.0,2.0,52.0,2,4475.04
Kudlu,1041.0,2.0,53.0,2,5091.26
Kudlu Gate,1535.0,3.0,83.0,3,5407.17
Kudlu Gate,1535.0,3.0,85.0,3,5537.46
Kudlu Gate,1535.0,3.0,78.0,3,5081.43
Kudlu Gate,1535.0,3.0,86.0,3,5602.61
Kudlu Gate,1564.0,2.0,92.0,3,5882.35
Kudlu Gate,1364.0,2.0,46.38,3,3400.29
Kudlu Gate,1238.0,2.0,55.0,2,4442.65
Kudlu Gate,1335.0,3.0,89.0,3,6666.67
Kudlu Gate,703.0,1.0,52.0,1,7396.87
Kudlu Gate,1535.0,3.0,86.0,3,5602.61
Kudlu Gate,1532.0,3.0,83.0,3,5417.75
Kudlu Gate,1113.0,2.0,50.0,2,4492.36
Kudlu Gate,1465.0,2.0,49.81,3,3400.0
Kudlu Gate,1185.0,2.0,50.0,2,4219.41
Kudlu Gate,1664.0,3.0,68.0,3,4086.54
Kudlu Gate,1656.0,3.0,80.0,3,4830.92
Kudlu Gate,1656.0,3.0,75.0,3,4528.99
Kudlu Gate,1215.0,2.0,45.0,2,3703.7
Kudlu Gate,812.0,2.0,38.25,2,4710.59
Kudlu Gate,1547.0,2.0,103.0,2,6658.05
Kudlu Gate,1336.0,2.0,86.0,2,6437.13
Kudlu Gate,1919.0,3.0,121.0,3,6305.37
Kudlu Gate,1464.0,3.0,56.0,2,3825.14
Kudlu Gate,1535.0,3.0,85.0,3,5537.46
Kudlu Gate,1850.0,3.0,120.0,3,6486.49
Kudlu Gate,940.0,2.0,69.57,2,7401.06
Kudlu Gate,1215.0,2.0,44.96,2,3700.41
Kudlu Gate,1164.0,2.0,75.0,2,6443.3
Kudlu Gate,3850.0,6.0,205.0,4,5324.68
Kudlu Gate,1183.0,2.0,79.54,2,6723.58
Kudlu Gate,1850.0,3.0,110.0,3,5945.95
Kudlu Gate,1320.0,2.0,50.0,3,3787.88
Kudlu Gate,1183.0,2.0,79.54,2,6723.58
Kudlu Gate,1200.0,2.0,44.4,2,3700.0
Kudlu Gate,1432.0,2.0,61.11,3,4267.46
Kudlu Gate,1310.0,2.0,53.0,2,4045.8
Kullappa Colony,1060.0,2.0,60.0,2,5660.38
Kumara Park,2000.0,3.0,207.0,3,10350.0
Kumara Park,1150.0,2.0,250.0,2,21739.13
Kumarapalli,1240.0,2.0,52.6,2,4241.94
Kumarapalli,1488.0,2.0,65.0,3,4368.28
Kumarapalli,1486.0,2.0,65.0,3,4374.16
Kumaraswami Layout,2000.0,4.0,139.0,4,6950.0
Kumaraswami Layout,1000.0,2.0,48.5,2,4850.0
Kumaraswami Layout,1000.0,2.0,58.0,2,5800.0
Kumaraswami Layout,2400.0,7.0,125.0,7,5208.33
Kumaraswami Layout,2400.0,2.0,125.0,3,5208.33
Kumaraswami Layout,1310.0,2.0,70.0,3,5343.51
Kumaraswami Layout,850.0,1.0,78.0,1,9176.47
Kumaraswami Layout,3200.0,7.0,150.0,7,4687.5
Kumaraswami Layout,1310.0,2.0,85.0,3,6488.55
Kumaraswami Layout,2450.0,3.0,110.0,4,4489.8
Kumaraswami Layout,3100.0,7.0,145.0,7,4677.42
Kumaraswami Layout,1200.0,3.0,75.0,3,6250.0
Kumaraswami Layout,1081.0,2.0,60.0,2,5550.42
Kumbena Agrahara,1180.0,2.0,50.0,2,4237.29
Kundalahalli,1724.0,3.0,125.0,3,7250.58
Kundalahalli,1030.0,2.0,49.0,2,4757.28
Kundalahalli,735.0,2.0,57.99,2,7889.8
Kundalahalli,1047.0,2.0,82.0,2,7831.9
Kundalahalli,1397.0,3.0,105.0,3,7516.11
Kundalahalli,1724.0,3.0,127.0,3,7366.59
Kundalahalli,1010.0,2.0,49.27,2,4878.22
Kundalahalli,1397.0,3.0,110.0,3,7874.02
Kundalahalli,1397.0,3.0,104.0,3,7444.52
Kundalahalli,1397.0,3.0,108.0,3,7730.85
Kundalahalli,1920.0,3.0,150.0,3,7812.5
Kundalahalli,1397.0,3.0,105.0,3,7516.11
Kundalahalli,1800.0,3.0,80.0,3,4444.44
Kundalahalli,1724.0,3.0,124.0,3,7192.58
Kundalahalli,1047.0,2.0,84.0,2,8022.92
Kundalahalli,1047.0,2.0,83.0,2,7927.41
Kundalahalli,7000.0,4.0,550.0,4,7857.14
Kundalahalli,2075.0,3.0,115.0,3,5542.17
Kundalahalli,1120.0,2.0,53.76,2,4800.0
Kundalahalli,1047.0,2.0,82.62,2,7891.12
Kundalahalli,1047.0,2.0,91.0,2,8691.5
Kundalahalli,1724.0,3.0,146.0,3,8468.68
Kundalahalli,1600.0,3.0,170.0,3,10625.0
Kundalahalli,1496.0,2.0,78.0,3,5213.9
Kundalahalli,1724.0,3.0,125.0,3,7250.58
Kundalahalli,1010.0,2.0,48.27,2,4779.21
Kundalahalli,1047.0,2.0,89.0,2,8500.48
Kundalahalli,2500.0,5.0,245.0,4,9800.0
Kundalahalli,1397.0,3.0,105.0,3,7516.11
Kundalahalli,1800.0,3.0,110.0,3,6111.11
Kundalahalli,1047.0,2.0,72.0,2,6876.79
Kundalahalli,1260.0,2.0,58.0,2,4603.17
Kundalahalli,3092.0,4.0,230.0,4,7438.55
Kundalahalli,1065.0,2.0,70.0,2,6572.77
Kundalahalli,1724.0,3.0,146.0,3,8468.68
Kundalahalli,1047.0,2.0,91.0,2,8691.5
Kundalahalli,1724.0,3.0,128.0,3,7424.59
Kundalahalli,1315.0,2.0,74.0,2,5627.38
Kundalahalli,2100.0,3.0,150.0,3,7142.86
Kundalahalli,1724.0,3.0,125.0,3,7250.58
Kundalahalli,1724.0,3.0,140.0,3,8120.65
Kundalahalli,1175.0,2.0,65.0,2,5531.91
Kundalahalli Colony,1280.0,2.0,69.0,2,5390.62
Kundalahalli Colony,1505.0,2.0,90.0,2,5980.07
Kundalahalli Colony,2600.0,3.0,140.0,3,5384.62
Kundalahalli Colony,1800.0,3.0,95.0,3,5277.78
Kurubarahalli,1200.0,3.0,70.0,3,5833.33
Kurubarahalli,1200.0,1.0,69.0,1,5750.0
Kuvempu Nagar,450.0,1.0,25.0,1,5555.56
LB Shastri Nagar,1600.0,3.0,65.0,3,4062.5
LB Shastri Nagar,1043.0,2.0,55.0,2,5273.25
LB Shastri Nagar,1184.0,2.0,69.0,2,5827.7
LB Shastri Nagar,665.0,1.0,32.0,1,4812.03
LB Shastri Nagar,1250.0,2.0,48.5,2,3880.0
LB Shastri Nagar,1400.0,2.0,80.0,3,5714.29
LB Shastri Nagar,1184.0,2.0,62.0,2,5236.49
LB Shastri Nagar,1200.0,2.0,47.0,2,3916.67
LB Shastri Nagar,1200.0,2.0,75.0,2,6250.0
LB Shastri Nagar,1000.0,2.0,49.5,2,4950.0
Laggere,2800.0,5.0,125.0,5,4464.29
Laggere,1200.0,3.0,130.0,3,10833.33
Laggere,1200.0,1.0,125.0,1,10416.67
Laggere,1200.0,2.0,75.0,2,6250.0
Laggere,620.0,2.0,48.0,1,7741.94
Lake City,750.0,2.0,28.0,2,3733.33
Lake City,780.0,2.0,31.0,2,3974.36
Lake City,600.0,1.0,22.8,1,3800.0
Lakshmiamma Garden,3000.0,3.0,265.0,3,8833.33
Lakshminarayana Pura,1185.0,2.0,75.0,2,6329.11
Lakshminarayana Pura,1600.0,2.0,108.0,3,6750.0
Lakshminarayana Pura,1180.0,2.0,75.0,2,6355.93
Lakshminarayana Pura,1172.0,2.0,82.0,2,6996.59
Lakshminarayana Pura,1179.0,2.0,75.0,2,6361.32
Lakshminarayana Pura,1149.0,2.0,75.0,2,6527.42
Lakshminarayana Pura,1336.0,2.0,100.0,2,7485.03
Lakshminarayana Pura,1175.0,2.0,75.0,2,6382.98
Lakshminarayana Pura,1190.0,2.0,75.0,2,6302.52
Lakshminarayana Pura,1200.0,2.0,75.0,2,6250.0
Lakshminarayana Pura,1200.0,2.0,75.0,2,6250.0
Lakshminarayana Pura,1165.0,2.0,75.0,2,6437.77
Lakshminarayana Pura,1145.0,2.0,75.0,2,6550.22
Lakshminarayana Pura,1500.0,3.0,104.0,3,6933.33
Lakshminarayana Pura,1210.0,2.0,75.0,2,6198.35
Lakshminarayana Pura,1169.0,2.0,75.0,2,6415.74
Lakshminarayana Pura,1200.0,2.0,75.0,2,6250.0
Lakshminarayana Pura,1172.0,2.0,75.0,2,6399.32
Lakshminarayana Pura,1172.0,2.0,75.0,2,6399.32
Lakshminarayana Pura,1180.0,2.0,75.0,2,6355.93
Lakshminarayana Pura,1200.0,2.0,83.0,2,6916.67
Lakshminarayana Pura,1200.0,2.0,80.0,2,6666.67
Lakshminarayana Pura,1195.0,2.0,75.0,2,6276.15
Lakshminarayana Pura,1200.0,2.0,80.0,2,6666.67
Lakshmipura,1200.0,2.0,75.0,2,6250.0
Lal Bahadur Shastri Nagar,2400.0,2.0,185.0,3,7708.33
Langford Gardens,2777.29,5.0,650.0,3,23404.11
Langford Town,1355.0,2.0,115.0,2,8487.08
Lavakusha Nagar,1431.0,3.0,65.0,3,4542.28
Lavakusha Nagar,1535.0,3.0,72.0,3,4690.55
Lavelle Road,985.0,2.0,156.0,2,15837.56
Lavelle Road,1919.0,3.0,300.0,3,15633.14
Laxmi Sagar Layout,1614.0,3.0,110.0,3,6815.37
Laxmi Sagar Layout,1140.0,2.0,76.0,2,6666.67
Laxmi Sagar Layout,3100.0,3.0,250.0,3,8064.52
Lingadheeranahalli,1521.0,3.0,95.0,3,6245.89
Lingadheeranahalli,1511.0,3.0,95.0,3,6287.23
Lingadheeranahalli,1683.0,3.0,109.0,3,6476.53
Lingadheeranahalli,1519.0,3.0,93.0,3,6122.45
Lingadheeranahalli,1521.0,3.0,94.99,3,6245.23
Lingadheeranahalli,1682.0,3.0,120.0,3,7134.36
Lingadheeranahalli,1521.0,3.0,94.71,3,6226.82
Lingadheeranahalli,1893.0,3.0,130.0,3,6867.41
Lingadheeranahalli,1705.0,3.0,110.0,3,6451.61
Lingadheeranahalli,2245.0,4.0,154.0,4,6859.69
Lingadheeranahalli,1682.0,3.0,113.0,3,6718.19
Lingadheeranahalli,1682.0,3.0,114.0,3,6777.65
Lingadheeranahalli,1506.0,3.0,95.0,3,6308.1
Lingadheeranahalli,1683.0,3.0,110.0,3,6535.95
Lingadheeranahalli,1684.0,3.0,120.0,3,7125.89
Lingadheeranahalli,2236.0,4.0,153.0,4,6842.58
Lingadheeranahalli,1894.0,4.0,114.0,3,6019.01
Lingadheeranahalli,2240.0,4.0,160.0,4,7142.86
Lingarajapuram,1350.0,2.0,80.0,2,5925.93
Lingarajapuram,1203.0,2.0,59.86,2,4975.89
Lingarajapuram,800.0,2.0,55.0,2,6875.0
Lingarajapuram,1035.0,2.0,55.0,2,5314.01
Lottegolla Halli,1950.0,3.0,90.0,3,4615.38
MCECHS  layout,1500.0,2.0,65.0,3,4333.33
MCECHS  layout,1500.0,3.0,65.0,3,4333.33
MLA Layout,970.0,2.0,40.0,2,4123.71
MS Pallya,1783.0,3.0,115.0,3,6449.8
MS Pallya,1200.0,3.0,90.0,3,7500.0
MS Pallya,1100.0,3.0,78.0,3,7090.91
MS Pallya,3600.0,5.0,110.0,5,3055.56
MS Pallya,1800.0,4.0,68.0,5,3777.78
MS Pallya,2400.0,4.0,88.0,4,3666.67
Madiwala,1250.0,3.0,39.0,3,3120.0
Madiwala,1250.0,3.0,43.0,3,3440.0
Madiwala,1250.0,3.0,39.5,3,3160.0
Madiwala,1165.0,2.0,45.0,2,3862.66
Magadi Road,3600.0,6.0,141.0,6,3916.67
Magadi Road,1116.0,2.0,50.0,2,4480.29
Magadi Road,1282.0,2.0,49.0,3,3822.15
Magadi Road,884.0,2.0,41.1,2,4649.32
Magadi Road,1005.0,2.0,55.78,2,5550.25
Magadi Road,1000.0,2.0,46.5,2,4650.0
Magadi Road,1500.0,2.0,93.0,4,6200.0
Magadi Road,1322.0,2.0,58.82,3,4449.32
Magadi Road,1345.0,2.0,55.0,2,4089.22
Magadi Road,1191.0,2.0,55.38,3,4649.87
Magadi Road,5000.0,6.0,360.0,5,7200.0
Magadi Road,1116.0,2.0,51.89,2,4649.64
Magadi Road,1052.0,2.0,60.0,3,5703.42
Magadi Road,940.0,2.0,50.0,2,5319.15
Magadi Road,1318.0,2.0,68.0,3,5159.33
Magadi Road,1187.0,2.0,55.195,3,4649.96
Magadi Road,884.0,2.0,48.0,2,5429.86
Mahadevpura,1720.0,3.0,78.0,3,4534.88
Mahadevpura,1150.0,2.0,52.0,2,4521.74
Mahadevpura,1250.0,2.0,52.0,2,4160.0
Mahadevpura,1260.0,2.0,57.6,2,4571.43
Mahadevpura,730.0,1.0,35.0,1,4794.52
Mahadevpura,1434.0,2.0,67.39,3,4699.44
Mahadevpura,1146.0,2.0,53.8,2,4694.59
Mahadevpura,1532.0,2.0,62.0,2,4047.0
Mahadevpura,1620.0,2.0,76.0,3,4691.36
Mahadevpura,1136.0,2.0,64.5,2,5677.82
Mahadevpura,1400.0,2.0,65.8,3,4700.0
Mahadevpura,1137.0,2.0,53.4,2,4696.57
Mahadevpura,1601.0,3.0,95.0,3,5933.79
Mahadevpura,1450.0,3.0,75.0,3,5172.41
Mahadevpura,1152.0,2.0,54.0,2,4687.5
Mahadevpura,1212.0,2.0,56.9,2,4694.72
Mahadevpura,1505.0,3.0,64.0,3,4252.49
Mahadevpura,1505.0,3.0,78.0,3,5182.72
Mahadevpura,1500.0,2.0,70.0,3,4666.67
Mahadevpura,1236.0,2.0,58.0,2,4692.56
Mahadevpura,1236.0,2.0,58.0,2,4692.56
Mahadevpura,1120.0,2.0,53.0,2,4732.14
Mahadevpura,1050.0,2.0,42.0,2,4000.0
Mahalakshmi Layout,1575.0,5.0,158.0,4,10031.75
Mahalakshmi Layout,1105.0,2.0,80.0,2,7239.82
Mahalakshmi Layout,1200.0,3.0,160.0,4,13333.33
Mahalakshmi Layout,1200.0,2.0,110.0,3,9166.67
Mahalakshmi Layout,1876.0,3.0,150.0,3,7995.74
Mahalakshmi Puram,2400.0,6.0,408.0,6,17000.0
Mahalakshmi Puram,1500.0,5.0,233.0,4,15533.33
Mahalakshmi Puram,3000.0,6.0,300.0,6,10000.0
Mahalakshmi Puram,1550.0,3.0,250.0,5,16129.03
Maithri Layout,1134.0,2.0,40.0,2,3527.34
Maithri Layout,1685.0,3.0,60.0,3,3560.83
Maithri Layout,1567.0,2.0,62.0,3,3956.6
Makali,485.0,1.0,15.0,1,3092.78
Makali,500.0,1.0,15.0,1,3000.0
Mallasandra,1665.0,3.0,95.0,3,5705.71
Mallasandra,1665.0,3.0,86.58,3,5200.0
Mallasandra,1340.0,2.0,61.0,2,4552.24
Mallasandra,1325.0,2.0,70.0,2,5283.02
Mallasandra,1665.0,3.0,86.91,3,5219.82
Mallasandra,1325.0,2.0,70.0,2,5283.02
Mallasandra,905.0,2.0,40.0,2,4419.89
Mallasandra,1325.0,2.0,73.0,2,5509.43
Mallasandra,1565.0,2.0,69.0,2,4408.95
Mallasandra,905.0,2.0,35.0,2,3867.4
Mallasandra,1524.0,2.0,72.0,3,4724.41
Mallasandra,1100.0,2.0,76.3,3,6936.36
Mallathahalli,1225.0,3.0,60.0,3,4897.96
Mallathahalli,1100.0,2.0,64.08,2,5825.45
Malleshpalya,1140.0,2.0,46.5,2,4078.95
Malleshpalya,1225.0,2.0,46.86,2,3825.31
Malleshpalya,1785.0,3.0,75.0,3,4201.68
Malleshpalya,1052.0,2.0,50.0,2,4752.85
Malleshpalya,1405.0,2.0,77.0,3,5480.43
Malleshpalya,1065.0,2.0,50.0,2,4694.84
Malleshpalya,1210.0,2.0,55.0,2,4545.45
Malleshpalya,1900.0,3.0,60.0,3,3157.89
Malleshpalya,1060.0,2.0,40.0,2,3773.58
Malleshpalya,1430.0,2.0,69.5,3,4860.14
Malleshpalya,1421.0,2.0,90.0,2,6333.57
Malleshpalya,1245.0,2.0,55.0,2,4417.67
Malleshpalya,1200.0,2.0,46.0,2,3833.33
Malleshpalya,1225.0,2.0,52.0,2,4244.9
Malleshwaram,705.0,1.0,67.0,1,9503.55
Malleshwaram,12000.0,7.0,2200.0,7,18333.33
Malleshwaram,2500.0,5.0,325.0,4,13000.0
Malleshwaram,686.0,1.0,62.5,1,9110.79
Malleshwaram,2475.0,4.0,332.0,3,13414.14
Malleshwaram,2475.0,4.0,320.0,3,12929.29
Malleshwaram,900.0,2.0,95.0,2,10555.56
Malleshwaram,1420.0,2.0,158.0,2,11126.76
Malleshwaram,2000.0,3.0,250.0,3,12500.0
Malleshwaram,2215.0,3.0,275.0,3,12415.35
Malleshwaram,1600.0,3.0,160.0,3,10000.0
Malleshwaram,2475.0,4.0,300.0,3,12121.21
Malleshwaram,2600.0,3.0,237.0,3,9115.38
Malleshwaram,2215.0,4.0,310.0,3,13995.49
Malleshwaram,480.0,1.0,60.0,1,12500.0
Malleshwaram,1290.0,2.0,120.0,2,9302.33
Malleshwaram,2475.0,4.0,326.0,3,13171.72
Malleshwaram,2476.0,3.0,337.0,3,13610.66
Malleshwaram,900.0,2.0,90.0,2,10000.0
Malleshwaram,2250.0,3.0,200.0,3,8888.89
Malleshwaram,900.0,2.0,72.0,2,8000.0
Malleshwaram,620.0,1.0,86.8,1,14000.0
Malleshwaram,600.0,1.0,68.0,2,11333.33
Malleshwaram,2475.0,4.0,337.0,3,13616.16
Malleshwaram,2215.0,3.0,275.0,3,12415.35
Malleshwaram,2215.0,3.0,330.0,3,14898.42
Malleshwaram,2800.0,4.0,252.0,4,9000.0
Malleshwaram,1020.0,2.0,80.0,2,7843.14
Malleshwaram,600.0,1.0,90.0,2,15000.0
Malleshwaram,2200.0,3.0,275.0,3,12500.0
Malleshwaram,2475.0,4.0,326.0,3,13171.72
Malleshwaram,2475.0,4.0,340.0,3,13737.37
Malleshwaram,1400.0,2.0,190.0,2,13571.43
Malleshwaram,2475.0,4.0,300.0,3,12121.21
Malleshwaram,2400.0,3.0,380.0,3,15833.33
Malleshwaram,580.0,1.0,45.0,1,7758.62
Malleshwaram,1410.0,2.0,125.0,2,8865.25
Malleshwaram,2610.0,4.0,306.0,4,11724.14
Manayata Tech Park,1100.0,2.0,48.0,2,4363.64
Manayata Tech Park,1200.0,2.0,55.0,2,4583.33
Manayata Tech Park,1200.0,3.0,44.0,2,3666.67
Manayata Tech Park,1100.0,2.0,46.0,2,4181.82
Manayata Tech Park,1050.0,2.0,45.0,2,4285.71
Manayata Tech Park,1150.0,2.0,47.0,2,4086.96
Mangammanapalya,1250.0,3.0,56.0,3,4480.0
Manjunatha Layout,1300.0,2.0,60.0,2,4615.38
Manjunatha Layout,1200.0,2.0,125.0,2,10416.67
Manorayana Palya,1140.0,2.0,52.0,2,4561.4
Manorayana Palya,1600.0,2.0,75.0,3,4687.5
Maragondanahalli,1508.0,3.0,70.25,3,4658.49
Maragondanahalli,1533.0,3.0,85.0,3,5544.68
Maragondanahalli,1307.0,2.0,59.0,2,4514.15
Maragondanahalli,1095.0,2.0,57.0,2,5205.48
Marasandra,1840.0,3.0,85.0,3,4619.57
Marathahalli,1310.0,3.0,63.25,3,4828.24
Marathahalli,1220.0,2.0,57.0,2,4672.13
Marathahalli,1200.0,2.0,52.0,2,4333.33
Marathahalli,1200.0,2.0,60.0,2,5000.0
Marathahalli,1933.0,3.0,140.0,3,7242.63
Marathahalli,950.0,2.0,46.96,2,4943.16
Marathahalli,1230.0,2.0,80.0,2,6504.07
Marathahalli,3800.0,4.0,250.0,4,6578.95
Marathahalli,1019.0,2.0,49.85,2,4892.05
Marathahalli,1215.0,2.0,67.0,2,5514.4
Marathahalli,2181.0,3.0,152.0,4,6969.28
Marathahalli,1170.0,2.0,53.0,2,4529.91
Marathahalli,1019.0,2.0,49.86,2,4893.03
Marathahalli,1325.0,2.0,71.55,2,5400.0
Marathahalli,1220.0,2.0,56.5,2,4631.15
Marathahalli,1152.0,2.0,56.0,2,4861.11
Marathahalli,1610.0,3.0,90.0,3,5590.06
Marathahalli,1146.0,2.0,70.0,2,6108.2
Marathahalli,1469.0,3.0,89.0,3,6058.54
Marathahalli,1530.0,3.0,74.5,3,4869.28
Marathahalli,1840.0,3.0,98.0,3,5326.09
Marathahalli,3951.0,4.0,220.0,4,5568.21
Marathahalli,1350.0,2.0,62.0,3,4592.59
Marathahalli,2519.0,5.0,185.0,4,7344.18
Marathahalli,1385.0,2.0,66.65,3,4812.27
Marathahalli,957.0,2.0,46.9,2,4900.73
Marathahalli,1583.0,3.0,105.0,3,6632.98
Marathahalli,1350.0,3.0,72.0,3,5333.33
Marathahalli,1535.0,3.0,72.5,3,4723.13
Marathahalli,1071.0,2.0,52.25,2,4878.62
Marathahalli,1215.0,2.0,58.86,2,4844.44
Marathahalli,1102.0,2.0,53.67,2,4870.24
Marathahalli,1900.0,3.0,123.0,3,6473.68
Marathahalli,1045.0,2.0,60.0,2,5741.63
Marathahalli,1305.0,2.0,69.0,3,5287.36
Marathahalli,1215.0,2.0,58.86,2,4844.44
Marathahalli,1365.0,2.0,73.0,2,5347.99
Marathahalli,3800.0,4.0,205.0,4,5394.74
Marathahalli,3895.0,4.0,220.0,4,5648.27
Marathahalli,1785.0,3.0,94.0,3,5266.11
Marathahalli,4000.0,4.0,220.0,4,5500.0
Marathahalli,1208.0,2.0,70.0,2,5794.7
Marathahalli,1325.0,1.0,92.0,2,6943.4
Marathahalli,1525.0,3.0,90.0,3,5901.64
Marathahalli,1937.0,3.0,140.0,3,7227.67
Marathahalli,1550.0,3.0,83.0,3,5354.84
Marathahalli,1350.0,2.0,86.0,2,6370.37
Marathahalli,957.0,2.0,47.0,2,4911.18
Marathahalli,4000.0,4.0,220.0,4,5500.0
Marathahalli,1230.0,2.0,57.0,2,4634.15
Marathahalli,1200.0,2.0,58.0,2,4833.33
Marathahalli,1650.0,3.0,86.45,3,5239.39
Marathahalli,607.0,1.0,35.0,1,5766.06
Marathahalli,1583.0,3.0,109.0,3,6885.66
Marathahalli,1075.0,2.0,52.43,2,4877.21
Marathahalli,1220.0,2.0,58.5,2,4795.08
Marathahalli,950.0,2.0,45.68,2,4808.42
Marathahalli,615.0,1.0,44.0,1,7154.47
Marathahalli,1595.0,3.0,90.0,3,5642.63
Marathahalli,1350.0,2.0,89.0,2,6592.59
Marathahalli,1020.0,2.0,57.0,2,5588.24
Marathahalli,1600.0,3.0,88.0,2,5500.0
Marathahalli,780.0,1.0,55.0,1,7051.28
Marathahalli,1710.0,3.0,100.0,3,5847.95
Marathahalli,1530.0,3.0,73.5,3,4803.92
Marathahalli,1358.0,2.0,81.0,2,5964.65
Marathahalli,1205.0,2.0,75.0,2,6224.07
Marathahalli,1730.0,3.0,110.0,3,6358.38
Marathahalli,1583.0,3.0,115.0,3,7264.69
Marathahalli,1200.0,2.0,67.0,2,5583.33
Marathahalli,1095.0,2.0,60.0,2,5479.45
Marathahalli,1060.0,2.0,48.0,2,4528.3
Marathahalli,1050.0,2.0,65.0,2,6190.48
Marathahalli,1102.0,2.0,53.67,2,4870.24
Marathahalli,1026.0,2.0,49.95,2,4868.42
Marathahalli,3940.0,4.0,220.0,4,5583.76
Marathahalli,1435.0,3.0,73.0,3,5087.11
Marathahalli,1220.0,2.0,59.0,2,4836.07
Marathahalli,881.0,2.0,48.06,2,5455.16
Marathahalli,1130.0,2.0,58.0,3,5132.74
Marathahalli,1710.0,3.0,100.0,3,5847.95
Marathahalli,1680.0,3.0,105.0,3,6250.0
Marathahalli,1910.0,3.0,119.0,3,6230.37
Marathahalli,700.0,1.0,38.0,1,5428.57
Marathahalli,1469.0,3.0,89.0,3,6058.54
Marathahalli,1385.0,2.0,68.5,3,4945.85
Marathahalli,1690.0,3.0,116.0,3,6863.91
Marathahalli,1065.0,2.0,55.0,2,5164.32
Marathahalli,1693.0,3.0,125.0,3,7383.34
Marathahalli,1693.0,3.0,125.0,3,7383.34
Marathahalli,1196.0,2.0,57.9,2,4841.14
Marathahalli,1595.0,3.0,88.0,3,5517.24
Marathahalli,2122.0,3.0,125.0,3,5890.67
Marathahalli,1730.0,3.0,115.0,3,6647.4
Marathahalli,1200.0,2.0,58.17,3,4847.5
Marathahalli,1125.0,2.0,55.0,2,4888.89
Marathahalli,1950.0,3.0,115.0,3,5897.44
Marathahalli,1250.0,2.0,68.0,2,5440.0
Marathahalli,1125.0,2.0,56.8,2,5048.89
Marathahalli,1350.0,2.0,90.0,2,6666.67
Marathahalli,1200.0,2.0,53.0,2,4416.67
Marathahalli,2500.0,5.0,175.0,4,7000.0
Marathahalli,957.0,2.0,47.0,2,4911.18
Marathahalli,3855.0,4.0,220.0,4,5706.87
Marathahalli,1605.0,3.0,76.0,3,4735.2
Marathahalli,1350.0,2.0,60.0,2,4444.44
Marathahalli,3400.0,4.0,235.0,4,6911.76
Marathahalli,1350.0,2.0,99.0,2,7333.33
Marathahalli,1310.0,3.0,63.22,3,4825.95
Marathahalli,2500.0,5.0,181.0,4,7240.0
Marathahalli,3800.0,4.0,235.0,4,6184.21
Marathahalli,3951.0,4.0,230.0,4,5821.31
Marathahalli,1125.0,2.0,54.8,2,4871.11
Marathahalli,1700.0,3.0,126.0,3,7411.76
Marathahalli,1315.0,2.0,60.0,3,4562.74
Marathahalli,1270.0,2.0,73.0,2,5748.03
Marathahalli,1530.0,3.0,71.0,3,4640.52
Marathahalli,950.0,2.0,46.7,2,4915.79
Marathahalli,1550.0,3.0,85.0,3,5483.87
Marathahalli,1019.0,2.0,49.86,2,4893.03
Marathahalli,1144.0,2.0,65.0,2,5681.82
Marathahalli,1240.0,2.0,55.0,2,4435.48
Marathahalli,1156.0,2.0,52.0,2,4498.27
Marathahalli,2524.0,5.0,180.0,4,7131.54
Marathahalli,1135.0,2.0,60.0,2,5286.34
Marathahalli,1839.0,3.0,130.0,3,7069.06
Marathahalli,1170.0,2.0,85.0,2,7264.96
Marathahalli,1102.0,2.0,53.67,2,4870.24
Marathahalli,1108.0,2.0,60.0,3,5415.16
Marathahalli,1360.0,2.0,101.0,2,7426.47
Marathahalli,1026.0,2.0,50.18,2,4890.84
Marathahalli,1800.0,3.0,95.0,3,5277.78
Marathahalli,1650.0,3.0,85.0,3,5151.52
Marathahalli,1270.0,2.0,80.0,2,6299.21
Marathahalli,1100.0,2.0,50.0,2,4545.45
Marathahalli,1196.0,2.0,57.95,2,4845.32
Marathahalli,1310.0,3.0,63.25,3,4828.24
Marathahalli,1485.0,2.0,90.0,3,6060.61
Marathahalli,1146.0,2.0,69.0,2,6020.94
Marenahalli,840.0,1.0,75.0,1,8928.57
Margondanahalli,1090.0,2.0,58.0,2,5321.1
Margondanahalli,1200.0,2.0,58.5,2,4875.0
Margondanahalli,1200.0,2.0,67.0,2,5583.33
Margondanahalli,1200.0,2.0,65.0,3,5416.67
Margondanahalli,1000.0,2.0,57.0,2,5700.0
Margondanahalli,1625.0,3.0,80.0,3,4923.08
Margondanahalli,600.0,2.0,35.0,2,5833.33
Margondanahalli,1200.0,2.0,69.0,2,5750.0
Margondanahalli,900.0,2.0,49.0,2,5444.44
Margondanahalli,1140.0,2.0,60.0,2,5263.16
Margondanahalli,1100.0,2.0,55.0,2,5000.0
Margondanahalli,1152.0,1.0,66.0,2,5729.17
Margondanahalli,1448.0,3.0,70.0,3,4834.25
Margondanahalli,1200.0,2.0,65.0,2,5416.67
Margondanahalli,1050.0,2.0,58.0,2,5523.81
Margondanahalli,1160.0,2.0,65.0,2,5603.45
Margondanahalli,1334.0,2.0,67.76,2,5079.46
Mariyannapalya,900.0,2.0,46.0,2,5111.11
Marsur,1800.0,4.0,145.0,4,8055.56
Marsur,1200.0,3.0,90.0,3,7500.0
Marsur,1200.0,3.0,120.0,3,10000.0
Maruthi Nagar,1250.0,3.0,39.5,3,3160.0
Maruthi Nagar,850.0,1.0,35.5,2,4176.47
Maruthi Nagar,1250.0,3.0,42.0,3,3360.0
Maruthi Sevanagar,1280.0,4.0,115.0,4,8984.38
Maruthi Sevanagar,933.0,2.0,55.0,2,5894.96
Maruthi Sevanagar,2000.0,3.0,180.0,4,9000.0
Mathikere,1550.0,2.0,150.0,3,9677.42
Mathikere,1590.0,3.0,120.0,3,7547.17
Mathikere,1150.0,2.0,60.0,3,5217.39
Mathikere,1500.0,2.0,130.0,2,8666.67
Mathikere,1350.0,2.0,175.0,3,12962.96
Mathikere Extension,3000.0,3.0,250.0,3,8333.33
Medahalli,700.0,1.0,41.0,1,5857.14
Medahalli,760.0,2.0,38.5,2,5065.79
Meenakunte,4050.0,3.0,280.0,3,6913.58
Meenakunte,4111.0,4.0,250.0,4,6081.25
Meenakunte,4428.0,4.0,255.0,4,5758.81
Meenakunte,3900.0,3.0,250.0,3,6410.26
Mico Layout,5000.0,9.0,210.0,9,4200.0
Mico Layout,1550.0,2.0,65.0,3,4193.55
Mico Layout,1125.0,2.0,40.0,2,3555.56
Mico Layout,1190.0,2.0,39.25,2,3298.32
Mico Layout,800.0,1.0,29.5,1,3687.5
Mico Layout,1250.0,2.0,44.0,3,3520.0
Mico Layout,1171.0,2.0,39.0,2,3330.49
Mico Layout,1200.0,2.0,53.5,2,4458.33
Mico Layout,1670.0,3.0,59.0,3,3532.93
Mico Layout,1140.0,2.0,43.0,2,3771.93
Moodalapalya,600.0,1.0,52.0,1,8666.67
Motappa Layout,1113.0,2.0,51.0,2,4582.21
Motappa Layout,1360.0,2.0,59.27,3,4358.09
Motappa Layout,1312.0,2.0,56.5,3,4306.4
Motappa Layout,1113.0,2.0,52.0,2,4672.06
Muneshwara Nagar,1560.0,2.0,66.0,3,4230.77
Munivenkatppa Layout,1550.0,2.0,160.0,2,10322.58
Munivenkatppa Layout,3700.0,4.0,314.0,4,8486.49
Munnekollal,1170.0,2.0,52.0,2,4444.44
Munnekollal,1102.0,2.0,53.67,2,4870.24
Munnekollal,1390.0,3.0,68.0,3,4892.09
Munnekollal,1200.0,2.0,49.5,2,4125.0
Munnekollal,950.0,2.0,46.5,2,4894.74
Munnekollal,1560.0,3.0,75.0,3,4807.69
Munnekollal,1750.0,3.0,86.5,3,4942.86
Munnekollal,1385.0,2.0,66.5,3,4801.44
Munnekollal,1080.0,2.0,45.0,2,4166.67
Munnekollal,1170.0,2.0,59.0,2,5042.74
Munnekollal,1540.0,2.0,70.0,3,4545.45
Munnekollal,1200.0,2.0,57.9,3,4825.0
Munnekollal,1030.0,2.0,50.36,2,4889.32
Murugeshpalya,1550.0,3.0,74.0,3,4774.19
Murugeshpalya,1845.0,3.0,91.0,3,4932.25
Murugeshpalya,1185.0,2.0,85.0,2,7173.0
Murugeshpalya,1225.0,2.0,48.0,2,3918.37
Murugeshpalya,1930.0,3.0,75.0,3,3886.01
Murugeshpalya,1600.0,2.0,65.0,3,4062.5
Murugeshpalya,1344.0,2.0,56.0,3,4166.67
Murugeshpalya,1500.0,2.0,70.0,3,4666.67
Murugeshpalya,1855.0,3.0,96.0,3,5175.2
Murugeshpalya,1175.0,2.0,75.0,2,6382.98
Muthurayya Swamy Layout,2405.0,4.0,260.0,3,10810.81
Mylasandra,1110.0,2.0,55.0,2,4954.95
Mylasandra,1110.0,2.0,41.0,2,3693.69
Mysore Road,1175.0,2.0,73.5,2,6255.32
Mysore Road,1710.0,4.0,91.31,3,5339.77
Mysore Road,1020.0,2.0,48.95,2,4799.02
Mysore Road,1175.0,2.0,73.5,2,6255.32
Mysore Road,1070.0,2.0,45.0,2,4205.61
Mysore Road,1239.0,2.0,53.0,2,4277.64
Mysore Road,1060.0,2.0,62.0,2,5849.06
Mysore Road,980.0,2.0,45.47,2,4639.8
Mysore Road,883.0,2.0,40.0,2,4530.01
Mysore Road,1525.0,3.0,96.0,3,6295.08
Mysore Road,1200.0,2.0,65.0,2,5416.67
Mysore Road,1340.0,2.0,64.31,3,4799.25
Mysore Road,1082.0,3.0,50.5,3,4667.28
Mysore Road,1340.0,2.0,64.31,3,4799.25
Mysore Road,883.0,2.0,40.95,2,4637.6
Mysore Road,1070.0,2.0,49.65,2,4640.19
Mysore Road,1082.0,3.0,50.0,3,4621.07
Mysore Road,883.0,2.0,50.0,2,5662.51
Mysore Road,1155.0,2.0,51.0,2,4415.58
Mysore Road,1003.0,2.0,43.0,2,4287.14
Mysore Road,1237.0,2.0,73.0,2,5901.37
Mysore Road,883.0,2.0,45.0,2,5096.26
Mysore Road,1170.0,2.0,65.0,2,5555.56
Mysore Road,1029.5,2.0,50.855,2,4939.78
Mysore Road,940.0,2.0,43.61,2,4639.36
Mysore Road,1500.0,3.0,74.0,3,4933.33
Mysore Road,1020.0,2.0,48.95,2,4799.02
Mysore Road,1568.0,2.0,100.0,3,6377.55
Mysore Road,1410.0,2.0,64.0,3,4539.01
Mysore Road,1175.0,2.0,70.5,2,6000.0
Mysore Road,1080.0,2.0,60.0,3,5555.56
Mysore Road,1500.0,3.0,70.0,3,4666.67
Mysore Road,883.0,2.0,37.0,2,4190.26
Mysore Road,1082.0,2.0,45.0,3,4158.96
NGR Layout,1020.0,2.0,45.9,2,4500.0
NGR Layout,1105.0,2.0,49.73,2,4500.45
NGR Layout,1022.0,2.0,45.9,2,4491.19
NGR Layout,1020.0,2.0,45.0,2,4411.76
NGR Layout,1019.0,2.0,45.9,2,4504.42
NGR Layout,1020.0,2.0,46.0,2,4509.8
NGR Layout,1021.0,2.0,46.0,2,4505.39
NGR Layout,1021.0,2.0,45.9,2,4495.59
NRI Layout,1565.0,2.0,75.0,3,4792.33
NRI Layout,2500.0,5.0,130.0,5,5200.0
NRI Layout,1125.0,2.0,45.56,2,4049.78
NRI Layout,2150.0,4.0,115.0,4,5348.84
NRI Layout,1250.0,2.0,75.0,2,6000.0
NRI Layout,1789.0,3.0,75.0,3,4192.29
NRI Layout,1731.0,3.0,64.11,3,3703.64
NRI Layout,2400.0,2.0,125.0,2,5208.33
NS Palya,2000.0,2.0,160.0,2,8000.0
Nagadevanahalli,1080.0,2.0,39.0,2,3611.11
Nagadevanahalli,1090.0,2.0,36.0,2,3302.75
Nagadevanahalli,1250.0,2.0,65.0,3,5200.0
Nagadevanahalli,2400.0,2.0,135.0,2,5625.0
Nagadevanahalli,1240.0,2.0,65.0,3,5241.94
Nagadevanahalli,1240.0,2.0,65.0,3,5241.94
Naganathapura,1001.0,2.0,33.03,2,3299.7
Naganathapura,1103.0,2.0,55.0,2,4986.4
Naganathapura,1143.0,2.0,62.0,2,5424.32
Naganathapura,2260.0,3.0,80.0,2,3539.82
Naganathapura,600.0,1.0,33.0,1,5500.0
Naganathapura,1451.0,3.0,68.0,3,4686.42
Naganathapura,1200.0,1.0,39.82,1,3318.33
Nagappa Reddy Layout,1209.0,2.0,50.0,2,4135.65
Nagappa Reddy Layout,1100.0,2.0,43.5,2,3954.55
Nagappa Reddy Layout,1495.0,2.0,65.0,3,4347.83
Nagappa Reddy Layout,1820.0,3.0,79.5,3,4368.13
Nagappa Reddy Layout,1350.0,3.0,60.0,3,4444.44
Nagappa Reddy Layout,1495.0,2.0,70.0,3,4682.27
Nagaraja Garden,1256.0,2.0,62.8,2,5000.0
Nagaraja Garden,1430.0,3.0,78.65,3,5500.0
Nagaraja Garden,1430.0,2.0,78.65,3,5500.0
Nagaraja Garden,1256.0,2.0,62.8,2,5000.0
Nagarbhavi,1630.0,2.0,98.0,3,6012.27
Nagarbhavi,1350.0,3.0,150.0,3,11111.11
Nagarbhavi,1200.0,2.0,150.0,2,12500.0
Nagarbhavi,1523.0,2.0,53.4,3,3506.24
Nagarbhavi,2400.0,3.0,160.0,3,6666.67
Nagarbhavi,884.0,2.0,36.0,1,4072.4
Nagarbhavi,1055.0,2.0,55.0,2,5213.27
Nagarbhavi,1350.0,2.0,54.6,3,4044.44
Nagarbhavi,1223.0,2.0,60.0,2,4905.97
Nagarbhavi,956.0,2.0,49.0,2,5125.52
Nagarbhavi,1560.0,3.0,66.0,3,4230.77
Nagarbhavi,1200.0,2.0,150.0,2,12500.0
Nagarbhavi,1400.0,2.0,85.0,3,6071.43
Nagarbhavi,1515.0,2.0,79.0,3,5214.52
Nagarbhavi,1145.0,2.0,40.0,2,3493.45
Nagarbhavi,300.0,1.0,20.0,1,6666.67
Nagarbhavi,1250.0,3.0,175.0,4,14000.0
Nagarbhavi,710.0,2.0,40.0,1,5633.8
Nagarbhavi,1850.0,3.0,88.0,3,4756.76
Nagarbhavi,1020.0,2.0,55.0,2,5392.16
Nagarbhavi,1850.0,3.0,90.0,3,4864.86
Nagarbhavi,1120.0,2.0,53.0,2,4732.14
Nagarbhavi,1850.0,2.0,88.0,3,4756.76
Nagarbhavi,1146.0,2.0,50.0,2,4363.0
Nagarbhavi,1850.0,2.0,89.0,3,4810.81
Nagarbhavi,1190.0,2.0,63.0,2,5294.12
Nagarbhavi,1523.0,2.0,56.0,3,3676.95
Nagarbhavi,1050.0,2.0,80.0,2,7619.05
Nagarbhavi,2500.0,3.0,180.0,5,7200.0
Nagarbhavi,1350.0,3.0,60.0,3,4444.44
Nagarbhavi,1250.0,3.0,170.0,2,13600.0
Nagarbhavi,1635.0,3.0,85.0,3,5198.78
Nagarbhavi,1400.0,2.0,135.0,3,9642.86
Nagarbhavi,2200.0,2.0,99.0,3,4500.0
Nagarbhavi,1100.0,2.0,46.2,2,4200.0
Nagarbhavi,1080.0,2.0,49.0,2,4537.04
Nagarbhavi,1800.0,3.0,180.0,4,10000.0
Nagarbhavi,1225.0,2.0,58.0,2,4734.69
Nagasandra,980.0,2.0,48.0,2,4897.96
Nagasandra,2400.0,4.0,145.0,4,6041.67
Nagasandra,1650.0,3.0,95.0,3,5757.58
Nagasandra,1500.0,2.0,91.0,2,6066.67
Nagashetty Halli,1350.0,2.0,65.0,2,4814.81
Nagashetty Halli,1386.0,3.0,93.0,4,6709.96
Nagashetty Halli,750.0,2.0,40.0,2,5333.33
Nagavara,400.0,1.0,14.0,1,3500.0
Nagavara,2172.65,3.0,120.0,4,5523.21
Nagavara,1545.0,2.0,58.0,3,3754.05
Nagavara,2319.0,3.0,180.0,3,7761.97
Nagavara,2430.0,4.0,180.0,3,7407.41
Nagavara,936.0,2.0,40.2,2,4294.87
Nagavara,1125.0,2.0,44.5,2,3955.56
Nagavara,1315.0,2.0,70.0,2,5323.19
Nagavara,1077.0,2.0,50.0,2,4642.53
Nagavara,2496.0,4.0,125.0,4,5008.01
Nagavara,1110.0,2.0,44.95,2,4049.55
Nagavara,1247.0,2.0,58.56,2,4696.07
Nagavarapalya,1392.0,2.0,99.0,2,7112.07
Nagavarapalya,705.0,1.0,52.5,1,7446.81
Nagavarapalya,1300.0,3.0,80.0,3,6153.85
Nagavarapalya,705.0,1.0,57.0,1,8085.11
Nagavarapalya,705.0,1.0,55.0,1,7801.42
Nagavarapalya,705.0,1.0,57.0,1,8085.11
Nagavarapalya,1335.0,2.0,110.0,2,8239.7
Nagavarapalya,1260.0,2.0,85.5,2,6785.71
Nagawara Junction,3500.0,4.0,245.0,4,7000.0
Nagawara Junction,600.0,2.0,30.0,2,5000.0
Nagawara Junction,500.0,1.0,51.0,1,10200.0
Nagondanahalli,1641.0,3.0,66.0,3,4021.94
Nagondanahalli,1178.0,2.0,47.0,2,3989.81
Nagondanahalli,1095.0,2.0,45.0,2,4109.59
Naidu Layout,1350.0,3.0,81.0,3,6000.0
Naidu Layout,1485.0,3.0,78.0,3,5252.53
Nallurhalli,1250.0,2.0,65.0,2,5200.0
Nallurhalli,1520.0,3.0,80.0,3,5263.16
Nallurhalli,1044.0,2.0,60.0,2,5747.13
Nallurhalli,1620.0,3.0,95.0,3,5864.2
Nallurhalli,1265.0,2.0,68.0,2,5375.49
Nallurhalli,1100.0,2.0,62.0,2,5636.36
Nandi Hills,3200.0,4.0,200.0,4,6250.0
Nandini Layout,1200.0,2.0,110.0,2,9166.67
Nanjappa Garden,2150.0,6.0,205.0,6,9534.88
Nanjappa Layout,1800.0,3.0,85.0,3,4722.22
Nanjappa Layout,1232.0,2.0,94.28,2,7652.6
Narayana Nagar 1st Block,1360.0,2.0,65.0,3,4779.41
Narayanapura,1308.0,2.0,89.04,2,6807.34
Narayanapura,1566.0,3.0,83.3,3,5319.28
Narayanapura,1485.0,3.0,85.0,3,5723.91
Narayanapura,1302.0,2.0,69.1,2,5307.22
Narayanapura,1308.0,2.0,89.04,2,6807.34
Narayanapura,2357.0,3.0,135.0,3,5727.62
Narayanapura,2357.0,3.0,135.0,3,5727.62
Narayanapura,1469.0,2.0,99.14,2,6748.81
Nayandanahalli,985.0,2.0,55.0,2,5583.76
Nayandanahalli,1350.0,2.0,68.0,3,5037.04
Nayandanahalli,1035.0,2.0,60.0,2,5797.1
Near International Airport,2100.0,4.0,150.0,4,7142.86
Neeladri Nagar,1053.0,2.0,45.0,2,4273.5
Neeladri Nagar,1363.0,2.0,68.0,2,4988.99
Neeladri Nagar,2556.0,3.0,133.0,3,5203.44
Neeladri Nagar,674.0,1.0,21.0,1,3115.73
Neeladri Nagar,527.0,1.0,26.0,1,4933.59
Neeladri Nagar,1167.0,2.0,38.0,3,3256.21
Neeladri Nagar,1060.0,2.0,35.0,2,3301.89
Neeladri Nagar,640.0,1.0,20.5,1,3203.12
Neeladri Nagar,1105.0,2.0,30.0,2,2714.93
Neeladri Nagar,1100.0,2.0,30.0,2,2727.27
Neeladri Nagar,2111.0,3.0,103.0,3,4879.2
Neelamangala,1163.0,2.0,68.0,2,5846.95
Nehru Nagar,1775.0,3.0,110.0,3,6197.18
Nehru Nagar,2363.0,5.0,120.0,4,5078.29
Nehru Nagar,2342.0,3.0,115.0,4,4910.33
Nehru Nagar,967.0,2.0,41.1,2,4250.26
Nehru Nagar,1374.0,3.0,72.0,3,5240.17
Nehru Nagar,1269.0,2.0,63.0,3,4964.54
Nehru Nagar,1100.0,2.0,50.0,2,4545.45
Nelamangala,1095.0,2.0,40.0,2,3652.97
Nelamangala,1470.0,4.0,34.5,4,2346.94
Nelamangala,820.0,2.0,24.0,2,2926.83
Nelamangala,2600.0,3.0,95.0,4,3653.85
Nelamangala,820.0,2.0,30.0,2,3658.54
New Gurappana Palya,1100.0,2.0,48.0,2,4363.64
New Gurappana Palya,1250.0,3.0,40.0,3,3200.0
New Thippasandra,1500.0,3.0,95.0,3,6333.33
New Thippasandra,1116.0,2.0,49.8,2,4462.37
New Thippasandra,1020.0,2.0,70.0,2,6862.75
Ngef Layout,1415.0,3.0,78.0,3,5512.37
Ngef Layout,3000.0,2.0,510.0,2,17000.0
Ngef Layout,1800.0,3.0,88.0,3,4888.89
Nobo Nagar,1424.0,2.0,55.0,3,3862.36
Nyanappana Halli,920.0,2.0,37.0,2,4021.74
Nyanappana Halli,1140.0,2.0,49.0,2,4298.25
OLd Gurappanapalya,2000.0,3.0,160.0,3,8000.0
OLd Gurappanapalya,1942.0,3.0,155.0,3,7981.46
OMBR Layout,2420.0,3.0,185.0,3,7644.63
OMBR Layout,1078.0,2.0,65.0,2,6029.68
OMBR Layout,1101.0,2.0,65.5,2,5949.14
OMBR Layout,1041.0,2.0,65.5,2,6292.03
OMBR Layout,1300.0,2.0,80.0,2,6153.85
OMBR Layout,1085.0,2.0,64.0,2,5898.62
OMBR Layout,1855.0,3.0,145.0,3,7816.71
OMBR Layout,1050.0,2.0,48.0,2,4571.43
OMBR Layout,1730.0,3.0,93.0,3,5375.72
OMBR Layout,1165.0,2.0,88.5,2,7596.57
OMBR Layout,1101.0,2.0,66.0,2,5994.55
OMBR Layout,3400.0,4.0,275.0,4,8088.24
OMBR Layout,1580.0,3.0,75.0,3,4746.84
"Off Sarjapur Road, ",1798.0,3.0,89.0,3,4949.94
"Off Sarjapur Road, ",1518.0,3.0,76.0,3,5006.59
"Off Sarjapur Road, ",1161.0,2.0,59.0,2,5081.83
"Off Sarjapur Road, ",1298.0,2.0,65.0,2,5007.7
Old Airport Road,1875.0,2.0,110.0,3,5866.67
Old Airport Road,1206.0,2.0,75.0,2,6218.91
Old Airport Road,2690.0,4.0,191.0,4,7100.37
Old Airport Road,2690.0,4.0,199.0,4,7397.77
Old Airport Road,1655.0,2.0,97.65,2,5900.3
Old Airport Road,1075.0,2.0,60.0,2,5581.4
Old Airport Road,1858.0,2.0,167.0,3,8988.16
Old Airport Road,1150.0,2.0,90.0,2,7826.09
Old Airport Road,2690.0,4.0,191.0,4,7100.37
Old Airport Road,2658.0,5.0,187.0,4,7035.36
Old Airport Road,946.0,2.0,58.0,2,6131.08
Old Airport Road,2774.0,4.0,208.0,4,7498.2
Old Airport Road,2774.0,4.0,208.0,4,7498.2
Old Airport Road,2690.0,4.0,201.0,4,7472.12
Old Airport Road,1050.0,2.0,50.0,2,4761.9
Old Airport Road,1145.0,2.0,75.0,2,6550.22
Old Airport Road,2732.0,4.0,194.0,4,7101.02
Old Airport Road,2658.0,5.0,189.0,4,7110.61
Old Airport Road,2774.0,4.0,197.0,4,7101.66
Old Airport Road,2392.0,3.0,249.0,3,10409.7
Old Airport Road,2774.0,4.0,197.0,4,7101.66
Old Airport Road,2732.0,4.0,204.0,4,7467.06
Old Airport Road,2774.0,4.0,208.0,4,7498.2
Old Airport Road,1184.0,2.0,78.0,2,6587.84
Old Airport Road,1055.0,2.0,75.0,2,7109.0
Old Madras Road,1425.0,2.0,94.0,3,6596.49
Old Madras Road,3715.0,6.0,224.5,4,6043.07
Old Madras Road,3630.0,6.0,195.0,4,5371.9
Old Madras Road,1350.0,3.0,58.99,3,4369.63
Old Madras Road,935.0,2.0,45.0,2,4812.83
Old Madras Road,3715.0,6.0,200.5,4,5397.04
Old Madras Road,1720.0,3.0,100.0,3,5813.95
Old Madras Road,1200.0,2.0,72.0,2,6000.0
Old Madras Road,1225.0,2.0,53.55,2,4371.43
Old Madras Road,1100.0,2.0,70.0,2,6363.64
Old Madras Road,2760.0,5.0,157.0,3,5688.41
Old Madras Road,1171.0,2.0,75.0,2,6404.78
Old Madras Road,935.0,2.0,45.0,2,4812.83
Old Madras Road,4500.0,7.0,294.0,5,6533.33
Old Madras Road,2640.0,5.0,142.0,3,5378.79
Old Madras Road,1065.0,2.0,47.86,2,4493.9
Old Madras Road,2010.0,3.0,125.0,4,6218.91
Old Madras Road,2010.0,3.0,115.0,4,5721.39
Old Madras Road,1480.0,2.0,84.0,3,5675.68
Old Madras Road,1210.0,2.0,74.0,2,6115.7
Old Madras Road,1171.0,2.0,72.0,2,6148.59
Old Madras Road,3630.0,6.0,196.0,4,5399.45
Old Madras Road,1480.0,3.0,95.0,3,6418.92
Old Madras Road,1425.0,2.0,74.31,3,5214.74
Old Madras Road,1210.0,2.0,80.0,2,6611.57
Old Madras Road,1859.0,3.0,121.0,3,6508.88
Old Madras Road,2990.0,5.0,173.0,3,5785.95
Old Madras Road,4000.0,4.0,225.0,4,5625.0
Old Madras Road,3900.0,4.0,175.0,4,4487.18
Old Madras Road,2300.0,3.0,142.0,3,6173.91
Old Madras Road,3630.0,6.0,207.0,4,5702.48
Old Madras Road,1210.0,2.0,80.0,2,6611.57
Old Madras Road,1210.0,2.0,77.0,2,6363.64
Old Madras Road,5020.0,7.0,287.0,5,5717.13
Old Madras Road,3715.0,6.0,212.5,4,5720.05
Old Madras Road,1330.0,2.0,74.0,2,5563.91
Old Madras Road,1720.0,3.0,106.0,3,6162.79
Old Madras Road,2640.0,5.0,150.0,3,5681.82
Old Madras Road,2990.0,3.0,170.0,3,5685.62
Old Madras Road,1530.0,3.0,76.34,3,4989.54
Old Madras Road,1171.0,2.0,73.0,2,6233.99
Old Madras Road,1630.0,3.0,110.0,3,6748.47
Old Madras Road,1165.0,2.0,52.0,2,4463.52
Old Madras Road,2640.0,2.0,170.0,2,6439.39
Old Madras Road,1165.0,2.0,51.42,2,4413.73
Omarbagh Layout,3300.0,5.0,318.0,4,9636.36
Omarbagh Layout,3317.5,5.0,268.5,4,8093.44
Omkar Nagar,1000.0,2.0,53.0,2,5300.0
Outer Ring Road East,1198.0,2.0,84.0,2,7011.69
Outer Ring Road East,4051.0,4.0,345.0,4,8516.42
Outer Ring Road East,1500.0,2.0,97.0,3,6466.67
Outer Ring Road East,3664.0,3.0,325.0,3,8870.09
Outer Ring Road East,1738.0,3.0,110.0,3,6329.11
P&T Layout,1242.0,2.0,39.7,2,3196.46
P&T Layout,1206.0,2.0,38.5,2,3192.37
Padmanabhanagar,1020.0,2.0,63.0,2,6176.47
Padmanabhanagar,1176.0,2.0,62.0,2,5272.11
Padmanabhanagar,1258.0,2.0,115.0,2,9141.49
Padmanabhanagar,1708.0,2.0,90.5,3,5298.59
Padmanabhanagar,1100.0,2.0,65.0,2,5909.09
Padmanabhanagar,3400.0,3.0,210.0,4,6176.47
Padmanabhanagar,1531.0,2.0,75.0,3,4898.76
Padmanabhanagar,1400.0,3.0,65.0,3,4642.86
Padmanabhanagar,1360.0,2.0,75.0,3,5514.71
Padmanabhanagar,4500.0,4.0,360.0,3,8000.0
Padmanabhanagar,1200.0,2.0,60.0,2,5000.0
Padmanabhanagar,1710.0,2.0,90.63,3,5300.0
Padmanabhanagar,1067.0,2.0,52.0,2,4873.48
Padmanabhanagar,1250.0,2.0,70.0,3,5600.0
Padmanabhanagar,1350.0,3.0,71.55,3,5300.0
Padmanabhanagar,1360.0,3.0,75.0,3,5514.71
Padmanabhanagar,1100.0,2.0,60.0,2,5454.55
Padmanabhanagar,2051.0,3.0,180.0,3,8776.21
Padmanabhanagar,2051.0,3.0,170.0,3,8288.64
Padmanabhanagar,1150.0,2.0,50.0,2,4347.83
Pai Layout,1006.0,2.0,35.0,2,3479.13
Pai Layout,1550.0,2.0,90.0,3,5806.45
Pai Layout,1050.0,2.0,40.0,2,3809.52
Pai Layout,1400.0,2.0,67.0,3,4785.71
Pai Layout,1100.0,2.0,50.0,2,4545.45
Pai Layout,1255.0,2.0,80.0,2,6374.5
Pai Layout,1075.0,2.0,35.0,2,3255.81
Pai Layout,1400.0,2.0,57.5,2,4107.14
Pai Layout,1175.0,2.0,60.0,2,5106.38
Pai Layout,810.0,2.0,34.5,2,4259.26
Pai Layout,1000.0,2.0,34.0,2,3400.0
Pai Layout,1000.0,2.0,42.0,2,4200.0
Pai Layout,1068.0,2.0,48.0,2,4494.38
Pai Layout,1510.0,2.0,65.0,3,4304.64
Pai Layout,1500.0,2.0,58.0,3,3866.67
Pai Layout,1600.0,2.0,65.0,3,4062.5
Palace Road,1480.0,2.0,145.0,3,9797.3
Palanahalli,4300.0,5.0,550.0,4,12790.7
Pampa Extension,993.0,2.0,45.5,2,4582.07
Pampa Extension,1178.0,2.0,80.0,2,6791.17
Panathur,1359.0,2.0,87.0,2,6401.77
Panathur,1438.0,2.0,100.0,2,6954.1
Panathur,1688.0,3.0,118.0,3,6990.52
Panathur,1695.0,3.0,90.0,3,5309.73
Panathur,1198.0,2.0,77.0,2,6427.38
Panathur,1180.0,2.0,70.0,2,5932.2
Panathur,1546.0,3.0,99.0,3,6403.62
Panathur,1370.0,2.0,75.0,3,5474.45
Panathur,1000.0,2.0,65.3,2,6530.0
Panathur,1109.0,2.0,63.0,2,5680.79
Panathur,1000.0,2.0,68.0,2,6800.0
Panathur,1255.0,2.0,79.0,2,6294.82
Panathur,1205.0,2.0,62.9,2,5219.92
Panathur,1198.0,2.0,82.0,2,6844.74
Panathur,1235.0,2.0,65.0,2,5263.16
Panathur,1210.0,2.0,80.0,2,6611.57
Panathur,1210.0,2.0,77.0,2,6363.64
Panathur,661.0,1.0,40.0,1,6051.44
Panathur,1210.0,2.0,78.0,2,6446.28
Panathur,1861.0,3.0,92.0,3,4943.58
Panathur,1050.0,2.0,60.0,2,5714.29
Panathur,1398.0,2.0,97.0,2,6938.48
Panathur,1065.0,2.0,58.0,2,5446.01
Panathur,1007.0,2.0,64.0,2,6355.51
Panathur,1210.0,2.0,77.93,2,6440.5
Panathur,1230.0,2.0,80.0,2,6504.07
Panathur,980.0,2.0,57.0,2,5816.33
Panathur,1075.0,2.0,60.0,2,5581.4
Panathur,1210.0,2.0,69.0,2,5702.48
Panathur,1343.0,2.0,76.0,2,5658.97
Panduranga Nagar,1827.0,3.0,100.0,3,5473.45
Parappana Agrahara,1194.0,2.0,47.0,2,3936.35
Parappana Agrahara,1194.0,2.0,47.0,2,3936.35
Parappana Agrahara,1194.0,2.0,46.0,2,3852.6
Parappana Agrahara,1194.0,2.0,47.0,2,3936.35
Parappana Agrahara,1194.0,2.0,46.0,2,3852.6
Parappana Agrahara,1194.0,2.0,47.0,2,3936.35
Parappana Agrahara,1194.0,2.0,47.0,2,3936.35
Parappana Agrahara,1092.0,2.0,43.0,2,3937.73
Parappana Agrahara,1194.0,2.0,45.0,2,3768.84
Parappana Agrahara,1200.0,1.0,45.0,1,3750.0
Parappana Agrahara,1194.0,2.0,46.0,2,3852.6
Parappana Agrahara,1194.0,2.0,47.0,2,3936.35
Parappana Agrahara,1194.0,2.0,47.0,2,3936.35
Parappana Agrahara,1194.0,2.0,46.0,2,3852.6
Parappana Agrahara,1194.0,2.0,46.0,2,3852.6
Patelappa Layout,1200.0,2.0,62.0,2,5166.67
Patelappa Layout,1200.0,3.0,225.0,3,18750.0
Pattanagere,850.0,2.0,35.0,2,4117.65
Pattanagere,850.0,2.0,35.0,2,4117.65
Pattanagere,1900.0,3.0,65.0,3,3421.05
Pattandur Agrahara,1550.0,2.0,80.0,3,5161.29
Pattandur Agrahara,1025.0,2.0,44.5,2,4341.46
Pattandur Agrahara,1247.0,2.0,59.8,2,4795.51
Pattandur Agrahara,900.0,2.0,42.0,2,4666.67
Pattandur Agrahara,1302.0,2.0,66.0,2,5069.12
Pattandur Agrahara,1550.0,2.0,80.0,3,5161.29
Pattandur Agrahara,1247.0,2.0,62.35,2,5000.0
Pattandur Agrahara,1350.0,2.0,68.0,2,5037.04
Peenya,966.0,2.0,49.9,2,5165.63
Peenya,1870.0,3.0,110.0,3,5882.35
Peenya,814.0,2.0,55.0,2,6756.76
Peenya,1286.0,3.0,67.0,3,5209.95
Peenya,966.0,2.0,49.0,2,5072.46
Peenya,708.0,1.0,55.0,2,7768.36
Peenya,966.0,2.0,50.0,2,5175.98
Phase 1 Kammasandra,1105.0,2.0,28.18,2,2550.23
Poorna Pragna Layout,920.0,2.0,39.55,2,4298.91
Poorna Pragna Layout,1475.0,2.0,58.99,3,3999.32
Poorna Pragna Layout,1270.0,2.0,50.79,3,3999.21
Poorna Pragna Layout,1160.0,2.0,46.39,2,3999.14
Poorna Pragna Layout,1270.0,2.0,50.79,3,3999.21
Poorna Pragna Layout,1270.0,2.0,50.79,3,3999.21
Poorna Pragna Layout,965.0,2.0,48.0,2,4974.09
Poorna Pragna Layout,1355.0,2.0,58.25,3,4298.89
Poorna Pragna Layout,1355.0,2.0,58.27,3,4300.37
Poorna Pragna Layout,1475.0,2.0,58.99,3,3999.32
Poorna Pragna Layout,1270.0,2.0,50.79,3,3999.21
Poorna Pragna Layout,1160.0,2.0,46.39,2,3999.14
Poorna Pragna Layout,1270.0,2.0,50.79,3,3999.21
Poorna Pragna Layout,1160.0,2.0,46.39,2,3999.14
Poorna Pragna Layout,1475.0,2.0,58.99,3,3999.32
Poorna Pragna Layout,1270.0,2.0,50.79,3,3999.21
Poorna Pragna Layout,960.0,2.0,50.0,2,5208.33
Poorna Pragna Layout,1270.0,2.0,50.79,3,3999.21
Poornapragna Housing Society Layout,1160.0,2.0,52.2,2,4500.0
Poornapragna Housing Society Layout,1355.0,2.0,58.25,3,4298.89
Poornapragna Housing Society Layout,1270.0,2.0,57.15,3,4500.0
Postal Colony,1500.0,1.0,218.0,2,14533.33
Pragathi Nagar,1280.0,2.0,49.75,2,3886.72
Pragathi Nagar,1115.0,2.0,46.0,2,4125.56
Pragathi Nagar,801.0,1.0,33.645,1,4200.37
Prashanth Nagar,4050.0,4.0,600.0,5,14814.81
Prithvi Layout,2028.0,4.0,162.0,4,7988.17
Prithvi Layout,1352.0,2.0,87.5,2,6471.89
Prithvi Layout,1190.0,2.0,68.0,2,5714.29
Prithvi Layout,1352.0,2.0,85.0,2,6286.98
Prithvi Layout,1352.0,2.0,75.0,2,5547.34
Prithvi Layout,1352.0,3.0,93.0,2,6878.7
Prithvi Layout,2273.0,4.0,192.0,3,8446.99
Prithvi Layout,1352.0,2.0,72.0,2,5325.44
Prithvi Layout,2100.0,3.0,125.0,3,5952.38
Pulkeshi Nagar,1452.55,2.0,110.0,2,7572.89
Pulkeshi Nagar,588.0,1.0,88.2,1,15000.0
Puttanahalli,1450.0,3.0,65.0,3,4482.76
Puttanahalli,1076.0,2.0,52.0,2,4832.71
R.T. Nagar,1500.0,4.0,70.0,4,4666.67
R.T. Nagar,1200.0,2.0,120.0,2,10000.0
R.T. Nagar,1560.0,3.0,85.0,3,5448.72
R.T. Nagar,1040.0,2.0,46.0,2,4423.08
R.T. Nagar,1200.0,2.0,45.0,2,3750.0
R.T. Nagar,1235.0,2.0,65.0,2,5263.16
R.T. Nagar,1140.0,3.0,130.0,3,11403.51
R.T. Nagar,970.0,2.0,55.0,2,5670.1
R.T. Nagar,1560.0,3.0,125.0,3,8012.82
R.T. Nagar,1200.0,2.0,60.0,2,5000.0
R.T. Nagar,1380.0,2.0,50.0,3,3623.19
R.T. Nagar,1680.0,3.0,72.0,3,4285.71
R.T. Nagar,1400.0,2.0,78.0,3,5571.43
R.T. Nagar,1100.0,3.0,125.0,2,11363.64
R.T. Nagar,1150.0,2.0,72.0,2,6260.87
R.T. Nagar,1500.0,4.0,185.0,4,12333.33
R.T. Nagar,3600.0,8.0,165.0,9,4583.33
R.T. Nagar,1080.0,2.0,48.0,2,4444.44
R.T. Nagar,1325.0,2.0,52.0,2,3924.53
R.T. Nagar,1800.0,3.0,120.0,4,6666.67
R.T. Nagar,1500.0,2.0,70.0,3,4666.67
R.T. Nagar,1100.0,2.0,85.0,2,7727.27
RMV,2000.0,3.0,365.0,3,18250.0
RMV,2750.0,5.0,550.0,3,20000.0
RMV 2nd Stage,2000.0,4.0,120.0,4,6000.0
RMV 2nd Stage,1200.0,2.0,216.0,2,18000.0
RMV 2nd Stage,2550.0,4.0,290.0,3,11372.55
RMV Extension,1630.0,3.0,85.0,3,5214.72
RMV Extension,1685.0,3.0,95.0,3,5637.98
RMV Extension,1152.0,2.0,57.0,2,4947.92
RMV Extension Stage 2,1862.0,3.0,120.0,3,6444.68
RMV Extension Stage 2,3600.0,7.0,160.0,7,4444.44
RPC layout,1100.0,2.0,68.0,2,6181.82
RR Layout,2100.0,3.0,145.0,5,6904.76
RWF West Colony,1000.0,2.0,50.0,2,5000.0
RWF West Colony,1427.0,2.0,70.0,3,4905.4
Rachenahalli,1050.0,2.0,52.07,2,4959.05
Rachenahalli,1530.0,2.0,74.5,3,4869.28
Rachenahalli,1050.0,2.0,55.5,2,5285.71
Rachenahalli,1530.0,2.0,74.4,3,4862.75
Rachenahalli,1050.0,2.0,53.5,2,5095.24
Rachenahalli,1530.0,2.0,74.39,3,4862.09
Rachenahalli,1220.0,2.0,59.5,2,4877.05
Rachenahalli,1050.0,2.0,52.5,2,5000.0
Rachenahalli,1550.0,3.0,73.5,3,4741.94
Rachenahalli,2721.0,3.0,113.0,3,4152.88
Rachenahalli,1050.0,2.0,52.1,2,4961.9
Rachenahalli,1050.0,2.0,53.5,2,5095.24
Rachenahalli,1113.0,2.0,55.0,2,4941.6
Rachenahalli,1550.0,3.0,74.5,3,4806.45
Rachenahalli,1530.0,2.0,74.4,3,4862.75
Rachenahalli,1530.0,2.0,74.5,3,4869.28
Rachenahalli,680.0,1.0,32.64,1,4800.0
Rachenahalli,1050.0,2.0,52.5,2,5000.0
Rachenahalli,1550.0,3.0,72.5,3,4677.42
Rachenahalli,1530.0,2.0,74.4,3,4862.75
Rachenahalli,690.0,1.0,39.8,1,5768.12
Rachenahalli,1200.0,2.0,50.0,2,4166.67
Rachenahalli,1050.0,2.0,47.25,2,4500.0
Rachenahalli,1050.0,2.0,55.5,2,5285.71
Rachenahalli,985.0,2.0,49.97,2,5073.1
Rachenahalli,1050.0,2.0,52.5,2,5000.0
Rachenahalli,1050.0,2.0,52.08,2,4960.0
Rachenahalli,1550.0,3.0,72.5,3,4677.42
Rachenahalli,1050.0,2.0,52.07,2,4959.05
Rachenahalli,1530.0,2.0,74.4,3,4862.75
Rachenahalli,1050.0,2.0,52.08,2,4960.0
Rachenahalli,985.0,2.0,49.97,2,5073.1
Rachenahalli,1856.0,3.0,106.0,3,5711.21
Rachenahalli,1050.0,2.0,52.5,2,5000.0
Rachenahalli,985.0,2.0,50.17,2,5093.4
Rachenahalli,1550.0,3.0,68.5,3,4419.35
Rachenahalli,1550.0,2.0,73.5,3,4741.94
Rachenahalli,985.0,2.0,50.17,2,5093.4
Rachenahalli,1050.0,2.0,52.71,2,5020.0
Raghavendra Layout,1499.0,3.0,89.0,3,5937.29
Raghuvanahalli,900.0,1.0,30.0,1,3333.33
Raghuvanahalli,1070.0,2.0,35.0,2,3271.03
Raghuvanahalli,1440.0,3.0,65.8,3,4569.44
Raghuvanahalli,420.0,1.0,23.5,1,5595.24
Raja Rajeshwari Nagar,1540.0,3.0,60.0,3,3896.1
Raja Rajeshwari Nagar,1693.0,3.0,57.39,3,3389.84
Raja Rajeshwari Nagar,1295.0,2.0,43.9,2,3389.96
Raja Rajeshwari Nagar,1145.0,2.0,45.79,2,3999.13
Raja Rajeshwari Nagar,1419.0,2.0,48.1,2,3389.71
Raja Rajeshwari Nagar,1295.0,2.0,55.47,2,4283.4
Raja Rajeshwari Nagar,1133.0,2.0,49.07,2,4330.98
Raja Rajeshwari Nagar,1090.0,2.0,42.0,2,3853.21
Raja Rajeshwari Nagar,1260.0,2.0,67.39,2,5348.41
Raja Rajeshwari Nagar,1141.0,2.0,38.55,2,3378.62
Raja Rajeshwari Nagar,1140.0,2.0,49.39,2,4332.46
Raja Rajeshwari Nagar,1303.0,2.0,55.79,2,4281.66
Raja Rajeshwari Nagar,600.0,1.0,22.0,1,3666.67
Raja Rajeshwari Nagar,1278.0,2.0,53.76,3,4206.57
Raja Rajeshwari Nagar,500.0,1.0,25.0,1,5000.0
Raja Rajeshwari Nagar,1143.0,2.0,38.65,2,3381.45
Raja Rajeshwari Nagar,1610.0,3.0,74.0,3,4596.27
Raja Rajeshwari Nagar,1105.0,2.0,65.0,2,5882.35
Raja Rajeshwari Nagar,1693.0,3.0,57.39,3,3389.84
Raja Rajeshwari Nagar,1258.0,2.0,63.53,2,5050.08
Raja Rajeshwari Nagar,1128.0,2.0,38.24,2,3390.07
Raja Rajeshwari Nagar,1157.0,2.0,53.8,2,4649.96
Raja Rajeshwari Nagar,1185.0,2.0,47.39,2,3999.16
Raja Rajeshwari Nagar,1530.0,3.0,57.0,3,3725.49
Raja Rajeshwari Nagar,1530.0,3.0,61.2,3,4000.0
Raja Rajeshwari Nagar,1030.0,2.0,50.0,2,4854.37
Raja Rajeshwari Nagar,1144.0,2.0,38.55,2,3369.76
Raja Rajeshwari Nagar,1196.0,2.0,51.51,2,4306.86
Raja Rajeshwari Nagar,1570.0,3.0,88.0,3,5605.1
Raja Rajeshwari Nagar,1168.0,2.0,61.0,2,5222.6
Raja Rajeshwari Nagar,1306.0,2.0,55.91,2,4281.01
Raja Rajeshwari Nagar,1608.0,3.0,67.98,3,4227.61
Raja Rajeshwari Nagar,1530.0,3.0,51.87,3,3390.2
Raja Rajeshwari Nagar,1575.0,2.0,78.0,3,4952.38
Raja Rajeshwari Nagar,1200.0,2.0,35.0,2,2916.67
Raja Rajeshwari Nagar,1151.0,2.0,39.02,2,3390.1
Raja Rajeshwari Nagar,1570.0,2.0,65.0,3,4140.13
Raja Rajeshwari Nagar,1580.0,3.0,53.56,3,3389.87
Raja Rajeshwari Nagar,1196.0,2.0,51.15,2,4276.76
Raja Rajeshwari Nagar,1419.0,2.0,48.0,2,3382.66
Raja Rajeshwari Nagar,1560.0,2.0,62.4,3,4000.0
Raja Rajeshwari Nagar,1295.0,2.0,70.0,2,5405.41
Raja Rajeshwari Nagar,648.0,1.0,31.75,1,4899.69
Raja Rajeshwari Nagar,1100.0,2.0,55.0,2,5000.0
Raja Rajeshwari Nagar,1140.0,2.0,38.55,2,3381.58
Raja Rajeshwari Nagar,1090.0,2.0,43.59,2,3999.08
Raja Rajeshwari Nagar,1530.0,3.0,51.77,3,3383.66
Raja Rajeshwari Nagar,1023.0,2.0,42.0,2,4105.57
Raja Rajeshwari Nagar,1070.0,2.0,50.0,2,4672.9
Raja Rajeshwari Nagar,1510.0,2.0,59.0,3,3907.28
Raja Rajeshwari Nagar,1128.0,2.0,48.79,2,4325.35
Raja Rajeshwari Nagar,1267.0,2.0,42.85,2,3382.0
Raja Rajeshwari Nagar,550.0,1.0,21.0,1,3818.18
Raja Rajeshwari Nagar,1120.0,2.0,37.95,2,3388.39
Raja Rajeshwari Nagar,1608.0,2.0,85.0,2,5286.07
Raja Rajeshwari Nagar,1210.0,2.0,45.0,2,3719.01
Raja Rajeshwari Nagar,1240.0,2.0,53.27,2,4295.97
Raja Rajeshwari Nagar,1395.0,2.0,72.0,3,5161.29
Raja Rajeshwari Nagar,1165.0,2.0,45.0,2,3862.66
Raja Rajeshwari Nagar,1288.0,2.0,70.0,3,5434.78
Raja Rajeshwari Nagar,1120.0,2.0,37.97,2,3390.18
Raja Rajeshwari Nagar,1140.0,2.0,38.65,2,3390.35
Raja Rajeshwari Nagar,1095.0,2.0,38.33,2,3500.46
Raja Rajeshwari Nagar,1420.0,2.0,60.0,3,4225.35
Raja Rajeshwari Nagar,1303.0,2.0,44.17,2,3389.87
Raja Rajeshwari Nagar,1580.0,3.0,53.56,3,3389.87
Raja Rajeshwari Nagar,1185.0,2.0,40.17,2,3389.87
Raja Rajeshwari Nagar,1140.0,2.0,49.27,2,4321.93
Raja Rajeshwari Nagar,1430.0,2.0,50.0,3,3496.5
Raja Rajeshwari Nagar,1095.0,2.0,38.33,2,3500.46
Raja Rajeshwari Nagar,1235.0,2.0,75.0,2,6072.87
Raja Rajeshwari Nagar,1280.0,3.0,57.6,3,4500.0
Raja Rajeshwari Nagar,1303.0,2.0,55.79,2,4281.66
Raja Rajeshwari Nagar,1162.0,2.0,65.0,2,5593.8
Raja Rajeshwari Nagar,1133.0,2.0,38.41,2,3390.11
Raja Rajeshwari Nagar,1151.0,2.0,49.0,2,4257.17
Raja Rajeshwari Nagar,1267.0,2.0,54.35,2,4289.66
Raja Rajeshwari Nagar,1550.0,3.0,52.45,3,3383.87
Raja Rajeshwari Nagar,1100.0,2.0,50.0,2,4545.45
Raja Rajeshwari Nagar,1185.0,2.0,40.17,2,3389.87
Raja Rajeshwari Nagar,1751.0,3.0,72.0,3,4111.94
Raja Rajeshwari Nagar,1306.0,2.0,44.17,2,3382.08
Raja Rajeshwari Nagar,1196.0,2.0,40.44,2,3381.27
Raja Rajeshwari Nagar,1178.0,2.0,75.0,2,6366.72
Raja Rajeshwari Nagar,1128.0,2.0,40.0,2,3546.1
Raja Rajeshwari Nagar,1151.0,2.0,39.0,2,3388.36
Raja Rajeshwari Nagar,1375.0,2.0,54.99,3,3999.27
Raja Rajeshwari Nagar,1525.0,2.0,99.13,3,6500.33
Raja Rajeshwari Nagar,1060.0,2.0,48.0,2,4528.3
Raja Rajeshwari Nagar,1128.0,2.0,48.79,2,4325.35
Raja Rajeshwari Nagar,1400.0,2.0,48.0,3,3428.57
Raja Rajeshwari Nagar,1170.0,2.0,50.0,2,4273.5
Raja Rajeshwari Nagar,1625.0,2.0,54.0,3,3323.08
Raja Rajeshwari Nagar,1185.0,2.0,51.15,2,4316.46
Raja Rajeshwari Nagar,1255.0,2.0,53.87,2,4292.43
Raja Rajeshwari Nagar,1419.0,2.0,60.42,2,4257.93
Raja Rajeshwari Nagar,1693.0,3.0,71.38,3,4216.18
Raja Rajeshwari Nagar,3600.0,9.0,240.0,9,6666.67
Raja Rajeshwari Nagar,1196.0,2.0,40.54,2,3389.63
Raja Rajeshwari Nagar,1196.0,2.0,40.54,2,3389.63
Raja Rajeshwari Nagar,1630.0,3.0,60.65,3,3720.86
Raja Rajeshwari Nagar,1531.0,3.0,51.77,3,3381.45
Raja Rajeshwari Nagar,1160.0,2.0,70.0,2,6034.48
Raja Rajeshwari Nagar,1133.0,2.0,38.37,2,3386.58
Raja Rajeshwari Nagar,1140.0,2.0,48.7,2,4271.93
Raja Rajeshwari Nagar,1140.0,2.0,38.65,2,3390.35
Raja Rajeshwari Nagar,1140.0,2.0,38.55,2,3381.58
Raja Rajeshwari Nagar,1295.0,2.0,55.47,2,4283.4
Raja Rajeshwari Nagar,1133.0,2.0,40.0,2,3530.45
Raja Rajeshwari Nagar,1510.0,2.0,55.0,3,3642.38
Raja Rajeshwari Nagar,1550.0,3.0,86.8,3,5600.0
Raja Rajeshwari Nagar,1400.0,2.0,45.0,2,3214.29
Raja Rajeshwari Nagar,1110.0,2.0,52.0,2,4684.68
Raja Rajeshwari Nagar,1580.0,3.0,83.74,3,5300.0
Raja Rajeshwari Nagar,1608.0,3.0,54.51,3,3389.93
Raja Rajeshwari Nagar,1640.0,3.0,86.8,3,5292.68
Raja Rajeshwari Nagar,1500.0,3.0,51.04,3,3402.67
Raja Rajeshwari Nagar,1185.0,2.0,51.15,2,4316.46
Raja Rajeshwari Nagar,1295.0,2.0,43.9,2,3389.96
Raja Rajeshwari Nagar,1279.0,2.0,53.76,3,4203.28
Raja Rajeshwari Nagar,1196.0,2.0,40.54,2,3389.63
Raja Rajeshwari Nagar,1240.0,2.0,40.54,2,3269.35
Raja Rajeshwari Nagar,1090.0,2.0,57.0,2,5229.36
Raja Rajeshwari Nagar,1240.0,2.0,42.04,2,3390.32
Raja Rajeshwari Nagar,1757.0,3.0,98.0,3,5577.69
Raja Rajeshwari Nagar,1530.0,3.0,64.0,3,4183.01
Raja Rajeshwari Nagar,1587.0,3.0,73.8,3,4650.28
Raja Rajeshwari Nagar,1529.0,3.0,51.77,3,3385.87
Raja Rajeshwari Nagar,1295.0,2.0,55.47,2,4283.4
Raja Rajeshwari Nagar,1450.0,2.0,67.0,3,4620.69
Raja Rajeshwari Nagar,1090.0,2.0,57.0,2,5229.36
Raja Rajeshwari Nagar,945.0,2.0,45.0,2,4761.9
Raja Rajeshwari Nagar,1303.0,2.0,55.78,2,4280.89
Raja Rajeshwari Nagar,3450.0,7.0,225.0,8,6521.74
Raja Rajeshwari Nagar,1419.0,2.0,48.1,2,3389.71
Raja Rajeshwari Nagar,1700.0,2.0,86.0,3,5058.82
Raja Rajeshwari Nagar,1270.0,2.0,62.0,2,4881.89
Raja Rajeshwari Nagar,1250.0,2.0,68.0,2,5440.0
Raja Rajeshwari Nagar,1260.0,2.0,62.0,3,4920.63
Raja Rajeshwari Nagar,1196.0,2.0,40.54,2,3389.63
Raja Rajeshwari Nagar,1580.0,2.0,66.85,3,4231.01
Raja Rajeshwari Nagar,1050.0,2.0,37.0,2,3523.81
Raja Rajeshwari Nagar,1021.0,3.0,59.0,3,5778.65
Raja Rajeshwari Nagar,1196.0,2.0,40.54,2,3389.63
Raja Rajeshwari Nagar,1500.0,3.0,88.0,3,5866.67
Raja Rajeshwari Nagar,1168.0,2.0,66.0,2,5650.68
Raja Rajeshwari Nagar,1400.0,2.0,86.0,3,6142.86
Raja Rajeshwari Nagar,1157.0,2.0,65.0,2,5617.98
Raja Rajeshwari Nagar,1206.0,2.0,40.7,2,3374.79
Raja Rajeshwari Nagar,1000.0,2.0,50.0,2,5000.0
Raja Rajeshwari Nagar,1485.0,2.0,63.0,3,4242.42
Raja Rajeshwari Nagar,1335.0,2.0,56.0,3,4194.76
Raja Rajeshwari Nagar,1571.0,3.0,53.12,3,3381.29
Raja Rajeshwari Nagar,1255.0,2.0,42.54,2,3389.64
Raja Rajeshwari Nagar,1530.0,3.0,64.86,3,4239.22
Raja Rajeshwari Nagar,1850.0,3.0,98.0,3,5297.3
Raja Rajeshwari Nagar,1140.0,2.0,44.0,2,3859.65
Raja Rajeshwari Nagar,6000.0,8.0,215.0,8,3583.33
Raja Rajeshwari Nagar,1140.0,2.0,39.0,2,3421.05
Raja Rajeshwari Nagar,510.0,1.0,22.0,1,4313.73
Raja Rajeshwari Nagar,1187.0,2.0,40.14,2,3381.63
Raja Rajeshwari Nagar,1141.0,2.0,60.0,2,5258.55
Raja Rajeshwari Nagar 5th Stage,1320.0,2.0,73.0,3,5530.3
Raja Rajeshwari Nagar 5th Stage,1056.0,2.0,55.0,2,5208.33
Raja Rajeshwari Nagar 5th Stage,1060.0,2.0,52.0,2,4905.66
Rajaji Nagar,1640.0,3.0,229.0,3,13963.41
Rajaji Nagar,2390.0,3.0,415.0,3,17364.02
Rajaji Nagar,2390.0,3.0,410.0,3,17154.81
Rajaji Nagar,1725.0,3.0,200.0,3,11594.2
Rajaji Nagar,3516.0,4.0,540.0,4,15358.36
Rajaji Nagar,1640.0,3.0,223.0,3,13597.56
Rajaji Nagar,3526.0,4.0,558.0,4,15825.3
Rajaji Nagar,2849.0,5.0,300.0,5,10530.01
Rajaji Nagar,1800.0,3.0,260.0,3,14444.44
Rajaji Nagar,1640.0,3.0,241.0,3,14695.12
Rajaji Nagar,1370.0,2.0,170.0,2,12408.76
Rajaji Nagar,2409.0,3.0,360.0,3,14943.96
Rajaji Nagar,3436.0,6.0,475.0,4,13824.21
Rajaji Nagar,1718.0,3.0,288.0,2,16763.68
Rajaji Nagar,3436.0,6.0,500.0,4,14551.8
Rajaji Nagar,1200.0,2.0,150.0,2,12500.0
Rajaji Nagar,1160.0,1.0,163.0,2,14051.72
Rajaji Nagar,1222.0,2.0,112.0,2,9165.3
Rajaji Nagar,660.0,1.0,75.0,1,11363.64
Rajaji Nagar,1440.0,2.0,170.0,2,11805.56
Rajaji Nagar,2448.0,3.0,400.0,3,16339.87
Rajaji Nagar,1440.0,2.0,185.0,2,12847.22
Rajaji Nagar,1640.0,3.0,230.0,3,14024.39
Rajaji Nagar,2648.0,5.0,251.5,4,9497.73
Rajaji Nagar,3730.0,4.0,370.0,4,9919.57
Rajaji Nagar,1800.0,2.0,250.0,3,13888.89
Rajaji Nagar,3100.0,4.0,550.0,4,17741.94
Rajaji Nagar,3526.0,4.0,598.0,4,16959.73
Rajaji Nagar,1357.0,2.0,130.0,2,9579.96
Rajaji Nagar,2300.0,3.0,369.0,3,16043.48
Rajaji Nagar,1640.0,3.0,220.0,3,13414.63
Rajaji Nagar,2500.0,3.0,350.0,3,14000.0
Rajaji Nagar,1615.0,3.0,175.0,3,10835.91
Rajaji Nagar,1776.0,3.0,190.0,3,10698.2
Rajaji Nagar,2559.0,3.0,403.0,3,15748.34
Rajaji Nagar,1763.0,3.0,262.0,2,14861.03
Rajaji Nagar,1640.0,3.0,220.0,3,13414.63
Rajaji Nagar,1613.0,3.0,150.0,3,9299.44
Rajaji Nagar,1380.0,3.0,130.0,3,9420.29
Rajaji Nagar,2400.0,3.0,320.0,5,13333.33
Rajaji Nagar,1800.0,3.0,240.0,3,13333.33
Rajaji Nagar,2533.0,3.0,425.0,3,16778.52
Rajaji Nagar,1268.0,2.0,127.0,2,10015.77
Rajaji Nagar,2450.0,3.0,330.0,3,13469.39
Rajaji Nagar,1640.0,3.0,262.0,3,15975.61
Rajaji Nagar,1200.0,1.0,200.0,2,16666.67
Rajaji Nagar,2367.0,3.0,375.0,3,15842.84
Rajaji Nagar,2440.0,2.0,415.0,4,17008.2
Rajaji Nagar,1640.0,3.0,251.0,3,15304.88
Rajaji Nagar,2733.0,5.0,259.0,4,9476.77
Rajaji Nagar,1640.0,3.0,268.0,3,16341.46
Rajaji Nagar,2367.0,4.0,340.0,3,14364.17
Rajaji Nagar,1720.0,3.0,224.0,3,13023.26
Rajaji Nagar,1350.0,4.0,230.0,4,17037.04
Rajaji Nagar,1700.0,3.0,200.0,3,11764.71
Rajaji Nagar,1357.0,2.0,123.0,2,9064.11
Rajaji Nagar,2300.0,4.0,240.0,3,10434.78
Rajaji Nagar,2400.0,5.0,408.0,5,17000.0
Rajaji Nagar,2500.0,3.0,340.0,3,13600.0
Rajaji Nagar,2390.0,3.0,372.0,3,15564.85
Rajaji Nagar,2415.0,3.0,399.0,3,16521.74
Rajaji Nagar,1718.0,3.0,275.0,2,16006.98
Rajaji Nagar,1763.0,3.0,240.0,2,13613.16
Rajaji Nagar,2367.0,3.0,320.0,3,13519.22
Rajaji Nagar,2409.0,3.0,395.0,3,16396.85
Rajaji Nagar,1314.0,2.0,225.0,2,17123.29
Rajaji Nagar,1440.0,2.0,165.0,2,11458.33
Rajaji Nagar,1640.0,3.0,245.0,3,14939.02
Rajankunte,3259.0,3.0,270.0,3,8284.75
Rajarajeshwari Nagara,2000.0,3.0,85.0,3,4250.0
Rajarajeshwari nagar,2000.0,3.0,85.0,3,4250.0
Rajasree Layout,1310.0,3.0,90.0,3,6870.23
Rajiv Gandhi Nagar,1170.0,2.0,68.0,2,5811.97
Rajiv Gandhi Nagar,1293.0,2.0,75.0,2,5800.46
Rajiv Gandhi Nagar,1293.0,2.0,80.0,2,6187.16
Rajiv Gandhi Nagar,1293.0,2.0,80.0,2,6187.16
Rajiv Gandhi Nagar,1750.0,3.0,100.0,3,5714.29
Rajiv Nagar,1690.0,3.0,125.0,3,7396.45
Rajiv Nagar,1263.0,2.0,93.32,2,7388.76
Rajiv Nagar,2340.0,4.0,148.0,4,6324.79
Rajiv Nagar,2340.0,5.0,129.0,4,5512.82
Rajiv Nagar,1330.0,2.0,93.0,2,6992.48
Rajiv Nagar,2340.0,5.0,129.0,4,5512.82
Rajiv Nagar,1309.0,2.0,80.0,2,6111.54
Rajiv Nagar,2340.0,4.0,145.0,4,6196.58
Rajiv Nagar,2330.0,5.0,175.0,4,7510.73
Rajiv Nagar,2340.0,5.0,160.0,4,6837.61
Ramagondanahalli,1151.0,2.0,48.77,2,4237.19
Ramagondanahalli,1251.0,2.0,47.0,2,3756.99
Ramagondanahalli,1235.0,2.0,52.04,2,4213.77
Ramagondanahalli,1610.0,2.0,111.0,3,6894.41
Ramagondanahalli,540.0,1.0,30.0,1,5555.56
Ramagondanahalli,1635.0,3.0,62.0,3,3792.05
Ramagondanahalli,1235.0,2.0,46.8,2,3789.47
Ramagondanahalli,1215.0,2.0,51.26,2,4218.93
Ramagondanahalli,2257.0,4.0,157.0,3,6956.14
Ramagondanahalli,1251.0,2.0,47.4,2,3788.97
Ramagondanahalli,1610.0,2.0,115.0,3,7142.86
Ramagondanahalli,920.0,2.0,65.0,2,7065.22
Ramagondanahalli,1215.0,2.0,45.5,2,3744.86
Ramagondanahalli,2800.0,4.0,155.0,4,5535.71
Ramagondanahalli,1253.0,2.0,52.66,2,4202.71
Ramagondanahalli,1295.0,2.0,95.0,2,7335.91
Ramagondanahalli,1151.0,2.0,50.5,2,4387.49
Ramagondanahalli,1235.0,2.0,49.3,2,3991.9
Ramagondanahalli,2257.0,3.0,159.0,3,7044.75
Ramagondanahalli,1295.0,2.0,95.0,2,7335.91
Ramagondanahalli,1451.0,3.0,60.44,3,4165.4
Ramagondanahalli,1910.0,3.0,142.0,3,7434.55
Ramagondanahalli,1215.0,2.0,46.1,2,3794.24
Ramagondanahalli,1475.0,2.0,63.0,3,4271.19
Ramagondanahalli,1251.0,2.0,50.0,2,3996.8
Ramagondanahalli,1610.0,2.0,115.0,3,7142.86
Ramagondanahalli,1151.0,2.0,43.6,2,3788.01
Ramagondanahalli,1635.0,3.0,61.0,3,3730.89
Ramagondanahalli,1251.0,2.0,53.0,2,4236.61
Ramagondanahalli,845.0,2.0,45.82,2,5422.49
Ramagondanahalli,1910.0,3.0,150.0,3,7853.4
Ramagondanahalli,1738.0,2.0,76.0,3,4372.84
Ramagondanahalli,2040.0,3.0,114.0,3,5588.24
Ramagondanahalli,3350.0,3.0,150.0,3,4477.61
Ramagondanahalli,1251.0,2.0,46.0,2,3677.06
Ramagondanahalli,1635.0,3.0,57.0,3,3486.24
Ramagondanahalli,1151.0,2.0,46.0,2,3996.52
Ramagondanahalli,1610.0,2.0,112.0,3,6956.52
Ramagondanahalli,1610.0,2.0,115.0,3,7142.86
Ramagondanahalli,1200.0,3.0,56.1,3,4675.0
Ramagondanahalli,2787.0,5.0,220.0,4,7893.79
Ramagondanahalli,1475.0,2.0,55.0,3,3728.81
Ramagondanahalli,1125.0,2.0,75.0,2,6666.67
Ramagondanahalli,1151.0,2.0,42.5,2,3692.44
Ramagondanahalli,2257.0,3.0,155.0,3,6867.52
Ramagondanahalli,1500.0,3.0,100.0,3,6666.67
Ramagondanahalli,1910.0,3.0,131.0,3,6858.64
Ramakrishnappa Layout,2770.0,4.0,290.0,3,10469.31
Ramakrishnappa Layout,1500.0,2.0,185.0,2,12333.33
Ramakrishnappa Layout,2770.0,4.0,315.0,3,11371.84
Ramakrishnappa Layout,630.0,2.0,70.0,1,11111.11
Ramamurthy Nagar,3700.0,4.0,225.0,4,6081.08
Ramamurthy Nagar,3500.0,5.0,150.0,5,4285.71
Ramamurthy Nagar,1050.0,2.0,37.0,2,3523.81
Ramamurthy Nagar,1040.0,2.0,50.0,2,4807.69
Ramamurthy Nagar,1600.0,3.0,75.0,3,4687.5
Ramamurthy Nagar,1200.0,3.0,72.0,2,6000.0
Ramamurthy Nagar,360.0,1.0,26.0,1,7222.22
Ramamurthy Nagar,950.0,2.0,50.79,2,5346.32
Ramamurthy Nagar,1200.0,2.0,66.0,3,5500.0
Ramamurthy Nagar,1525.0,3.0,100.0,3,6557.38
Ramamurthy Nagar,1200.0,2.0,80.0,2,6666.67
Ramamurthy Nagar,1200.0,2.0,42.0,2,3500.0
Ramamurthy Nagar,1515.0,3.0,65.0,3,4290.43
Ramamurthy Nagar,1100.0,2.0,68.0,2,6181.82
Ramamurthy Nagar,1185.0,2.0,45.5,2,3839.66
Ramamurthy Nagar,1170.0,2.0,46.8,2,4000.0
Ramamurthy Nagar,1150.0,2.0,51.0,2,4434.78
Ramamurthy Nagar,1200.0,2.0,48.0,2,4000.0
Ramamurthy Nagar,3600.0,3.0,150.0,3,4166.67
Ramamurthy Nagar,600.0,3.0,45.0,2,7500.0
Ramamurthy Nagar,1110.0,2.0,65.0,2,5855.86
Ramamurthy Nagar,1410.0,2.0,56.4,3,4000.0
Ramamurthy Nagar,1200.0,2.0,78.0,2,6500.0
Ramamurthy Nagar,1000.0,2.0,41.0,3,4100.0
Ramamurthy Nagar,600.0,1.0,43.0,1,7166.67
Ramamurthy Nagar,1006.0,2.0,57.0,2,5666.0
Ramamurthy Nagar,1200.0,2.0,76.0,2,6333.33
Ramamurthy Nagar,1300.0,2.0,52.0,3,4000.0
Ramamurthy Nagar,1600.0,3.0,75.0,3,4687.5
Ramamurthy Nagar,700.0,2.0,33.0,2,4714.29
Ramamurthy Nagar,1125.0,2.0,47.0,2,4177.78
Ramamurthy Nagar,1000.0,2.0,62.0,2,6200.0
Ramamurthy Nagar,1334.0,2.0,67.0,2,5022.49
Ramamurthy Nagar,1200.0,2.0,46.0,2,3833.33
Ramamurthy Nagar,1200.0,2.0,57.9,2,4825.0
Ramamurthy Nagar,1305.0,3.0,60.0,3,4597.7
Ramamurthy Nagar,1360.0,2.0,45.0,2,3308.82
Ramamurthy Nagar,1170.0,2.0,44.0,2,3760.68
Ramamurthy Nagar,2200.0,4.0,130.0,4,5909.09
Ramamurthy Nagar,1050.0,2.0,51.66,2,4920.0
Ramamurthy Nagar,2916.0,5.0,230.0,4,7887.52
Ramamurthy Nagar,2316.0,3.0,125.0,3,5397.24
Ramamurthy Nagar,1101.0,2.0,50.0,2,4541.33
Ramamurthy Nagar,1150.0,2.0,40.0,2,3478.26
Ramamurthy Nagar,1208.0,2.0,43.5,3,3600.99
Ramamurthy Nagar,1050.0,2.0,37.8,2,3600.0
Ramamurthy Nagar,935.0,2.0,39.0,2,4171.12
Ramamurthy Nagar,1200.0,2.0,68.0,2,5666.67
Ramamurthy Nagar,540.0,1.0,35.0,1,6481.48
Ramamurthy Nagar,960.0,2.0,35.0,2,3645.83
Ramamurthy Nagar Extension,1350.0,3.0,48.6,3,3600.0
Ramamurthy Nagar Extension,1185.0,2.0,42.66,2,3600.0
Ramanashree Enclave,1075.0,2.0,58.0,2,5395.35
Ramanjaneyanagar,1385.0,2.0,48.48,3,3500.36
Ramanjaneyanagar,1300.0,2.0,70.0,3,5384.62
Ramanjaneyanagar,1230.0,2.0,53.51,3,4350.41
Ramanjaneyanagar,1040.0,2.0,36.4,2,3500.0
Ramesh Nagar,1200.0,2.0,90.0,2,7500.0
Rayasandra,1314.0,2.0,63.0,3,4794.52
Rayasandra,1065.0,2.0,44.95,2,4220.66
Rayasandra,1708.0,3.0,75.0,3,4391.1
Rayasandra,1199.0,2.0,48.5,3,4045.04
Rayasandra,1577.0,3.0,67.0,3,4248.57
Rayasandra,1253.0,2.0,57.0,2,4549.08
Rayasandra,583.0,1.0,26.9,1,4614.07
Rayasandra,1198.0,2.0,54.0,2,4507.51
Rayasandra,1555.0,3.0,75.17,3,4834.08
Rayasandra,1458.0,3.0,60.0,3,4115.23
Rayasandra,1179.0,2.0,55.0,3,4664.97
Rayasandra,1601.0,3.0,70.0,3,4372.27
Rayasandra,1708.0,3.0,76.0,4,4449.65
Rayasandra,470.0,1.0,21.0,1,4468.09
Rayasandra,3600.0,5.0,145.0,5,4027.78
Rayasandra,1357.0,2.0,59.0,3,4347.83
Reliaable Tranquil Layout,1508.0,3.0,75.0,3,4973.47
Reliaable Tranquil Layout,1256.0,2.0,65.0,2,5175.16
Reliaable Tranquil Layout,1508.0,3.0,75.0,3,4973.47
Reliaable Tranquil Layout,1508.0,3.0,77.0,3,5106.1
Reliaable Tranquil Layout,1256.0,2.0,65.0,2,5175.16
Richards Town,1550.0,3.0,160.0,3,10322.58
Richards Town,800.0,2.0,85.0,2,10625.0
Richards Town,1100.0,2.0,90.0,2,8181.82
Richmond Town,1352.0,3.0,135.0,3,9985.21
Richmond Town,1233.0,2.0,100.0,2,8110.3
Richmond Town,1100.0,2.0,145.0,3,13181.82
Richmond Town,1835.0,3.0,175.0,3,9536.78
Richmond Town,2380.0,4.0,242.0,4,10168.07
Roopena Agrahara,1050.0,2.0,67.0,2,6380.95
Roopena Agrahara,955.0,2.0,53.55,2,5607.33
Roopena Agrahara,910.0,1.0,42.0,1,4615.38
Roopena Agrahara,1215.0,2.0,49.86,3,4103.7
Rustam Bagh Layout,1170.0,2.0,86.0,2,7350.43
Rustam Bagh Layout,800.0,2.0,50.0,2,6250.0
Rustam Bagh Layout,1490.0,2.0,88.0,3,5906.04
Rustam Bagh Layout,1170.0,2.0,86.0,2,7350.43
SMV layout,1200.0,4.0,145.0,3,12083.33
SRINIVASAPURA,1525.0,3.0,68.63,3,4500.33
Sadanand Nagar,3500.0,4.0,500.0,3,14285.71
Sadaramangala,1394.0,2.0,52.0,2,3730.27
Sadaramangala,1260.0,2.0,62.0,2,4920.63
Sadashiva Nagar,3761.0,3.0,660.0,3,17548.52
Sadashiva Nagar,2780.0,5.0,480.0,4,17266.19
Sadashiva Nagar,2720.0,4.0,485.0,4,17830.88
Sadashiva Nagar,3761.0,3.0,650.0,3,17282.64
Sadashiva Nagar,3850.0,3.0,650.0,3,16883.12
Sadashiva Nagar,7500.0,5.0,1500.0,5,20000.0
Sahakara Nagar,2830.0,3.0,195.0,4,6890.46
Sahakara Nagar,1500.0,2.0,95.0,3,6333.33
Sahakara Nagar,1100.0,2.0,56.0,2,5090.91
Sahakara Nagar,1219.0,2.0,48.0,2,3937.65
Sahakara Nagar,1100.0,2.0,75.0,3,6818.18
Sahakara Nagar,1655.0,3.0,115.0,3,6948.64
Sahakara Nagar,1150.0,2.0,54.0,2,4695.65
Sahakara Nagar,1270.0,2.0,69.85,2,5500.0
Sahakara Nagar,960.0,2.0,56.0,2,5833.33
Sahakara Nagar,1048.0,2.0,50.0,2,4770.99
Sahakara Nagar,1160.0,2.0,55.0,2,4741.38
Sahakara Nagar,1200.0,2.0,75.0,3,6250.0
Sahakara Nagar,1914.0,3.0,179.0,3,9352.14
Sahakara Nagar,1500.0,3.0,125.0,3,8333.33
Sahakara Nagar,1100.0,2.0,55.0,2,5000.0
Sahakara Nagar,1914.0,3.0,149.0,3,7784.74
Sahakara Nagar,1000.0,2.0,60.0,2,6000.0
Sahakara Nagar,2200.0,3.0,98.0,3,4454.55
Sahakara Nagar,1175.0,2.0,49.0,2,4170.21
Sahakara Nagar,1370.0,2.0,90.0,3,6569.34
Sahakara Nagar,1100.0,2.0,55.0,2,5000.0
Sahakara Nagar,1100.0,2.0,75.0,3,6818.18
Sahakara Nagar,1180.0,2.0,72.0,2,6101.69
Sahakara Nagar,1200.0,2.0,60.0,2,5000.0
Sahakara Nagar,1032.0,2.0,45.0,2,4360.47
Sahakara Nagar,1200.0,2.0,46.0,2,3833.33
Sahakara Nagar,1270.0,2.0,96.0,2,7559.06
Sahakara Nagar,1201.0,2.0,80.0,2,6661.12
Sahakara Nagar,1200.0,2.0,54.0,2,4500.0
Sahakara Nagar,1291.0,2.0,72.3,2,5600.31
Sai Gardens,1339.0,2.0,55.0,2,4107.54
Sai Gardens,1686.0,3.0,77.0,3,4567.02
Samethanahalli,799.0,2.0,38.0,2,4755.94
Samethanahalli,799.0,2.0,35.0,2,4380.48
Sampangi Rama Nagar,1200.0,2.0,125.0,2,10416.67
Sampigehalli,1592.0,3.0,75.0,3,4711.06
Sampigehalli,1200.0,2.0,61.0,2,5083.33
Sanjay nagar,1000.0,2.0,70.0,2,7000.0
Sanjay nagar,1100.0,2.0,98.0,2,8909.09
Sanjay nagar,1150.0,2.0,72.2,2,6278.26
Sanjay nagar,1800.0,3.0,180.0,3,10000.0
Sanjay nagar,630.0,1.0,35.0,2,5555.56
Sanjay nagar,1900.0,2.0,180.0,3,9473.68
Sanjay nagar,1575.0,2.0,90.0,2,5714.29
Sanjay nagar,1450.0,3.0,75.0,3,5172.41
Sanjay nagar,1200.0,2.0,76.0,3,6333.33
Sanjay nagar,960.0,2.0,55.0,2,5729.17
Sanjay nagar,1050.0,2.0,59.0,2,5619.05
Sanjay nagar,1150.0,2.0,70.0,2,6086.96
Sanjay nagar,1500.0,3.0,150.0,3,10000.0
Sanjay nagar,1180.0,2.0,80.0,2,6779.66
Sanne Amanikere,655.0,1.0,27.0,1,4122.14
Sanne Amanikere,1455.0,2.0,45.0,3,3092.78
Sarakki Nagar,2121.0,4.0,253.0,3,11928.34
Sarakki Nagar,2289.0,3.0,260.0,3,11358.67
Sarakki Nagar,2500.0,4.0,325.0,3,13000.0
Sarakki Nagar,2145.0,4.0,270.0,3,12587.41
Sarakki Nagar,1200.0,3.0,128.0,3,10666.67
Sarakki Nagar,2663.0,4.0,338.0,3,12692.45
Sarakki Nagar,1840.0,4.0,175.0,3,9510.87
Sarakki Nagar,3131.0,4.0,349.0,4,11146.6
Sarakki Nagar,3126.0,5.0,345.0,4,11036.47
Sarakki Nagar,3124.0,6.0,349.0,4,11171.57
Sarjapur,2250.0,3.0,148.0,3,6577.78
Sarjapur,1600.0,3.0,75.0,3,4687.5
Sarjapur,1242.5,2.0,43.49,2,3500.2
Sarjapur,913.0,2.0,32.0,2,3504.93
Sarjapur,1128.0,2.0,60.0,2,5319.15
Sarjapur,1185.0,2.0,47.0,2,3966.24
Sarjapur,900.0,2.0,42.0,3,4666.67
Sarjapur,649.5,1.0,17.535,1,2699.77
Sarjapur,1020.0,2.0,35.0,2,3431.37
Sarjapur,1195.0,2.0,42.0,2,3514.64
Sarjapur,1240.0,2.0,44.0,2,3548.39
Sarjapur,1550.0,2.0,65.0,4,4193.55
Sarjapur,950.0,2.0,32.5,2,3421.05
Sarjapur,1285.0,2.0,68.0,3,5291.83
Sarjapur,1525.0,2.0,48.0,3,3147.54
Sarjapur,925.0,2.0,25.0,2,2702.7
Sarjapur,3190.0,3.0,160.0,4,5015.67
Sarjapur,1215.0,2.0,40.0,2,3292.18
Sarjapur,2540.0,4.0,115.0,4,4527.56
Sarjapur,1200.0,3.0,78.0,3,6500.0
Sarjapur,1000.0,2.0,30.0,2,3000.0
Sarjapur,1157.0,2.0,40.0,2,3457.22
Sarjapur,2238.0,3.0,140.0,3,6255.59
Sarjapur,2020.0,3.0,85.0,3,4207.92
Sarjapur,2885.0,3.0,185.0,4,6412.48
Sarjapur,1917.0,3.0,60.0,4,3129.89
Sarjapur,1240.0,2.0,44.3,2,3572.58
Sarjapur,625.0,1.0,19.0,1,3040.0
Sarjapur,2585.5,4.0,139.5,4,5395.47
Sarjapur,940.0,2.0,25.38,2,2700.0
Sarjapur,2100.0,3.0,125.0,4,5952.38
Sarjapur,913.0,2.0,36.0,2,3943.04
Sarjapur,1404.0,2.0,53.35,3,3799.86
Sarjapur,1830.0,3.0,88.0,3,4808.74
Sarjapur,1364.0,2.0,56.0,3,4105.57
Sarjapur,1124.0,2.0,30.35,2,2700.18
Sarjapur,1044.0,2.0,32.0,2,3065.13
Sarjapur,650.0,1.0,19.87,1,3056.92
Sarjapur,1175.0,2.0,42.0,2,3574.47
Sarjapur,1240.0,2.0,43.1,2,3475.81
Sarjapur,1170.0,2.0,35.41,3,3026.5
Sarjapur,1032.0,2.0,42.0,2,4069.77
Sarjapur,1044.0,2.0,34.0,2,3256.7
Sarjapur,1200.0,3.0,76.13,3,6344.17
Sarjapur,1200.0,2.0,62.0,2,5166.67
Sarjapur,900.0,2.0,27.98,2,3108.89
Sarjapur,2970.0,3.0,130.0,4,4377.1
Sarjapur,1205.0,2.0,29.0,2,2406.64
Sarjapur,850.0,2.0,32.0,2,3764.71
Sarjapur,1175.0,2.0,41.68,2,3547.23
Sarjapur,1575.0,3.0,55.0,3,3492.06
Sarjapur,920.0,2.0,33.0,2,3586.96
Sarjapur,1445.0,3.0,50.0,3,3460.21
Sarjapur,1150.0,2.0,41.0,2,3565.22
Sarjapur,1200.0,2.0,42.6,2,3550.0
Sarjapur,1333.0,3.0,50.0,3,3750.94
Sarjapur,1044.0,2.0,36.0,2,3448.28
Sarjapur,950.0,2.0,35.0,2,3684.21
Sarjapur,2585.5,4.0,115.0,4,4447.88
Sarjapur,2172.0,3.0,100.0,3,4604.05
Sarjapur,633.0,1.0,17.09,1,2699.84
Sarjapur,1500.0,5.0,95.0,3,6333.33
Sarjapur,1451.0,2.0,87.0,2,5995.86
Sarjapur,2400.0,3.0,140.0,4,5833.33
Sarjapur,1525.0,2.0,68.0,3,4459.02
Sarjapur,1095.0,2.0,45.0,2,4109.59
Sarjapur,1425.0,3.0,57.0,3,4000.0
Sarjapur  Road,2497.0,3.0,140.0,3,5606.73
Sarjapur  Road,1787.0,3.0,98.29,3,5500.28
Sarjapur  Road,1787.0,3.0,125.0,3,6994.96
Sarjapur  Road,984.0,2.0,44.28,2,4500.0
Sarjapur  Road,1035.0,2.0,49.2,2,4753.62
Sarjapur  Road,1863.0,3.0,104.0,4,5582.39
Sarjapur  Road,1000.0,2.0,67.0,2,6700.0
Sarjapur  Road,1346.0,2.0,74.03,2,5500.0
Sarjapur  Road,1195.0,2.0,70.0,2,5857.74
Sarjapur  Road,1550.0,3.0,100.0,3,6451.61
Sarjapur  Road,2100.0,3.0,125.0,3,5952.38
Sarjapur  Road,1210.0,2.0,58.0,2,4793.39
Sarjapur  Road,1691.0,3.0,113.0,3,6682.44
Sarjapur  Road,1278.0,2.0,95.0,2,7433.49
Sarjapur  Road,2238.0,3.0,140.0,3,6255.59
Sarjapur  Road,1115.0,2.0,50.0,2,4484.3
Sarjapur  Road,1403.0,3.0,55.0,3,3920.17
Sarjapur  Road,1346.0,2.0,61.92,2,4600.3
Sarjapur  Road,1984.0,4.0,146.0,3,7358.87
Sarjapur  Road,1035.0,2.0,45.0,2,4347.83
Sarjapur  Road,1128.0,2.0,59.0,2,5230.5
Sarjapur  Road,1495.0,2.0,64.0,3,4280.94
Sarjapur  Road,1700.0,3.0,110.0,3,6470.59
Sarjapur  Road,1157.0,2.0,75.0,3,6482.28
Sarjapur  Road,1282.0,2.0,72.0,2,5616.22
Sarjapur  Road,4111.0,4.0,310.0,4,7540.74
Sarjapur  Road,3430.0,6.0,228.5,4,6661.81
Sarjapur  Road,3900.0,4.0,300.0,4,7692.31
Sarjapur  Road,1300.0,2.0,60.0,2,4615.38
Sarjapur  Road,1000.0,2.0,40.0,2,4000.0
Sarjapur  Road,1050.0,2.0,62.0,2,5904.76
Sarjapur  Road,1700.0,3.0,135.0,3,7941.18
Sarjapur  Road,1691.0,3.0,119.0,3,7037.26
Sarjapur  Road,1846.0,3.0,140.0,3,7583.97
Sarjapur  Road,1200.0,3.0,95.0,3,7916.67
Sarjapur  Road,1929.0,4.0,103.0,3,5339.55
Sarjapur  Road,1155.0,2.0,58.0,2,5021.65
Sarjapur  Road,1819.0,3.0,100.0,3,5497.53
Sarjapur  Road,1845.0,4.0,110.0,3,5962.06
Sarjapur  Road,1233.0,2.0,77.65,2,6297.65
Sarjapur  Road,1525.0,2.0,60.0,3,3934.43
Sarjapur  Road,4395.0,4.0,242.0,4,5506.26
Sarjapur  Road,1220.0,3.0,56.0,3,4590.16
Sarjapur  Road,3750.0,6.0,290.0,4,7733.33
Sarjapur  Road,1428.0,2.0,66.0,3,4621.85
Sarjapur  Road,1680.0,3.0,112.0,3,6666.67
Sarjapur  Road,1255.0,2.0,92.0,2,7330.68
Sarjapur  Road,1220.0,3.0,58.0,3,4754.1
Sarjapur  Road,1311.0,2.0,78.0,2,5949.66
Sarjapur  Road,1220.0,3.0,56.0,3,4590.16
Sarjapur  Road,1157.0,2.0,75.0,3,6482.28
Sarjapur  Road,1145.0,2.0,75.0,2,6550.22
Sarjapur  Road,1300.0,2.0,70.0,3,5384.62
Sarjapur  Road,1390.0,2.0,62.0,2,4460.43
Sarjapur  Road,1725.0,3.0,90.0,3,5217.39
Sarjapur  Road,2180.0,3.0,170.0,3,7798.17
Sarjapur  Road,1084.0,2.0,55.0,2,5073.8
Sarjapur  Road,1220.0,3.0,62.0,3,5081.97
Sarjapur  Road,1750.0,3.0,110.0,3,6285.71
Sarjapur  Road,1888.0,4.0,95.0,3,5031.78
Sarjapur  Road,1300.0,3.0,60.0,3,4615.38
Sarjapur  Road,1200.0,3.0,70.0,3,5833.33
Sarjapur  Road,2600.0,3.0,200.0,3,7692.31
Sarjapur  Road,685.0,1.0,40.0,1,5839.42
Sarjapur  Road,915.0,2.0,38.0,2,4153.01
Sarjapur  Road,1241.0,2.0,82.0,2,6607.57
Sarjapur  Road,984.0,2.0,45.91,2,4665.65
Sarjapur  Road,1400.0,2.0,68.0,2,4857.14
Sarjapur  Road,835.0,1.0,46.95,1,5622.75
Sarjapur  Road,1280.0,2.0,76.0,2,5937.5
Sarjapur  Road,1145.0,2.0,49.5,2,4323.14
Sarjapur  Road,1470.0,3.0,62.0,3,4217.69
Sarjapur  Road,1263.0,2.0,78.0,2,6175.77
Sarjapur  Road,1691.0,3.0,98.0,3,5795.39
Sarjapur  Road,3416.5,6.0,143.0,4,4185.57
Sarjapur  Road,1308.0,2.0,83.0,2,6345.57
Sarjapur  Road,1592.0,3.0,91.0,3,5716.08
Sarjapur  Road,1016.0,2.0,45.0,2,4429.13
Sarjapur  Road,1150.0,2.0,77.0,2,6695.65
Sarjapur  Road,1965.0,3.0,120.0,3,6106.87
Sarjapur  Road,2275.0,4.0,180.0,3,7912.09
Sarjapur  Road,985.0,2.0,49.0,2,4974.62
Sarjapur  Road,1418.0,2.0,78.0,2,5500.71
Sarjapur  Road,1200.0,2.0,93.0,2,7750.0
Sarjapur  Road,1586.0,3.0,70.0,3,4413.62
Sarjapur  Road,1260.0,2.0,53.0,2,4206.35
Sarjapur  Road,1115.0,2.0,60.0,2,5381.17
Sarjapur  Road,1525.0,2.0,87.0,3,5704.92
Sarjapur  Road,1346.0,2.0,71.32,2,5298.66
Sarjapur  Road,915.0,2.0,37.0,2,4043.72
Sarjapur  Road,715.0,1.0,29.0,1,4055.94
Sarjapur  Road,1230.0,2.0,94.5,2,7682.93
Sarjapur  Road,1750.0,3.0,99.0,3,5657.14
Sarjapur  Road,1145.0,2.0,62.0,2,5414.85
Sarjapur  Road,1500.0,3.0,88.0,3,5866.67
Sarjapur  Road,1190.0,2.0,50.0,2,4201.68
Sarjapur  Road,1846.0,3.0,145.0,3,7854.82
Sarjapur  Road,1067.0,2.0,60.0,2,5623.24
Sarjapur  Road,3200.0,5.0,140.0,5,4375.0
Sarjapur  Road,1700.0,3.0,95.0,3,5588.24
Sarjapur  Road,1230.0,2.0,65.0,2,5284.55
Sarjapur  Road,1939.0,3.0,98.0,3,5054.15
Sarjapur  Road,2556.0,3.0,169.0,3,6611.89
Sarjapur  Road,1278.0,2.0,90.0,2,7042.25
Sarjapur  Road,984.0,2.0,45.91,2,4665.65
Sarjapur  Road,1305.0,2.0,99.0,2,7586.21
Sarjapur  Road,1755.0,3.0,122.0,3,6951.57
Sarjapur  Road,1173.0,2.0,45.75,3,3900.26
Sarjapur  Road,1120.0,2.0,50.0,2,4464.29
Sarjapur  Road,1530.0,2.0,60.0,3,3921.57
Sarjapur  Road,1700.0,3.0,93.5,3,5500.0
Sarjapur  Road,1403.0,3.0,56.0,3,3991.45
Sarjapur  Road,1060.0,2.0,55.0,2,5188.68
Sarjapur  Road,1455.0,2.0,98.0,3,6735.4
Sarjapur  Road,1850.0,3.0,140.0,3,7567.57
Sarjapur  Road,950.0,1.0,39.9,1,4200.0
Sarjapur  Road,1826.0,3.0,130.0,3,7119.39
Sarjapur  Road,1115.0,2.0,50.0,2,4484.3
Sarjapur  Road,1220.0,3.0,58.0,3,4754.1
Sarjapur  Road,1660.0,2.0,116.0,3,6987.95
Sarjapur  Road,1700.0,3.0,108.0,3,6352.94
Sarjapur  Road,1489.0,2.0,82.0,3,5507.05
Sarjapur  Road,1550.0,2.0,69.75,3,4500.0
Sarjapur  Road,1200.0,2.0,75.0,2,6250.0
Sarjapur  Road,1115.0,2.0,50.0,2,4484.3
Sarjapur  Road,1308.0,2.0,58.86,2,4500.0
Sarjapur  Road,920.0,2.0,40.0,2,4347.83
Sarjapur  Road,3044.0,3.0,183.0,3,6011.83
Sarjapur  Road,1163.0,2.0,62.0,3,5331.04
Sarjapur  Road,1877.0,4.0,150.0,3,7991.48
Sarjapur  Road,1115.0,2.0,50.0,2,4484.3
Sarjapur  Road,1229.0,2.0,70.0,2,5695.69
Sarjapur  Road,1711.0,3.0,110.0,3,6428.99
Sarjapur  Road,1115.0,2.0,50.0,2,4484.3
Sarjapur  Road,1220.0,3.0,57.0,3,4672.13
Sarjapur  Road,1050.0,2.0,63.5,2,6047.62
Sarjapur  Road,1350.0,2.0,102.0,2,7555.56
Sarjapur  Road,1035.0,2.0,49.0,2,4734.3
Sarjapur  Road,1457.0,3.0,85.0,3,5833.91
Sarjapur  Road,1685.0,3.0,135.0,3,8011.87
Sarjapur  Road,1350.0,2.0,68.0,2,5037.04
Sarjapur  Road,1200.0,3.0,70.0,3,5833.33
Sarjapur  Road,1157.0,2.0,53.99,3,4666.38
Sarjapur  Road,1385.0,3.0,55.0,3,3971.12
Sarjapur  Road,1700.0,3.0,79.9,3,4700.0
Sarjapur  Road,984.0,2.0,55.0,2,5589.43
Sarjapur  Road,1864.0,3.0,105.0,4,5633.05
Sarjapur  Road,1157.0,2.0,57.84,3,4999.14
Sarjapur  Road,3385.5,6.0,142.0,4,4194.36
Sarjapur  Road,1320.0,2.0,100.0,2,7575.76
Sarjapur  Road,1984.0,4.0,145.0,3,7308.47
Sarjapur  Road,1800.0,3.0,90.0,4,5000.0
Sarjapur  Road,1550.0,2.0,89.0,3,5741.94
Sarjapur  Road,2425.0,5.0,201.0,4,8288.66
Sarjapur  Road,1691.0,3.0,113.0,3,6682.44
Sarjapur  Road,1400.0,3.0,55.0,3,3928.57
Sarjapur  Road,2070.0,4.0,160.0,3,7729.47
Sarjapur  Road,1220.0,3.0,56.0,3,4590.16
Sarjapur  Road,1435.0,3.0,90.0,3,6271.78
Sarjapur  Road,1194.0,2.0,51.0,2,4271.36
Sarjapur  Road,1262.0,2.0,67.0,2,5309.03
Sarjapur  Road,1693.0,3.0,125.0,3,7383.34
Sarjapur  Road,1826.0,3.0,125.0,3,6845.56
Sarjapur  Road,1660.0,3.0,116.0,3,6987.95
Sarjapur  Road,1060.0,2.0,50.0,2,4716.98
Sarjapur  Road,1830.0,3.0,119.0,3,6502.73
Sarjapur  Road,984.0,2.0,45.91,2,4665.65
Sarjapur  Road,1929.0,4.0,101.0,3,5235.87
Sarjapur  Road,1525.0,2.0,65.0,3,4262.3
Sarjapur  Road,2900.0,4.0,240.0,4,8275.86
Sarjapur  Road,1059.0,2.0,68.0,2,6421.15
Sarjapur  Road,1577.0,3.0,65.0,3,4121.75
Sarjapur  Road,1157.0,2.0,74.0,3,6395.85
Sarjapur  Road,1700.0,3.0,118.0,3,6941.18
Sarjapur  Road,1691.0,3.0,120.0,3,7096.39
Sarjapur  Road,1929.0,3.0,103.0,3,5339.55
Sarjapur  Road,1308.0,2.0,75.0,2,5733.94
Sarjapur  Road,1580.0,3.0,125.0,3,7911.39
Sarjapur  Road,1797.0,4.0,95.0,3,5286.59
Sarjapur  Road,1763.25,3.0,98.0,3,5557.92
Sarjapur  Road,1826.0,3.0,130.0,3,7119.39
Sarjapur  Road,1550.0,2.0,98.0,3,6322.58
Sarjapur  Road,1145.0,2.0,49.5,2,4323.14
Sarjapur  Road,1450.0,2.0,75.0,3,5172.41
Sarjapur  Road,1819.0,3.0,100.0,3,5497.53
Sarjapur  Road,984.0,2.0,59.0,2,5995.93
Sarjapur  Road,1489.0,3.0,88.0,3,5910.01
Sarjapur  Road,702.0,1.0,52.0,1,7407.41
Sarjapur  Road,1242.0,2.0,75.0,2,6038.65
Sarjapur  Road,2275.0,4.0,185.0,3,8131.87
Sarjapur  Road,2100.0,3.0,135.0,3,6428.57
Sarjapur  Road,1700.0,3.0,93.5,3,5500.0
Sarjapur  Road,1862.0,4.0,110.0,3,5907.63
Sarjapur  Road,2275.0,4.0,175.0,3,7692.31
Sarjapur  Road,1787.0,3.0,116.0,3,6491.33
Sarjapur  Road,1691.0,3.0,93.01,3,5500.3
Sarjapur  Road,1028.0,2.0,56.0,2,5447.47
Sarjapur  Road,4395.0,4.0,242.0,4,5506.26
Sarjapur  Road,1181.0,2.0,65.0,3,5503.81
Sarjapur  Road,1691.0,3.0,100.0,3,5913.66
Sarjapur  Road,1026.0,2.0,60.55,2,5901.56
Sarjapur  Road,1350.0,2.0,85.0,2,6296.3
Sarjapur  Road,1157.0,2.0,72.0,3,6222.99
Sarjapur  Road,1019.0,2.0,62.0,2,6084.4
Sarjapur  Road,691.0,1.0,31.1,1,4500.72
Sarjapur  Road,994.0,2.0,45.0,2,4527.16
Sarjapur  Road,3913.0,5.0,176.0,4,4497.83
Sarjapur  Road,1130.0,2.0,55.0,2,4867.26
Sarjapur  Road,1881.0,3.0,145.0,3,7708.67
Sarjapur  Road,2275.0,4.0,182.0,3,8000.0
Sarjapur  Road,1525.0,2.0,65.0,3,4262.3
Sarjapur  Road,1346.0,2.0,67.38,2,5005.94
Sarjapur  Road,1881.0,3.0,145.0,3,7708.67
Sarjapur  Road,1045.0,2.0,42.15,2,4033.49
Sarjapur  Road,2880.0,3.0,211.0,4,7326.39
Sarjapur  Road,984.0,2.0,45.91,2,4665.65
Sarjapur  Road,675.0,1.0,27.0,1,4000.0
Sarjapur  Road,1346.0,2.0,74.03,2,5500.0
Sarjapur  Road,1691.0,3.0,119.0,3,7037.26
Sarjapur  Road,1335.0,2.0,95.0,2,7116.1
Sarjapur  Road,1525.0,2.0,63.0,3,4131.15
Sarjapur  Road,1680.0,3.0,126.0,3,7500.0
Sarjapur  Road,1222.0,2.0,68.0,3,5564.65
Sarjapur  Road,3420.0,4.0,225.0,4,6578.95
Sarjapur  Road,1510.0,2.0,110.0,3,7284.77
Sarjapur  Road,1242.0,2.0,78.0,2,6280.19
Sarjapur  Road,1665.0,3.0,74.93,3,4500.3
Sarjapur  Road,1129.0,2.0,69.0,2,6111.6
Sarjapur  Road,1850.0,3.0,140.0,3,7567.57
Sarjapur  Road,1113.0,2.0,44.5,2,3998.2
Sarjapur  Road,1879.0,3.0,155.0,3,8249.07
Sarjapur  Road,1157.0,2.0,75.0,3,6482.28
Sarjapur  Road,2425.0,5.0,175.0,4,7216.49
Sarjapur  Road,1323.0,2.0,74.0,2,5593.35
Sarjapur  Road,2289.0,3.0,178.0,3,7776.32
Sarjapur  Road,1505.0,2.0,60.0,3,3986.71
Sarjapur  Road,1314.0,2.0,70.44,3,5360.73
Sarjapur  Road,2100.0,3.0,130.0,3,6190.48
Sarjapur  Road,702.0,1.0,35.8,1,5099.72
Sarjapur  Road,1115.0,2.0,50.0,2,4484.3
Sarjapur  Road,1800.0,3.0,128.0,3,7111.11
Sarjapur  Road,2275.0,4.0,187.0,3,8219.78
Sarjapur  Road,1270.0,2.0,54.0,3,4251.97
Sarjapur  Road,1026.0,2.0,60.8,2,5925.93
Sarjapur  Road,1025.0,2.0,45.5,2,4439.02
Sarjapur  Road,1216.0,2.0,70.0,2,5756.58
Sarjapur  Road,1112.0,2.0,62.0,2,5575.54
Sarjapur  Road,1273.0,2.0,60.0,2,4713.28
Sarjapur  Road,1157.0,2.0,69.0,3,5963.7
Sarjapur  Road,1000.0,2.0,40.0,2,4000.0
Sarjapur  Road,1026.0,2.0,60.8,2,5925.93
Sarjapur  Road,1150.0,2.0,48.5,2,4217.39
Sarjapur  Road,1600.0,3.0,120.0,3,7500.0
Sarjapur  Road,1370.0,2.0,70.0,2,5109.49
Sarjapur  Road,1346.0,2.0,74.03,2,5500.0
Sarjapur  Road,475.0,1.0,26.0,1,5473.68
Sarjapur  Road,1197.0,2.0,56.86,2,4750.21
Sarjapur  Road,3040.0,4.0,135.0,4,4440.79
Sarjapur  Road,1660.0,2.0,116.0,3,6987.95
Sarjapur  Road,1194.0,2.0,57.0,2,4773.87
Sarjapur  Road,984.0,2.0,45.75,2,4649.39
Sarjapur  Road,1346.0,2.0,69.61,2,5171.62
Sarjapur  Road,2089.0,3.0,148.0,3,7084.73
Sarjapur  Road,1612.0,3.0,98.38,3,6102.98
Sarjapur  Road,1290.0,2.0,88.0,2,6821.71
Sarjapur  Road,1371.0,2.0,86.0,2,6272.79
Sarjapur  Road,2140.0,3.0,139.0,3,6495.33
Sarjapur  Road,1044.0,2.0,55.0,2,5268.2
Sarjapur  Road,1600.0,3.0,85.0,3,5312.5
Sarjapur  Road,2180.0,4.0,180.0,3,8256.88
Sarjapur  Road,1691.0,3.0,119.0,3,7037.26
Sarjapur  Road,2206.0,4.0,180.0,3,8159.56
Sarjapur  Road,1309.0,2.0,69.5,2,5309.4
Sarjapur  Road,1691.0,3.0,100.0,3,5913.66
Sarjapur  Road,1367.0,2.0,80.0,2,5852.23
Sarjapur  Road,1565.0,3.0,78.0,3,4984.03
Sarjapur  Road,4395.0,4.0,242.0,4,5506.26
Sarjapur  Road,1984.0,4.0,148.0,3,7459.68
Sarjapur  Road,1035.0,2.0,47.0,2,4541.06
Sarjapur  Road,1346.0,2.0,74.03,2,5500.0
Sarjapur  Road,1115.0,2.0,50.0,2,4484.3
Sarjapur  Road,1112.0,2.0,58.0,2,5215.83
Sarjapur  Road,3500.0,3.0,275.0,3,7857.14
Sarjapur  Road,1850.0,3.0,89.0,3,4810.81
Sarjapur  Road,1132.0,2.0,70.0,2,6183.75
Sarjapur  Road,1380.0,2.0,55.0,3,3985.51
Sarjapur  Road,2425.0,5.0,195.0,4,8041.24
"Sarjapur Road, ",1929.0,3.0,115.0,3,5961.64
"Sarjapur Road, ",2425.0,4.0,173.0,4,7134.02
"Sarjapur Road, ",1636.0,3.0,97.0,3,5929.1
"Sarjapur Road, ",1936.0,3.0,139.0,3,7179.75
"Sarjapur Road, ",1275.0,2.0,76.0,2,5960.78
"Sarjapur Road, ",1182.0,2.0,64.0,2,5414.55
Sarjapura - Attibele Road,1330.0,2.0,48.0,3,3609.02
Sarjapura - Attibele Road,1329.0,2.0,45.95,3,3457.49
Sarjapura - Attibele Road,829.0,2.0,22.8,2,2750.3
Sarjapura - Attibele Road,2400.0,3.0,85.0,3,3541.67
Sarjapura - Attibele Road,1033.0,2.0,28.41,2,2750.24
Sarjapura - Attibele Road,1676.0,3.0,52.0,3,3102.63
Sarjapura - Attibele Road,1800.0,3.0,90.0,3,5000.0
Sarjapura - Attibele Road,1308.0,2.0,37.0,2,2828.75
Sarjapura - Attibele Road,1073.0,2.0,31.77,2,2960.86
Sarjapura - Attibele Road,1330.0,2.0,49.0,3,3684.21
Sarjapura - Attibele Road,1090.0,2.0,37.0,2,3394.5
Sarjapura - Attibele Road,1126.0,2.0,36.0,2,3197.16
Sarjapura - Attibele Road,740.0,1.0,23.65,1,3195.95
Sarjapura - Attibele Road,1555.0,3.0,52.0,3,3344.05
Sarvabhouma Nagar,500.0,1.0,24.0,1,4800.0
Sarvabhouma Nagar,1012.0,2.0,42.0,2,4150.2
Sathya Layout,1504.0,2.0,100.0,3,6648.94
Sathya Layout,1504.0,2.0,102.0,3,6781.91
Sathya Sai Layout,4104.0,4.0,360.0,4,8771.93
Sathya Sai Layout,4041.0,4.0,345.0,4,8537.49
Sathya Sai Layout,6652.0,6.0,510.0,4,7666.87
Sathya Sai Layout,6652.0,6.0,660.0,4,9921.83
Sathya Sai Layout,6688.0,6.0,700.0,4,10466.51
Sector 1 HSR Layout,1840.0,3.0,155.0,3,8423.91
Sector 1 HSR Layout,1533.0,3.0,150.0,3,9784.74
Sector 1 HSR Layout,600.0,2.0,120.0,2,20000.0
Sector 1 HSR Layout,1804.0,3.0,150.0,3,8314.86
Sector 1 HSR Layout,1720.0,3.0,83.0,3,4825.58
Sector 1 HSR Layout,1684.0,3.0,86.0,3,5106.89
Sector 2 HSR Layout,1296.0,2.0,75.0,2,5787.04
Sector 2 HSR Layout,794.0,1.0,60.0,1,7556.68
Sector 2 HSR Layout,1143.0,2.0,65.0,2,5686.79
Sector 2 HSR Layout,1332.0,2.0,101.0,2,7582.58
Sector 2 HSR Layout,1600.0,3.0,90.0,3,5625.0
Sector 2 HSR Layout,1095.0,2.0,85.41,2,7800.0
Sector 2 HSR Layout,1231.0,2.0,66.0,2,5361.49
Sector 6 HSR Layout,3800.0,3.0,580.0,3,15263.16
Sector 7 HSR Layout,3000.0,5.0,275.0,4,9166.67
Sector 7 HSR Layout,1163.0,2.0,98.86,2,8500.43
Sector 7 HSR Layout,1760.0,3.0,145.0,3,8238.64
Sector 7 HSR Layout,3900.0,3.0,300.0,3,7692.31
Sector 7 HSR Layout,1163.0,2.0,98.86,2,8500.43
Sector 7 HSR Layout,1342.0,2.0,115.0,2,8569.3
Sector 7 HSR Layout,1760.0,3.0,160.0,3,9090.91
Sector 7 HSR Layout,1760.0,3.0,142.0,3,8068.18
Sector 7 HSR Layout,2400.0,2.0,195.0,3,8125.0
Sector 7 HSR Layout,1760.0,3.0,185.0,3,10511.36
Sector 7 HSR Layout,1162.0,2.0,98.77,2,8500.0
Seegehalli,901.0,2.0,35.14,2,3900.11
Seegehalli,1150.0,2.0,42.9,3,3730.43
Seegehalli,800.0,1.0,50.0,2,6250.0
Seegehalli,1525.0,3.0,65.0,3,4262.3
Seegehalli,1118.0,2.0,37.5,2,3354.2
Seegehalli,1200.0,2.0,62.0,3,5166.67
Seegehalli,1155.0,2.0,72.0,2,6233.77
Seegehalli,1830.0,4.0,82.0,3,4480.87
Seegehalli,4000.0,3.0,235.0,3,5875.0
Seegehalli,3000.0,5.0,150.0,4,5000.0
Seegehalli,2800.0,4.0,140.0,4,5000.0
Seegehalli,1096.0,2.0,41.0,2,3740.88
Seegehalli,1420.0,2.0,46.0,3,3239.44
Seegehalli,920.0,2.0,27.0,2,2934.78
Seegehalli,1553.0,3.0,68.0,3,4378.62
Seegehalli,1639.0,3.0,120.0,3,7321.54
Seegehalli,3000.0,4.0,235.0,3,7833.33
Seegehalli,1134.0,2.0,45.0,2,3968.25
Seegehalli,1683.0,3.0,80.0,3,4753.42
Seegehalli,1176.0,2.0,50.0,2,4251.7
Seegehalli,3000.0,4.0,240.0,3,8000.0
Seetharampalya,1515.0,3.0,88.0,3,5808.58
Seetharampalya,1166.0,2.0,53.0,2,4545.45
Seetharampalya,1100.0,2.0,55.0,2,5000.0
Seetharampalya,1350.0,3.0,68.0,3,5037.04
Seetharampalya,1500.0,3.0,90.0,3,6000.0
Seetharampalya,1360.0,2.0,73.0,3,5367.65
Seshadripuram,600.0,3.0,75.0,2,12500.0
Seshadripuram,1217.0,2.0,164.0,2,13475.76
Shampura,2650.0,4.0,150.0,4,5660.38
Shampura,1200.0,2.0,53.0,2,4416.67
Shampura,700.0,1.0,35.0,2,5000.0
Shampura,1400.0,3.0,70.0,3,5000.0
Shampura,1475.0,3.0,78.0,3,5288.14
Shampura,1700.0,3.0,75.0,3,4411.76
Shankarapuram,3060.0,4.0,350.0,4,11437.91
Shankarapuram,925.0,2.0,100.0,2,10810.81
Shanthala Nagar,1630.0,2.0,200.0,2,12269.94
Shanthala Nagar,1450.0,1.0,230.0,2,15862.07
Shanthala Nagar,1600.0,3.0,180.0,3,11250.0
Shanthi Layout,1280.0,3.0,87.0,3,6796.88
Shanti Nagar,1602.0,2.0,165.0,3,10299.63
Shanti Nagar,1602.0,2.0,170.0,3,10611.74
Shanti Nagar,1130.0,2.0,75.0,2,6637.17
Shanti Nagar,2250.0,3.0,180.0,3,8000.0
Shantiniketan Layout,1500.0,2.0,115.0,2,7666.67
Shantiniketan Layout,2072.0,3.0,108.0,3,5212.36
Shantiniketan Layout,925.0,2.0,48.0,2,5189.19
Shantiniketan Layout,2710.0,5.0,142.0,4,5239.85
Shettigere,660.0,1.0,35.0,1,5303.03
Shetty Halli,8000.0,5.0,550.0,5,6875.0
Shikaripalya,1121.0,2.0,43.72,2,3900.09
Shikaripalya,1442.0,3.0,56.24,3,3900.14
Shikaripalya,1555.0,2.0,67.0,3,4308.68
Shikaripalya,1532.0,3.0,59.75,3,3900.13
Shikaripalya,1025.0,2.0,39.98,2,3900.49
Shingapura,1255.0,2.0,60.0,3,4780.88
Shivaji Nagar,850.0,2.0,55.0,2,6470.59
Shivaji Nagar,1554.0,3.0,130.0,2,8365.51
Shivaji Nagar,3820.0,1.0,306.0,1,8010.47
Shivaji Nagar,703.0,2.0,49.5,2,7041.25
Shivaji Nagar,1460.0,2.0,90.0,3,6164.38
Shivaji Nagar,600.0,1.0,65.0,2,10833.33
Shree Ananth Nagar Layout,2040.0,2.0,59.0,2,2892.16
Shree Ananth Nagar Layout,1176.0,2.0,45.0,3,3826.53
Shree Ananth Nagar Layout,1080.0,2.0,38.0,2,3518.52
Siddapura,14000.0,3.0,800.0,4,5714.29
Siddapura,1275.0,2.0,105.0,2,8235.29
Siddapura,1150.0,2.0,90.0,2,7826.09
Siddapura,5480.0,4.0,400.0,3,7299.27
Sidedahalli,900.0,2.0,27.0,2,3000.0
Sidedahalli,900.0,1.0,52.3,1,5811.11
Sidedahalli,750.0,2.0,20.0,2,2666.67
Sidedahalli,900.0,2.0,25.0,2,2777.78
Sidedahalli,1200.0,1.0,50.0,2,4166.67
Silk Board,1300.0,3.0,58.0,3,4461.54
Silk Board,1435.0,2.0,60.0,3,4181.18
Silk Board,1250.0,3.0,54.0,3,4320.0
Silver Springs Layout,1084.0,2.0,50.0,2,4612.55
Silver Springs Layout,1550.0,2.0,70.0,3,4516.13
Singanayakanahalli,1480.0,2.0,75.0,3,5067.57
Singapura Village,825.0,2.0,35.0,2,4242.42
Singapura Village,985.0,2.0,45.0,2,4568.53
Singapura Village,970.0,2.0,45.0,2,4639.18
Singasandra,1440.0,2.0,65.0,3,4513.89
Singasandra,3850.0,6.0,195.0,4,5064.94
Singasandra,1100.0,2.0,52.0,2,4727.27
Singasandra,1306.0,2.0,58.0,3,4441.04
Singasandra,1300.0,2.0,65.0,2,5000.0
Singasandra,1464.0,3.0,56.0,3,3825.14
Singasandra,1010.0,2.0,40.0,2,3960.4
Singasandra,1375.0,2.0,58.0,2,4218.18
Singasandra,1120.0,2.0,60.0,2,5357.14
Singasandra,1510.0,3.0,75.0,3,4966.89
Singasandra,1179.0,2.0,56.0,2,4749.79
Singasandra,1416.0,2.0,67.0,2,4731.64
Singasandra,1476.0,2.0,73.0,3,4945.8
Singasandra,1139.7,2.0,45.0,2,3948.41
Singasandra,1465.0,2.0,60.0,2,4095.56
Singasandra,1464.0,3.0,56.0,3,3825.14
Singasandra,1653.0,3.0,85.0,3,5142.17
Singena Agrahara,1500.0,3.0,115.0,3,7666.67
Sneha Colony,1050.0,2.0,110.0,2,10476.19
Somasundara Palya,1600.0,3.0,64.0,3,4000.0
Somasundara Palya,1255.0,2.0,67.0,2,5338.65
Somasundara Palya,1448.0,2.0,68.0,2,4696.13
Somasundara Palya,1570.0,3.0,68.0,3,4331.21
Somasundara Palya,1260.0,2.0,60.0,2,4761.9
Somasundara Palya,1033.0,2.0,48.0,2,4646.66
Somasundara Palya,1575.0,3.0,63.1,3,4006.35
Somasundara Palya,1329.0,2.0,70.0,2,5267.12
Somasundara Palya,1185.0,2.0,70.0,2,5907.17
Somasundara Palya,1575.0,3.0,68.0,3,4317.46
Somasundara Palya,1600.0,3.0,68.0,3,4250.0
Somasundara Palya,1600.0,3.0,69.0,3,4312.5
Somasundara Palya,2400.0,3.0,140.0,4,5833.33
Somasundara Palya,1275.0,2.0,52.0,3,4078.43
Somasundara Palya,1600.0,3.0,69.0,3,4312.5
Somasundara Palya,1140.0,2.0,46.0,2,4035.09
Somasundara Palya,1571.0,3.0,63.0,3,4010.18
Someshwara Layout,1200.0,4.0,169.0,4,14083.33
Sompura,825.0,2.0,33.0,2,4000.0
Sompura,1025.0,2.0,37.0,3,3609.76
Sompura,1020.0,2.0,41.0,2,4019.61
Sompura,1126.0,2.0,39.0,2,3463.59
Sompura,825.0,2.0,32.0,2,3878.79
Sompura,1360.0,2.0,45.0,3,3308.82
Sompura,1350.0,2.0,47.0,3,3481.48
Sompura,2150.0,3.0,85.0,4,3953.49
Sonnenahalli,1415.0,2.0,55.0,3,3886.93
Sonnenahalli,896.0,2.0,43.75,2,4882.81
Sonnenahalli,1120.0,2.0,43.0,2,3839.29
Sonnenahalli,1100.0,2.0,44.0,2,4000.0
Sonnenahalli,1011.0,2.0,50.53,2,4998.02
Sonnenahalli,614.5,1.0,30.715,1,4998.37
Sonnenahalli,1484.0,3.0,74.18,3,4998.65
Sonnenahalli,1610.0,3.0,80.48,3,4998.76
Sonnenahalli,1415.0,2.0,65.0,3,4593.64
Sonnenahalli,1268.0,2.0,58.0,2,4574.13
Sonnenahalli,1268.0,2.0,56.0,2,4416.4
Sonnenahalli,605.0,1.0,30.24,1,4998.35
Sonnenahalli,1484.0,3.0,75.0,3,5053.91
Soundarya Layout,960.0,2.0,32.0,2,3333.33
Sri Balaji Krupa Layout,3200.0,4.0,270.0,4,8437.5
Sri Venkateshpura Layout,1050.0,2.0,49.5,2,4714.29
Srinagar,1080.0,3.0,149.0,3,13796.3
Srinivas Colony,2750.0,3.0,943.0,3,34290.91
Srinivasa Nagar,1180.0,2.0,78.34,3,6638.98
Srinivasa Nagar,900.0,2.0,55.0,2,6111.11
Srinivasa Nagar,900.0,2.0,45.0,2,5000.0
Srinivasa Nagar,1200.0,2.0,75.6,3,6300.0
Srirampura,1756.0,3.0,100.0,3,5694.76
Srirampura,1230.0,2.0,55.0,2,4471.54
Srirampuram,1485.0,2.0,156.0,3,10505.05
Srirampuram,1200.0,2.0,100.0,3,8333.33
St. John's Road,824.0,2.0,60.0,2,7281.55
St. John's Road,4000.0,4.0,630.0,4,15750.0
Stage-4 Bommanahalli,1194.0,2.0,55.0,2,4606.37
Stage-4 Bommanahalli,1400.0,3.0,53.0,3,3785.71
Subash Nagar,900.0,2.0,55.0,2,6111.11
Subramanyapura,929.0,2.0,50.17,2,5400.43
Subramanyapura,1200.0,2.0,52.0,2,4333.33
Subramanyapura,975.0,2.0,58.0,2,5948.72
Subramanyapura,1277.0,2.0,55.0,2,4306.97
Subramanyapura,985.0,2.0,58.0,2,5888.32
Subramanyapura,1245.0,2.0,68.0,3,5461.85
Subramanyapura,1313.0,2.0,73.0,2,5559.79
Subramanyapura,1313.0,2.0,66.5,2,5064.74
Subramanyapura,1255.0,2.0,79.0,3,6294.82
Subramanyapura,1330.0,3.0,72.0,3,5413.53
Subramanyapura,929.0,2.0,48.0,2,5166.85
Subramanyapura,950.0,2.0,55.0,2,5789.47
Subramanyapura,929.0,2.0,56.0,2,6027.99
Subramanyapura,1800.0,3.0,90.0,3,5000.0
Subramanyapura,1260.0,2.0,76.0,3,6031.75
Subramanyapura,1278.0,2.0,59.0,3,4616.59
Subramanyapura,960.0,2.0,55.0,2,5729.17
Subramanyapura,1260.0,2.0,73.0,3,5793.65
Subramanyapura,1278.0,3.0,62.71,3,4906.89
Subramanyapura,1278.0,3.0,70.0,3,5477.31
Subramanyapura,929.0,2.0,49.0,2,5274.49
Subramanyapura,1260.0,2.0,75.0,3,5952.38
Subramanyapura,1000.0,2.0,45.0,2,4500.0
Subramanyapura,1260.0,2.0,80.0,3,6349.21
Subramanyapura,2495.0,3.0,130.0,3,5210.42
Subramanyapura,929.0,1.0,51.0,2,5489.77
Subramanyapura,1880.0,3.0,110.0,3,5851.06
Subramanyapura,985.0,2.0,62.5,2,6345.18
Suddaguntepalya,1425.0,3.0,55.0,3,3859.65
Suddaguntepalya,1400.0,2.0,56.0,3,4000.0
Sultan Palaya,1700.0,3.0,120.0,3,7058.82
Sultan Palaya,1100.0,2.0,45.0,2,4090.91
Sultan Palaya,900.0,2.0,45.0,2,5000.0
Sultan Palaya,870.0,2.0,65.0,2,7471.26
Sultan Palaya,1765.0,3.0,80.0,3,4532.58
Sultan Palaya,1713.0,3.0,125.0,3,7297.14
Sultan Palaya,1009.0,2.0,65.0,2,6442.02
Sultan Palaya,5000.0,5.0,325.0,4,6500.0
Sultan Palaya,1070.0,2.0,49.0,2,4579.44
Sunder Ram Shetty Nagar,1560.0,3.0,115.0,3,7371.79
Sunkadakatte,2000.0,5.0,80.0,4,4000.0
Sunkadakatte,1200.0,3.0,68.0,3,5666.67
Sunkadakatte,600.0,1.0,24.0,1,4000.0
Surabhi Layout,1753.0,3.0,120.0,3,6845.41
Surabhi Layout,1750.0,3.0,120.0,3,6857.14
Suraksha Nagar,1569.0,3.0,70.0,3,4461.44
Suraksha Nagar,1559.0,3.0,62.0,3,3976.91
Suraksha Nagar,1563.0,3.0,63.0,3,4030.71
Syndicate Bank Colony,1500.0,4.0,240.0,4,16000.0
T Dasarahalli,1200.0,3.0,130.0,3,10833.33
T.C PALYA,1230.0,2.0,75.0,2,6097.56
TC Palaya,1475.0,3.0,98.0,3,6644.07
TC Palaya,1200.0,2.0,60.0,2,5000.0
TC Palaya,1200.0,2.0,66.0,3,5500.0
TC Palaya,1600.0,2.0,65.0,3,4062.5
TC Palaya,1200.0,3.0,66.0,3,5500.0
TC Palaya,1350.0,2.0,75.0,3,5555.56
TC Palaya,1240.0,2.0,60.0,2,4838.71
TC Palaya,1500.0,2.0,100.0,3,6666.67
TC Palaya,1200.0,2.0,65.0,2,5416.67
TC Palaya,1200.0,2.0,70.0,2,5833.33
TC Palaya,900.0,2.0,55.0,2,6111.11
TC Palaya,1200.0,2.0,66.0,3,5500.0
TC Palaya,1200.0,2.0,66.5,3,5541.67
TC Palaya,4800.0,3.0,302.0,4,6291.67
TC Palaya,1000.0,2.0,64.0,2,6400.0
TC Palaya,1100.0,3.0,50.0,3,4545.45
TC Palaya,900.0,2.0,55.0,2,6111.11
TC Palaya,1200.0,2.0,66.0,2,5500.0
TC Palaya,1200.0,2.0,66.0,3,5500.0
TC Palaya,1200.0,2.0,66.5,3,5541.67
TC Palaya,900.0,2.0,55.0,2,6111.11
TC Palaya,1200.0,2.0,66.0,3,5500.0
TC Palaya,900.0,2.0,55.0,2,6111.11
TC Palaya,1500.0,3.0,83.0,3,5533.33
TC Palaya,1350.0,3.0,60.0,3,4444.44
TC Palaya,1200.0,2.0,65.0,2,5416.67
TC Palaya,1500.0,2.0,75.0,2,5000.0
TC Palaya,1200.0,2.0,66.0,3,5500.0
TC Palaya,1000.0,2.0,70.0,2,7000.0
TC Palaya,1100.0,2.0,65.0,2,5909.09
TC Palaya,1200.0,3.0,66.0,3,5500.0
TC Palaya,1200.0,2.0,66.0,3,5500.0
TC Palaya,1200.0,2.0,66.0,3,5500.0
TC Palaya,1800.0,2.0,80.0,2,4444.44
TC Palaya,1200.0,2.0,66.0,3,5500.0
TC Palaya,1200.0,2.0,70.0,2,5833.33
TC Palaya,1350.0,1.0,55.0,1,4074.07
TC Palaya,900.0,2.0,55.0,2,6111.11
TC Palaya,900.0,2.0,55.0,2,6111.11
TC Palaya,1082.0,2.0,64.0,2,5914.97
TC Palaya,1995.0,3.0,100.0,3,5012.53
TC Palaya,1200.0,2.0,66.0,3,5500.0
TC Palaya,1200.0,2.0,66.0,3,5500.0
TC Palaya,1152.0,2.0,55.0,2,4774.31
TC Palaya,1200.0,2.0,66.0,3,5500.0
TC Palaya,1200.0,2.0,66.0,3,5500.0
TC Palaya,1200.0,2.0,66.0,3,5500.0
Tala Cauvery Layout,1580.0,3.0,100.0,3,6329.11
Tala Cauvery Layout,1030.0,2.0,61.0,2,5922.33
Tala Cauvery Layout,1340.0,2.0,77.0,2,5746.27
Talaghattapura,1868.0,3.0,131.0,3,7012.85
Talaghattapura,2038.5,3.0,120.0,3,5886.68
Talaghattapura,2106.0,3.0,126.0,3,5982.91
Talaghattapura,1868.0,3.0,121.0,3,6477.52
Talaghattapura,2106.0,3.0,126.0,3,5982.91
Talaghattapura,1868.0,3.0,135.0,3,7226.98
Talaghattapura,1856.0,3.0,135.0,3,7273.71
Talaghattapura,1868.0,3.0,120.0,3,6423.98
Talaghattapura,1804.0,3.0,115.0,3,6374.72
Talaghattapura,1856.0,3.0,135.0,3,7273.71
Talaghattapura,2254.0,3.0,153.0,3,6787.93
Talaghattapura,2106.0,3.0,148.0,3,7027.54
Talaghattapura,1856.0,3.0,135.0,3,7273.71
Talaghattapura,2273.0,3.0,159.0,3,6995.16
Talaghattapura,2099.0,3.0,147.0,3,7003.33
Talaghattapura,1100.0,2.0,50.0,2,4545.45
Talaghattapura,1100.0,2.0,49.49,2,4499.09
Talaghattapura,1575.0,3.0,80.0,3,5079.37
Talaghattapura,2273.0,3.0,145.0,3,6379.23
Talaghattapura,1175.0,2.0,62.0,2,5276.6
Talaghattapura,1804.0,3.0,127.0,3,7039.91
Talaghattapura,1062.0,2.0,42.48,2,4000.0
Talaghattapura,2038.5,3.0,122.0,3,5984.79
Talaghattapura,1800.0,3.0,84.0,3,4666.67
Talaghattapura,2265.0,3.0,159.0,3,7019.87
Talaghattapura,2099.0,3.0,134.0,3,6383.99
Tasker Town,950.0,2.0,60.0,2,6315.79
Tasker Town,930.0,1.0,55.0,2,5913.98
Tata Nagar,1500.0,3.0,70.0,3,4666.67
Tata Nagar,1504.0,3.0,67.0,3,4454.79
Tavarekere,1250.0,3.0,40.0,3,3200.0
Tavarekere,2700.0,3.0,90.0,4,3333.33
Teachers Colony,3000.0,4.0,240.0,4,8000.0
Tejaswini Nagar,1425.0,2.0,75.0,3,5263.16
Tejaswini Nagar,1550.0,3.0,59.0,3,3806.45
Tejaswini Nagar,1410.0,2.0,54.0,3,3829.79
Tejaswini Nagar,1410.0,2.0,54.0,3,3829.79
Tejaswini Nagar,720.0,1.0,28.0,1,3888.89
Telecom Layout,1200.0,1.0,54.0,2,4500.0
Telecom Layout,1200.0,2.0,54.0,2,4500.0
Thanisandra,1296.0,2.0,80.0,2,6172.84
Thanisandra,1436.0,3.0,74.75,3,5205.43
Thanisandra,2144.0,3.0,145.0,3,6763.06
Thanisandra,1075.0,2.0,45.8,2,4260.47
Thanisandra,1296.0,2.0,83.0,2,6404.32
Thanisandra,1825.0,3.0,100.0,3,5479.45
Thanisandra,2144.0,3.0,135.0,3,6296.64
Thanisandra,1240.0,2.0,62.0,3,5000.0
Thanisandra,1093.0,2.0,70.0,2,6404.39
Thanisandra,1265.0,2.0,79.0,3,6245.06
Thanisandra,1651.0,3.0,97.38,3,5898.24
Thanisandra,1265.0,2.0,85.0,2,6719.37
Thanisandra,1564.0,3.0,101.0,3,6457.8
Thanisandra,1183.0,2.0,58.56,2,4950.13
Thanisandra,1847.0,3.0,123.0,3,6659.45
Thanisandra,1800.0,3.0,90.0,3,5000.0
Thanisandra,1697.0,3.0,114.0,3,6717.74
Thanisandra,1050.0,2.0,45.0,2,4285.71
Thanisandra,3500.0,5.0,160.0,6,4571.43
Thanisandra,1573.0,3.0,95.0,3,6039.42
Thanisandra,1917.0,3.0,122.0,3,6364.11
Thanisandra,693.0,1.0,34.3,1,4949.49
Thanisandra,1098.0,2.0,68.0,2,6193.08
Thanisandra,760.0,1.0,50.3,1,6618.42
Thanisandra,1111.0,2.0,50.0,2,4500.45
Thanisandra,1185.5,2.0,58.68,2,4949.81
Thanisandra,2002.0,3.0,112.0,3,5594.41
Thanisandra,1634.0,3.0,78.0,3,4773.56
Thanisandra,2000.0,3.0,99.0,3,4950.0
Thanisandra,1050.0,2.0,46.0,2,4380.95
Thanisandra,1588.0,3.0,75.55,3,4757.56
Thanisandra,1697.0,3.0,115.0,3,6776.66
Thanisandra,1380.0,1.0,62.1,1,4500.0
Thanisandra,923.0,1.0,60.84,1,6591.55
Thanisandra,1743.0,3.0,93.25,3,5349.97
Thanisandra,923.0,1.0,45.69,1,4950.16
Thanisandra,1183.0,2.0,59.74,2,5049.87
Thanisandra,1296.0,2.0,72.0,2,5555.56
Thanisandra,1020.0,2.0,44.5,2,4362.75
Thanisandra,1698.0,3.0,102.0,3,6007.07
Thanisandra,1411.0,3.0,93.04,3,6593.91
Thanisandra,1996.0,3.0,135.0,3,6763.53
Thanisandra,1801.0,3.0,115.0,3,6385.34
Thanisandra,1265.0,2.0,82.0,2,6482.21
Thanisandra,1100.0,2.0,48.0,2,4363.64
Thanisandra,1917.0,4.0,113.0,3,5894.63
Thanisandra,662.0,1.0,42.0,1,6344.41
Thanisandra,2100.0,4.0,95.0,4,4523.81
Thanisandra,1948.0,3.0,130.0,3,6673.51
Thanisandra,1922.0,3.0,106.0,3,5515.09
Thanisandra,1098.0,2.0,74.0,2,6739.53
Thanisandra,1437.0,2.0,71.13,2,4949.9
Thanisandra,1564.0,3.0,104.0,3,6649.62
Thanisandra,1241.0,2.0,61.0,3,4915.39
Thanisandra,1200.0,2.0,65.0,3,5416.67
Thanisandra,1732.0,3.0,85.73,3,4949.77
Thanisandra,1917.0,4.0,100.0,3,5216.48
Thanisandra,1250.0,1.0,54.0,2,4320.0
Thanisandra,2127.0,3.0,135.0,3,6346.97
Thanisandra,2336.5,3.0,115.89,3,4959.98
Thanisandra,1276.0,2.0,75.0,2,5877.74
Thanisandra,693.0,1.0,34.3,1,4949.49
Thanisandra,2259.0,5.0,135.0,4,5976.1
Thanisandra,1265.0,2.0,78.0,2,6166.01
Thanisandra,1732.0,3.0,85.73,3,4949.77
Thanisandra,934.0,2.0,55.0,2,5888.65
Thanisandra,1056.0,2.0,68.0,2,6439.39
Thanisandra,1595.0,3.0,110.0,3,6896.55
Thanisandra,1411.0,3.0,93.15,3,6601.7
Thanisandra,1093.0,2.0,68.1,2,6230.56
Thanisandra,1370.0,2.0,61.0,3,4452.55
Thanisandra,1093.0,2.0,72.0,2,6587.37
Thanisandra,1200.0,2.0,53.5,2,4458.33
Thanisandra,1698.0,3.0,107.0,3,6301.53
Thanisandra,1564.0,3.0,105.0,3,6713.55
Thanisandra,1265.0,2.0,83.0,2,6561.26
Thanisandra,784.0,1.0,35.285,1,4500.64
Thanisandra,965.0,2.0,56.0,2,5803.11
Thanisandra,1546.0,3.0,95.0,3,6144.89
Thanisandra,777.0,1.0,38.535,1,4959.46
Thanisandra,1697.0,3.0,110.0,3,6482.03
Thanisandra,1492.0,3.0,88.0,3,5898.12
Thanisandra,2072.0,3.0,122.0,3,5888.03
Thanisandra,1880.0,3.0,120.0,3,6382.98
Thanisandra,760.0,1.0,50.0,1,6578.95
Thanisandra,1200.0,2.0,60.0,2,5000.0
Thanisandra,933.0,2.0,58.0,1,6216.51
Thanisandra,1917.0,3.0,110.0,3,5738.13
Thanisandra,1996.0,4.0,123.0,3,6162.32
Thanisandra,1183.0,2.0,77.25,2,6530.01
Thanisandra,1491.0,3.0,88.0,3,5902.08
Thanisandra,662.0,1.0,29.0,1,4380.66
Thanisandra,1183.0,2.0,58.56,2,4950.13
Thanisandra,1564.0,3.0,100.0,3,6393.86
Thanisandra,662.0,1.0,45.0,1,6797.58
Thanisandra,1573.0,3.0,98.0,3,6230.13
Thanisandra,1262.0,2.0,83.0,3,6576.86
Thanisandra,1056.0,2.0,65.0,2,6155.3
Thanisandra,1131.0,2.0,55.975,2,4949.16
Thanisandra,1702.0,3.0,115.0,3,6756.76
Thanisandra,1343.0,2.0,75.0,2,5584.51
Thanisandra,1935.0,4.0,122.0,3,6304.91
Thanisandra,933.0,2.0,55.0,2,5894.96
Thanisandra,1183.0,2.0,77.3,2,6534.23
Thanisandra,662.0,1.0,38.0,1,5740.18
Thanisandra,1265.0,2.0,72.0,2,5691.7
Thanisandra,1595.0,3.0,105.0,3,6583.07
Thanisandra,1241.0,2.0,65.0,3,5237.71
Thanisandra,580.0,1.0,27.5,1,4741.38
Thanisandra,2087.0,4.0,139.0,3,6660.28
Thanisandra,1340.0,2.0,66.33,2,4950.0
Thanisandra,1098.0,2.0,71.0,2,6466.3
Thanisandra,1411.0,3.0,93.25,3,6608.79
Thanisandra,1262.0,2.0,65.0,3,5150.55
Thanisandra,1234.0,2.0,51.0,2,4132.9
Thanisandra,1732.0,3.0,112.0,3,6466.51
Thanisandra,933.0,1.0,61.0,1,6538.05
Thanisandra,1702.0,3.0,107.0,3,6286.72
Thanisandra,747.0,1.0,34.355,1,4599.06
Thanisandra,2030.0,4.0,125.0,3,6157.64
Thanisandra,1140.0,2.0,59.0,2,5175.44
Thanisandra,1948.0,4.0,129.0,4,6622.18
Thanisandra,1573.0,3.0,90.0,3,5721.55
Thanisandra,1056.0,2.0,70.0,2,6628.79
Thanisandra,1595.0,3.0,96.0,3,6018.81
Thanisandra,1732.0,3.0,85.73,3,4949.77
Thanisandra,1226.0,2.0,65.0,2,5301.79
Thanisandra,1245.0,2.0,83.05,2,6670.68
Thanisandra,1261.0,2.0,80.0,3,6344.17
Thanisandra,1884.0,4.0,117.0,3,6210.19
Thanisandra,965.0,2.0,54.0,2,5595.85
Thanisandra,1930.0,4.0,122.0,3,6321.24
Thanisandra,777.0,1.0,38.46,1,4949.81
Thanisandra,1241.0,2.0,68.0,3,5479.45
Thanisandra,1930.0,4.0,120.0,3,6217.62
Thanisandra,760.0,1.0,50.4,1,6631.58
Thanisandra,663.0,1.0,32.82,1,4950.23
Thanisandra,1801.0,3.0,115.0,3,6385.34
Thanisandra,3671.0,4.0,220.0,4,5992.92
Thanisandra,1110.0,2.0,46.5,2,4189.19
Thanisandra,1305.0,2.0,90.0,2,6896.55
Thanisandra,1965.0,4.0,125.0,3,6361.32
Thanisandra,1573.0,3.0,100.0,3,6357.28
Thanisandra,1533.0,3.0,75.885,3,4950.1
Thanisandra,2259.0,3.0,112.0,4,4957.95
Thanisandra,1917.0,4.0,130.0,4,6781.43
Thanisandra,1226.0,2.0,65.59,2,5349.92
"Thanisandra Main Road, ",2357.0,3.0,151.0,3,6406.45
"Thanisandra Main Road, ",2872.0,4.0,183.0,4,6371.87
Thanisandra main road,3144.0,3.0,455.0,3,14472.01
Thanisandra main road,4110.0,4.0,590.0,4,14355.23
Thanisandra main road,4209.0,4.0,602.0,4,14302.68
Thigalarapalya,3122.0,6.0,230.0,4,7367.07
Thigalarapalya,2072.0,4.0,142.0,3,6853.28
Thigalarapalya,1297.0,2.0,103.0,2,7941.4
Thigalarapalya,1418.0,2.0,95.0,2,6699.58
Thigalarapalya,3122.0,6.0,235.0,4,7527.23
Thigalarapalya,3122.0,6.0,245.0,4,7847.53
Thigalarapalya,2072.0,4.0,150.0,3,7239.38
Thigalarapalya,1418.0,2.0,103.0,2,7263.75
Thigalarapalya,1418.0,2.0,101.0,2,7122.71
Thigalarapalya,1418.0,2.0,104.0,2,7334.27
Thigalarapalya,2072.0,4.0,139.0,3,6708.49
Thigalarapalya,3122.0,5.0,225.0,4,7206.92
Thigalarapalya,2912.0,6.0,210.0,4,7211.54
Thigalarapalya,1418.0,2.0,103.0,2,7263.75
Thigalarapalya,2072.0,4.0,159.0,3,7673.75
Thigalarapalya,2072.0,4.0,147.0,3,7094.59
Thigalarapalya,1418.0,2.0,106.0,2,7475.32
Thigalarapalya,2215.0,4.0,156.0,3,7042.89
Thigalarapalya,1418.0,2.0,104.0,2,7334.27
Thigalarapalya,3122.0,6.0,237.0,4,7591.29
Thigalarapalya,1418.0,2.0,105.0,2,7404.8
Thigalarapalya,1418.0,2.0,104.0,2,7334.27
Thigalarapalya,2072.0,4.0,139.0,3,6708.49
Thigalarapalya,2215.0,4.0,160.0,3,7223.48
Thigalarapalya,1418.0,2.0,106.0,2,7475.32
Thigalarapalya,2072.0,4.0,155.0,3,7480.69
Thigalarapalya,1830.0,4.0,135.0,3,7377.05
Thigalarapalya,1418.0,2.0,105.0,2,7404.8
Thigalarapalya,2072.0,4.0,160.0,3,7722.01
Thigalarapalya,2215.0,4.0,150.0,3,6772.01
Thigalarapalya,2215.0,4.0,154.0,3,6952.6
Thigalarapalya,2072.0,4.0,152.0,3,7335.91
Thigalarapalya,2072.0,4.0,160.0,3,7722.01
Thigalarapalya,2072.0,4.0,155.0,3,7480.69
Thigalarapalya,3122.0,6.0,235.0,4,7527.23
Thigalarapalya,2072.0,4.0,153.0,3,7384.17
Thigalarapalya,2215.0,4.0,150.0,3,6772.01
Thigalarapalya,2072.0,4.0,157.0,3,7577.22
Thigalarapalya,1418.0,2.0,105.0,2,7404.8
Thigalarapalya,3362.0,5.0,249.0,4,7406.31
Thigalarapalya,3122.0,6.0,245.0,4,7847.53
Thigalarapalya,1830.0,3.0,133.0,3,7267.76
Thigalarapalya,2215.0,4.0,154.0,3,6952.6
Thigalarapalya,2215.0,4.0,157.0,3,7088.04
Thigalarapalya,2072.0,4.0,151.0,3,7287.64
Thigalarapalya,1400.0,2.0,105.0,2,7500.0
Thigalarapalya,2215.0,4.0,162.0,3,7313.77
Thigalarapalya,1297.0,2.0,98.0,2,7555.9
Thigalarapalya,2215.0,4.0,152.0,3,6862.3
Thippasandra,650.0,1.0,30.0,1,4615.38
Thippasandra,660.0,1.0,30.0,1,4545.45
Thirumenahalli,1378.0,2.0,42.33,3,3071.84
Thirumenahalli,1100.0,2.0,39.5,2,3590.91
Thirumenahalli,1161.0,2.0,36.69,2,3160.21
Thirumenahalli,1161.0,2.0,36.69,2,3160.21
Thirumenahalli,1100.0,2.0,70.0,2,6363.64
Thirumenahalli,1602.0,3.0,56.0,3,3495.63
Thubarahalli,3800.0,4.0,239.0,4,6289.47
Thubarahalli,1200.0,2.0,78.0,2,6500.0
Thubarahalli,1128.0,2.0,75.0,2,6648.94
Thubarahalli,1185.0,2.0,65.0,2,5485.23
Thubarahalli,975.0,2.0,55.0,2,5641.03
Thubarahalli,1330.0,2.0,75.0,2,5639.1
Thubarahalli,1085.0,2.0,70.0,2,6451.61
Thubarahalli,1216.0,2.0,80.0,2,6578.95
Thubarahalli,1200.0,2.0,79.0,2,6583.33
Thubarahalli,1200.0,2.0,80.0,2,6666.67
Thubarahalli,1200.0,2.0,79.55,2,6629.17
Thubarahalli,1540.0,3.0,90.0,3,5844.16
Thubarahalli,2625.0,3.0,175.0,3,6666.67
Thubarahalli,975.0,2.0,50.0,2,5128.21
Thubarahalli,1584.0,3.0,101.0,3,6376.26
Thyagaraja Nagar,800.0,1.0,100.0,1,12500.0
Thyagaraja Nagar,2000.0,4.0,145.0,5,7250.0
Thyagaraja Nagar,1270.0,2.0,95.25,3,7500.0
Thyagaraja Nagar,1040.0,2.0,68.0,2,6538.46
Tigalarpalya,1998.0,3.0,117.0,3,5855.86
Tindlu,1500.0,2.0,87.0,3,5800.0
Tindlu,7500.0,7.0,400.0,7,5333.33
Tindlu,1357.0,2.0,65.0,3,4789.98
Tindlu,1500.0,3.0,87.0,3,5800.0
Tindlu,1370.07,3.0,65.0,3,4744.28
Tindlu,1165.0,2.0,59.8,2,5133.05
Tindlu,1050.0,2.0,55.0,2,5238.1
Tindlu,1100.0,2.0,55.0,2,5000.0
Tirumanahalli,1255.0,2.0,56.7,2,4517.93
Tirumanahalli,1260.0,2.0,55.0,2,4365.08
Tumkur Road,1500.0,3.0,95.0,3,6333.33
Tumkur Road,1779.0,3.0,112.0,3,6295.67
Tumkur Road,1586.0,3.0,100.0,3,6305.17
Tumkur Road,1098.0,2.0,72.0,2,6557.38
Tumkur Road,1354.0,3.0,90.0,3,6646.97
Tumkur Road,1240.0,2.0,84.0,3,6774.19
Tumkur Road,1239.0,2.0,82.0,2,6618.24
Tumkur Road,1246.0,2.0,82.0,2,6581.06
Tumkur Road,1500.0,3.0,100.0,3,6666.67
Tumkur Road,1789.0,3.0,98.0,3,5477.92
Tumkur Road,1416.0,3.0,94.0,3,6638.42
Tumkur Road,1027.0,2.0,60.0,2,5842.26
Tumkur Road,1027.0,2.0,68.62,2,6681.6
Tumkur Road,1459.0,2.0,95.0,3,6511.31
Tumkur Road,992.0,2.0,60.0,2,6048.39
Tumkur Road,1066.0,2.0,52.5,2,4924.95
Tumkur Road,1240.0,2.0,79.0,3,6370.97
Tumkur Road,1441.0,2.0,95.0,3,6592.64
Tumkur Road,1240.0,2.0,83.0,3,6693.55
Tumkur Road,1027.0,2.0,67.0,2,6523.86
Tumkur Road,1060.0,2.0,58.3,3,5500.0
Tumkur Road,1354.0,3.0,85.86,3,6341.21
Tunganagara,1936.0,2.0,54.21,3,2800.1
Tunganagara,1270.0,2.0,35.56,3,2800.0
Udaya Nagar,1000.0,1.0,75.0,2,7500.0
Udayapur Village,1630.0,3.0,68.29,3,4189.57
Udayapur Village,1440.0,2.0,60.33,3,4189.58
Udayapur Village,1440.0,2.0,63.93,3,4439.58
Ullal Uppanagar,1200.0,2.0,82.0,2,6833.33
Ulsoor,2135.0,3.0,215.0,3,10070.26
Ulsoor,1020.0,3.0,110.0,3,10784.31
Ulsoor,1200.0,2.0,60.0,2,5000.0
Ulsoor,1180.0,2.0,100.0,2,8474.58
Ulsoor,1340.0,3.0,90.0,3,6716.42
Ulsoor,1500.0,2.0,125.0,3,8333.33
Ulsoor,2000.0,3.0,185.0,3,9250.0
Ulsoor,1255.0,2.0,120.0,2,9561.75
Ulsoor,1685.0,4.0,185.0,3,10979.23
Ulsoor,2500.0,4.0,170.0,4,6800.0
Ulsoor,2135.0,3.0,170.0,3,7962.53
Ulsoor,1160.0,2.0,130.0,2,11206.9
Upadhyaya Layout,1300.0,2.0,67.0,3,5153.85
Upkar Layout,1050.0,1.0,70.0,1,6666.67
Uttarahalli,1440.0,2.0,62.0,3,4305.56
Uttarahalli,1143.0,2.0,45.0,2,3937.01
Uttarahalli,1020.0,2.0,45.0,2,4411.76
Uttarahalli,1286.0,2.0,63.0,2,4898.91
Uttarahalli,1101.0,2.0,45.0,2,4087.19
Uttarahalli,1345.0,2.0,67.0,2,4981.41
Uttarahalli,1135.0,2.0,39.73,3,3500.44
Uttarahalli,1540.0,3.0,50.0,3,3246.75
Uttarahalli,1175.0,2.0,47.0,2,4000.0
Uttarahalli,1390.0,2.0,62.55,3,4500.0
Uttarahalli,1330.0,2.0,56.0,3,4210.53
Uttarahalli,1008.0,2.0,45.0,2,4464.29
Uttarahalli,1390.0,2.0,60.47,3,4350.36
Uttarahalli,1617.0,3.0,66.68,3,4123.69
Uttarahalli,1150.0,2.0,49.0,2,4260.87
Uttarahalli,1330.0,2.0,56.0,3,4210.53
Uttarahalli,1200.0,2.0,44.0,2,3666.67
Uttarahalli,1385.0,2.0,48.48,3,3500.36
Uttarahalli,1330.0,2.0,46.55,3,3500.0
Uttarahalli,882.0,2.0,30.0,2,3401.36
Uttarahalli,993.0,2.0,39.71,2,3998.99
Uttarahalli,1045.0,2.0,45.0,2,4306.22
Uttarahalli,850.0,2.0,37.93,2,4462.35
Uttarahalli,1330.0,2.0,47.0,3,3533.83
Uttarahalli,3600.0,6.0,120.0,6,3333.33
Uttarahalli,1788.0,3.0,98.34,3,5500.0
Uttarahalli,1345.0,2.0,57.0,3,4237.92
Uttarahalli,1089.0,2.0,43.55,2,3999.08
Uttarahalli,1330.0,2.0,46.55,3,3500.0
Uttarahalli,1279.0,2.0,48.0,2,3752.93
Uttarahalli,1845.0,2.0,68.27,3,3700.27
Uttarahalli,1425.0,2.0,64.0,3,4491.23
Uttarahalli,1155.0,2.0,40.42,2,3499.57
Uttarahalli,1050.0,2.0,42.0,2,4000.0
Uttarahalli,1300.0,2.0,55.0,3,4230.77
Uttarahalli,1250.0,2.0,55.0,3,4400.0
Uttarahalli,1700.0,3.0,88.0,3,5176.47
Uttarahalli,1200.0,3.0,50.0,3,4166.67
Uttarahalli,1085.0,2.0,43.0,2,3963.13
Uttarahalli,1350.0,2.0,53.0,3,3925.93
Uttarahalli,1175.0,2.0,47.0,2,4000.0
Uttarahalli,1689.28,3.0,91.2,3,5398.75
Uttarahalli,1175.0,2.0,47.0,2,4000.0
Uttarahalli,1137.0,2.0,63.0,2,5540.9
Uttarahalli,1215.0,2.0,52.85,3,4349.79
Uttarahalli,1312.5,3.0,51.19,3,3900.19
Uttarahalli,1325.0,2.0,53.0,2,4000.0
Uttarahalli,1300.0,2.0,60.0,3,4615.38
Uttarahalli,850.0,2.0,35.0,2,4117.65
Uttarahalli,1627.86,3.0,88.0,3,5405.87
Uttarahalli,1490.0,2.0,59.6,3,4000.0
Uttarahalli,1360.0,2.0,61.2,3,4500.0
Uttarahalli,661.0,1.0,36.0,1,5446.29
Uttarahalli,1134.0,2.0,45.36,2,4000.0
Uttarahalli,1350.0,2.0,47.24,3,3499.26
Uttarahalli,1320.0,2.0,55.44,3,4200.0
Uttarahalli,1390.0,2.0,61.16,3,4400.0
Uttarahalli,1090.0,2.0,45.0,2,4128.44
Uttarahalli,1050.0,2.0,42.0,2,4000.0
Uttarahalli,1123.0,2.0,48.0,2,4274.27
Uttarahalli,1329.0,2.0,56.0,3,4213.69
Uttarahalli,938.0,2.0,35.0,2,3731.34
Uttarahalli,1345.0,2.0,47.0,3,3494.42
Uttarahalli,1285.0,2.0,44.98,3,3500.39
Uttarahalli,1100.0,1.0,45.0,2,4090.91
Uttarahalli,1125.0,2.0,47.0,2,4177.78
Uttarahalli,1300.0,2.0,47.0,3,3615.38
Uttarahalli,1685.0,3.0,85.0,3,5044.51
Uttarahalli,1390.0,2.0,62.55,3,4500.0
Uttarahalli,1490.0,2.0,59.6,3,4000.0
Uttarahalli,1180.0,2.0,41.3,2,3500.0
Uttarahalli,1380.0,2.0,42.0,2,3043.48
Uttarahalli,1737.0,2.0,95.0,3,5469.2
Uttarahalli,1385.0,2.0,48.48,3,3500.36
Uttarahalli,1160.0,2.0,45.0,2,3879.31
Uttarahalli,1280.0,2.0,60.0,3,4687.5
Uttarahalli,1480.0,2.0,58.0,3,3918.92
Uttarahalli,1190.0,2.0,53.55,2,4500.0
Uttarahalli,1330.0,2.0,57.0,3,4285.71
Uttarahalli,1560.0,3.0,74.0,3,4743.59
Uttarahalli,1250.0,2.0,50.0,3,4000.0
Uttarahalli,1125.0,2.0,48.0,2,4266.67
Uttarahalli,1320.0,2.0,55.44,3,4200.0
Uttarahalli,1255.0,2.0,50.19,3,3999.2
Uttarahalli,1160.0,2.0,40.6,2,3500.0
Uttarahalli,1255.0,2.0,50.19,3,3999.2
Uttarahalli,1065.0,2.0,42.59,2,3999.06
Uttarahalli,1075.0,2.0,46.76,2,4349.77
Uttarahalli,1155.0,2.0,40.6,2,3515.15
Uttarahalli,1065.0,2.0,42.59,3,3999.06
Uttarahalli,1360.0,2.0,47.59,3,3499.26
Uttarahalli,1215.0,2.0,52.85,3,4349.79
Uttarahalli,1590.0,3.0,58.0,3,3647.8
Uttarahalli,1180.0,2.0,41.3,2,3500.0
Uttarahalli,1350.0,2.0,47.24,3,3499.26
Uttarahalli,1250.0,2.0,50.0,3,4000.0
Uttarahalli,1002.0,2.0,40.08,2,4000.0
Uttarahalli,1002.0,2.0,40.08,2,4000.0
Uttarahalli,1075.0,2.0,40.0,2,3720.93
Uttarahalli,1580.0,3.0,60.0,3,3797.47
Uttarahalli,1155.0,2.0,40.43,2,3500.43
Uttarahalli,1650.0,2.0,50.0,3,3030.3
Uttarahalli,1025.0,2.0,35.88,2,3500.49
Uttarahalli,1125.0,2.0,47.65,2,4235.56
Uttarahalli,1300.0,2.0,55.0,2,4230.77
Uttarahalli,1025.0,2.0,35.88,2,3500.49
Uttarahalli,980.0,2.0,45.0,2,4591.84
Uttarahalli,1125.0,2.0,47.0,2,4177.78
Uttarahalli,1135.0,2.0,39.73,3,3500.44
Uttarahalli,1350.0,2.0,47.24,3,3499.26
Uttarahalli,1250.0,2.0,50.0,3,4000.0
Uttarahalli,1250.0,2.0,50.0,3,4000.0
Uttarahalli,1175.0,2.0,47.0,2,4000.0
Uttarahalli,1360.0,2.0,47.59,3,3499.26
Uttarahalli,1360.0,2.0,47.59,3,3499.26
Uttarahalli,1525.0,2.0,62.82,3,4119.34
Uttarahalli,1265.0,2.0,65.0,3,5138.34
Uttarahalli,1590.0,3.0,57.0,3,3584.91
Uttarahalli,1330.0,2.0,46.55,3,3500.0
Uttarahalli,1213.0,2.0,48.0,2,3957.13
Uttarahalli,1475.0,2.0,59.0,3,4000.0
Uttarahalli,900.0,2.0,35.0,2,3888.89
Uttarahalli,1065.0,2.0,42.6,2,4000.0
Uttarahalli,1330.0,2.0,46.55,3,3500.0
Uttarahalli,1250.0,2.0,50.0,3,4000.0
Uttarahalli,1125.0,2.0,47.0,2,4177.78
Uttarahalli,1270.0,2.0,55.25,3,4350.39
Uttarahalli,1270.0,2.0,55.25,3,4350.39
Uttarahalli,1107.0,2.0,45.0,2,4065.04
Uttarahalli,1200.0,2.0,55.0,2,4583.33
Uttarahalli,1330.0,2.0,46.45,3,3492.48
Uttarahalli,1460.0,3.0,76.0,3,5205.48
Uttarahalli,1500.0,3.0,68.0,3,4533.33
Uttarahalli,1120.0,2.0,50.0,2,4464.29
Uttarahalli,1150.0,2.0,46.0,2,4000.0
Uttarahalli,1330.0,2.0,58.0,3,4360.9
Uttarahalli,1590.0,3.0,57.0,3,3584.91
Uttarahalli,1050.0,2.0,42.0,2,4000.0
Uttarahalli,1125.0,2.0,48.0,2,4266.67
Uttarahalli,4500.0,4.0,150.0,4,3333.33
Uttarahalli,1345.0,2.0,57.0,3,4237.92
Uttarahalli,1345.0,2.0,57.0,3,4237.92
Uttarahalli,1490.0,2.0,59.6,3,4000.0
Uttarahalli,1000.0,2.0,52.0,2,5200.0
Uttarahalli,1037.0,2.0,36.0,2,3471.55
Uttarahalli,1245.0,2.0,43.58,3,3500.4
Uttarahalli,1000.0,2.0,39.5,2,3950.0
Uttarahalli,1125.0,1.0,45.0,2,4000.0
Uttarahalli,1308.0,2.0,53.0,3,4051.99
Uttarahalli,1160.0,2.0,40.58,2,3498.28
Uttarahalli,1123.0,2.0,60.0,2,5342.83
Uttarahalli,1590.0,3.0,57.0,3,3584.91
Uttarahalli,1000.0,2.0,35.0,2,3500.0
Uttarahalli,1330.0,2.0,57.0,3,4285.71
Uttarahalli,1125.0,2.0,47.0,2,4177.78
Uttarahalli,1165.0,1.0,42.09,2,3612.88
Uttarahalli,1260.0,2.0,55.0,2,4365.08
Uttarahalli,1284.0,2.0,53.36,2,4155.76
Uttarahalli,1150.0,2.0,45.99,2,3999.13
Uttarahalli,1385.0,2.0,48.48,3,3500.36
Uttarahalli,1290.0,2.0,56.12,3,4350.39
Uttarahalli,1328.0,2.0,56.0,3,4216.87
Uttarahalli,1040.0,2.0,36.4,2,3500.0
Uttarahalli,1290.0,2.0,56.12,3,4350.39
Uttarahalli,1590.0,3.0,57.0,3,3584.91
Uttarahalli,1075.0,2.0,46.76,2,4349.77
Uttarahalli,1345.0,2.0,57.0,3,4237.92
VGP Layout,1133.0,2.0,55.0,2,4854.37
VGP Layout,2108.0,3.0,85.0,3,4032.26
VGP Layout,1000.0,2.0,44.0,2,4400.0
VHBCS Layout,1353.0,2.0,110.0,2,8130.08
VHBCS Layout,1353.0,2.0,110.0,3,8130.08
VHBCS Layout,1353.0,2.0,110.0,2,8130.08
Vadarpalya,1750.0,3.0,85.0,3,4857.14
Vadarpalya,2500.0,5.0,120.0,5,4800.0
Vaishnavi Layout,4800.0,5.0,420.0,4,8750.0
Vaishnavi Layout,4800.0,6.0,420.0,4,8750.0
Vaishnavi Layout,4800.0,4.0,420.0,4,8750.0
Vajarahalli,551.0,1.0,30.0,1,5444.65
Vajarahalli,1254.0,2.0,70.0,3,5582.14
Vajarahalli,1432.0,3.0,79.0,3,5516.76
Varanasi,2000.0,4.0,103.0,5,5150.0
Varanasi,2000.0,4.0,99.0,5,4950.0
Varanasi,1334.0,2.0,62.0,2,4647.68
Varsova Layout,1280.0,2.0,55.0,3,4296.88
Varsova Layout,1088.0,2.0,43.5,2,3998.16
Varsova Layout,7000.0,6.0,560.0,6,8000.0
Varthur,1160.0,2.0,44.0,2,3793.1
Varthur,1385.0,2.0,80.0,2,5776.17
Varthur,1535.0,3.0,65.99,3,4299.02
Varthur,1024.0,2.0,42.0,2,4101.56
Varthur,1125.0,2.0,40.0,2,3555.56
Varthur,1112.0,2.0,40.0,2,3597.12
Varthur,1055.0,2.0,45.35,2,4298.58
Varthur,977.0,2.0,36.0,2,3684.75
Varthur,1200.0,3.0,67.75,3,5645.83
Varthur,1111.0,2.0,41.88,2,3769.58
Varthur,1140.0,2.0,55.5,2,4868.42
Varthur,1012.0,2.0,59.0,2,5830.04
Varthur,1140.0,2.0,39.9,2,3500.0
Varthur,1090.0,2.0,48.0,2,4403.67
Varthur,1450.0,3.0,71.0,3,4896.55
Varthur,1210.0,2.0,60.0,2,4958.68
Varthur,1070.0,2.0,46.0,2,4299.07
Varthur,1360.0,2.0,85.0,3,6250.0
Varthur,965.0,2.0,34.0,2,3523.32
Varthur,1120.0,2.0,44.24,2,3950.0
Varthur,1395.0,2.0,79.0,3,5663.08
Varthur,1085.0,2.0,45.0,2,4147.47
Varthur,1250.0,2.0,47.0,2,3760.0
Varthur,1200.0,3.0,68.38,3,5698.33
Varthur,1520.0,2.0,61.0,3,4013.16
Varthur,1155.0,2.0,60.0,2,5194.81
Varthur,1035.0,2.0,60.0,2,5797.1
Varthur,1155.0,2.0,39.0,2,3376.62
Varthur,1180.0,2.0,55.0,2,4661.02
Varthur,1520.0,2.0,60.0,3,3947.37
Varthur,1738.0,2.0,57.35,2,3299.77
Varthur,1045.0,2.0,40.65,2,3889.95
Varthur,1155.0,2.0,39.0,2,3376.62
Varthur,1615.0,3.0,69.43,3,4299.07
Varthur,1210.0,2.0,64.15,2,5301.65
Varthur,1737.0,2.0,57.32,3,3299.94
Varthur,1105.0,2.0,38.0,2,3438.91
Varthur,1560.0,3.0,90.0,3,5769.23
Varthur,1760.0,2.0,85.0,2,4829.55
Varthur,1210.0,2.0,54.0,2,4462.81
Varthur,1112.0,2.0,40.0,2,3597.12
Varthur,1600.0,3.0,63.2,3,3950.0
Varthur,1000.0,1.0,65.0,2,6500.0
Varthur,1665.0,3.0,71.58,3,4299.1
Varthur Road,900.0,2.0,27.0,2,3000.0
Varthur Road,1277.0,2.0,59.0,2,4620.2
Varthur Road,1247.0,2.0,58.0,3,4651.16
Varthur Road,1050.0,2.0,42.7,2,4066.67
Varthur Road,1255.0,2.0,52.76,2,4203.98
Varthur Road,1033.0,2.0,30.47,3,2949.66
Varthur Road,1033.0,2.0,32.0,2,3097.77
Varthur Road,1140.0,2.0,49.11,2,4307.89
Varthur Road,850.0,2.0,25.4,2,2988.24
"Varthur Road, ",1330.0,2.0,64.0,2,4812.03
Vasanth nagar,3025.0,3.0,500.0,3,16528.93
Vasanth nagar,2328.0,4.0,528.0,4,22680.41
Vasanth nagar,4750.0,6.0,1102.0,4,23200.0
Vasanth nagar,2295.0,3.0,650.0,6,28322.44
Vasanth nagar,4750.0,6.0,948.0,4,19957.89
Vasantha Vallabha Nagar,1500.0,2.0,95.0,3,6333.33
Vasantha Vallabha Nagar,1600.0,3.0,76.0,3,4750.0
Vasantha Vallabha Nagar,900.0,1.0,44.0,2,4888.89
Vasanthapura,1022.0,2.0,40.0,2,3913.89
Vasanthapura,1135.0,2.0,39.73,2,3500.44
Vasanthapura,995.0,2.0,34.82,2,3499.5
Vasanthapura,995.0,2.0,34.82,2,3499.5
Vasanthapura,1037.0,2.0,36.28,2,3498.55
Vasanthapura,978.0,2.0,34.22,2,3498.98
Vasanthapura,1037.0,2.0,36.28,2,3498.55
Veer Sandra,3000.0,4.0,264.0,4,8800.0
Veersandra,1250.0,2.0,55.0,2,4400.0
Venkatadri Layout,595.0,1.0,42.0,1,7058.82
Venkatadri Layout,596.0,1.0,42.0,1,7046.98
Venkatapura,3080.0,2.0,285.0,4,9253.25
Venkatapura,5720.0,3.0,350.0,3,6118.88
Venkatapura,2700.0,2.0,260.0,3,9629.63
Venugopal Reddy Layout,1545.0,3.0,85.0,3,5501.62
Versova Layout,2020.0,3.0,270.0,3,13366.34
Vibuthipura,2150.0,4.0,80.0,4,3720.93
Vibuthipura,1603.0,2.0,125.0,3,7797.88
Victoria Layout,1650.0,3.0,165.0,3,10000.0
Victoria Layout,1300.0,2.0,129.0,2,9923.08
Victoria Layout,850.0,2.0,72.0,2,8470.59
Victoria Layout,1276.0,2.0,146.0,2,11442.01
Victoria Layout,1115.0,2.0,115.0,2,10313.9
Vidyaranyapura,1440.0,2.0,95.0,2,6597.22
Vidyaranyapura,1062.0,2.0,38.0,2,3578.15
Vidyaranyapura,1200.0,2.0,55.0,2,4583.33
Vidyaranyapura,1200.0,4.0,90.0,4,7500.0
Vidyaranyapura,1485.0,2.0,67.0,3,4511.78
Vidyaranyapura,1060.0,2.0,55.0,2,5188.68
Vidyaranyapura,1100.0,2.0,54.0,2,4909.09
Vidyaranyapura,1440.0,2.0,70.0,3,4861.11
Vidyaranyapura,1100.0,2.0,54.0,2,4909.09
Vidyaranyapura,1000.0,2.0,35.0,2,3500.0
Vidyaranyapura,1560.0,3.0,68.0,3,4358.97
Vidyaranyapura,1120.0,2.0,70.0,2,6250.0
Vidyaranyapura,1100.0,2.0,54.0,2,4909.09
Vidyaranyapura,1200.0,2.0,65.0,3,5416.67
Vidyaranyapura,1200.0,2.0,52.0,2,4333.33
Vidyaranyapura,1050.0,2.0,50.0,2,4761.9
Vidyaranyapura,1188.0,2.0,50.0,2,4208.75
Vidyaranyapura,1100.0,2.0,75.0,3,6818.18
Vidyaranyapura,1100.0,2.0,72.0,3,6545.45
Vidyaranyapura,2400.0,5.0,135.0,4,5625.0
Vidyaranyapura,1100.0,2.0,41.0,2,3727.27
Vidyaranyapura,1200.0,2.0,60.5,2,5041.67
Vidyaranyapura,1200.0,2.0,42.0,2,3500.0
Vignana Nagar,1200.0,2.0,55.0,2,4583.33
Vignana Nagar,1100.0,2.0,47.0,2,4272.73
Vignana Nagar,1110.0,2.0,58.0,2,5225.23
Vignana Nagar,1000.0,2.0,35.0,2,3500.0
Vijaya Bank Layout,2400.0,2.0,150.0,3,6250.0
Vijaya Bank Layout,1374.0,2.0,70.0,3,5094.61
Vijaya Bank Layout,1605.0,2.0,85.0,3,5295.95
Vijaya Bank Layout,1200.0,2.0,68.0,3,5666.67
Vijaya Bank Layout,1700.0,2.0,68.5,3,4029.41
Vijaya Bank Layout,4000.0,6.0,460.0,6,11500.0
Vijayanagar,1704.0,3.0,110.0,3,6455.4
Vijayanagar,1933.0,3.0,129.0,3,6673.56
Vijayanagar,1500.0,3.0,75.5,3,5033.33
Vijayanagar,1450.0,3.0,100.0,3,6896.55
Vijayanagar,1580.0,2.0,134.0,3,8481.01
Vijayanagar,1826.0,3.0,121.0,3,6626.51
Vijayanagar,1739.0,3.0,116.0,3,6670.5
Vijayanagar,1490.0,3.0,100.0,3,6711.41
Vijayanagar,1180.0,2.0,65.0,2,5508.47
Vijayanagar,606.0,1.0,34.78,1,5739.27
Vijayanagar,1352.0,2.0,68.0,2,5029.59
Vijayanagar,1527.0,3.0,115.0,3,7531.11
Vijayanagar,989.0,2.0,60.0,2,6066.73
Vijayanagar,1520.0,2.0,103.0,3,6776.32
Vijayanagar,1749.0,3.0,117.0,3,6689.54
Vijayanagar,1046.0,2.0,75.0,2,7170.17
Vijayanagar,606.0,1.0,40.0,1,6600.66
Vijayanagar,1200.0,2.0,62.0,2,5166.67
Vijayanagar,1300.0,2.0,75.0,3,5769.23
Vijayanagar,1484.0,3.0,79.19,3,5336.25
Vijayanagar,2047.0,3.0,136.0,3,6643.87
Vijayanagar,1200.0,2.0,75.0,3,6250.0
Vijayanagar,1178.0,2.0,82.0,2,6960.95
Vijayanagar,864.0,2.0,45.0,2,5208.33
Vijayanagar,2100.0,6.0,252.0,4,12000.0
Vijayanagar,920.0,2.0,60.0,2,6521.74
Vijayanagar,1019.0,2.0,58.0,2,5691.85
Vijayanagar,2400.0,6.0,125.0,5,5208.33
Vijayanagar,1180.0,2.0,86.0,2,7288.14
Vijayanagar,1046.0,2.0,49.06,2,4690.25
Vijayanagar,2400.0,2.0,230.0,1,9583.33
Vijayanagar,492.0,1.0,40.0,1,8130.08
Vijayanagar,1375.0,2.0,75.0,3,5454.55
Vijinapura,1290.0,2.0,71.95,2,5577.52
Vimanapura,1275.0,2.0,47.0,2,3686.27
Vinayak Nagar,705.0,1.0,36.5,1,5177.3
Vinayak Nagar,1758.0,3.0,95.0,3,5403.87
Vinayaka Nagar,1340.0,2.0,65.0,2,4850.75
Vinayaka Nagar,1200.0,2.0,52.0,2,4333.33
Vinayaka Nagar,1145.0,2.0,51.0,2,4454.15
Virat Nagar,1196.0,2.0,56.81,2,4750.0
Virat Nagar,1110.0,2.0,52.0,2,4684.68
Virat Nagar,1215.0,2.0,49.75,3,4094.65
Virupakshapura,1075.0,2.0,55.0,2,5116.28
Vishveshwarya Layout,750.0,1.0,30.0,1,4000.0
Vishveshwarya Layout,2100.0,6.0,92.0,6,4380.95
Vishveshwarya Layout,2000.0,3.0,90.0,4,4500.0
Vishwanatha Nagenahalli,2159.0,3.0,110.0,3,5094.95
Vishwanatha Nagenahalli,2159.0,3.0,120.0,3,5558.13
Vishwanatha Nagenahalli,2200.0,3.0,115.0,4,5227.27
Vishwanatha Nagenahalli,2159.0,3.0,120.0,3,5558.13
Vishwapriya Layout,820.0,2.0,30.0,2,3658.54
Vishwapriya Layout,770.0,2.0,30.0,2,3896.1
Vishwapriya Layout,910.0,2.0,36.0,2,3956.04
Vishwapriya Layout,890.0,2.0,37.0,2,4157.3
Vishwapriya Nagar,946.0,2.0,38.0,2,4016.91
Vishwapriya Nagar,1200.0,3.0,80.0,3,6666.67
Vittal Nagar,1100.0,2.0,49.0,2,4454.55
Vittal Nagar,1000.0,2.0,45.0,2,4500.0
Vittasandra,1404.0,2.0,71.0,2,5056.98
Vittasandra,1246.0,2.0,67.0,2,5377.21
Vittasandra,1404.0,2.0,69.3,2,4935.9
Vittasandra,1246.0,2.0,67.3,2,5401.28
Vittasandra,1246.0,2.0,64.5,2,5176.57
Vittasandra,1246.0,2.0,64.5,2,5176.57
Vittasandra,1246.0,2.0,68.0,2,5457.46
Vittasandra,1743.0,3.0,85.0,3,4876.65
Vittasandra,1238.0,2.0,67.0,2,5411.95
Vittasandra,1404.0,2.0,75.0,2,5341.88
Vittasandra,1246.0,2.0,65.0,2,5216.69
Vittasandra,1238.0,2.0,67.0,2,5411.95
Vittasandra,1246.0,2.0,67.4,2,5409.31
Vittasandra,1259.0,2.0,67.4,2,5353.46
Vittasandra,1404.0,2.0,68.8,2,4900.28
Vittasandra,1246.0,2.0,62.3,2,5000.0
Vittasandra,1246.0,2.0,63.0,2,5056.18
Vittasandra,1246.0,2.0,67.4,2,5409.31
Vittasandra,1246.0,2.0,65.4,2,5248.8
Vittasandra,1650.0,3.0,84.0,3,5090.91
Vittasandra,1238.0,2.0,67.32,2,5437.8
Vittasandra,1246.0,2.0,67.4,2,5409.31
Vittasandra,1650.0,3.0,85.0,3,5151.52
Vittasandra,1246.0,2.0,67.3,2,5401.28
Vittasandra,1404.0,2.0,70.0,2,4985.75
Vittasandra,1259.0,2.0,67.48,2,5359.81
Vittasandra,1404.0,2.0,75.0,2,5341.88
Vittasandra,1650.0,3.0,85.5,3,5181.82
Vittasandra,1246.0,2.0,67.0,2,5377.21
Vittasandra,1650.0,3.0,85.0,3,5151.52
Vittasandra,1650.0,3.0,85.5,3,5181.82
Vittasandra,1404.0,2.0,72.0,2,5128.21
Vittasandra,1246.0,2.0,67.5,2,5417.34
Vittasandra,1246.0,2.0,67.5,2,5417.34
Vittasandra,1404.0,2.0,70.0,2,4985.75
Vittasandra,1246.0,2.0,65.0,2,5216.69
Vittasandra,1246.0,2.0,67.4,2,5409.31
Vittasandra,1648.0,3.0,85.0,3,5157.77
Vivek Nagar,1600.0,2.0,160.0,2,10000.0
Volagerekallahalli,1070.0,2.0,33.0,2,3084.11
Volagerekallahalli,1070.0,2.0,33.15,2,3098.13
Volagerekallahalli,1067.0,2.0,33.99,2,3185.57
Volagerekallahalli,1070.0,2.0,32.99,2,3083.18
Volagerekallahalli,1070.0,2.0,33.43,2,3124.3
Volagerekallahalli,1095.0,2.0,39.0,2,3561.64
Whitefield,1170.0,2.0,38.0,2,3247.86
Whitefield,1800.0,2.0,70.0,3,3888.89
Whitefield,1610.0,3.0,81.0,3,5031.06
Whitefield,1459.0,2.0,94.82,2,6498.97
Whitefield,2010.0,3.0,91.0,3,4527.36
Whitefield,1116.0,2.0,51.91,2,4651.43
Whitefield,1225.0,2.0,47.6,2,3885.71
Whitefield,1075.0,2.0,53.0,2,4930.23
Whitefield,1280.0,2.0,75.0,2,5859.38
Whitefield,1173.0,2.0,58.0,2,4944.59
Whitefield,1910.0,3.0,161.0,3,8429.32
Whitefield,3252.0,4.0,230.0,4,7072.57
Whitefield,11890.0,4.0,700.0,4,5887.3
Whitefield,1130.0,2.0,42.16,2,3730.97
Whitefield,1040.0,2.0,48.5,2,4663.46
Whitefield,1150.0,2.0,70.0,2,6086.96
Whitefield,1768.0,3.0,101.0,3,5712.67
Whitefield,1500.0,3.0,61.95,3,4130.0
Whitefield,4144.0,4.0,315.0,4,7601.35
Whitefield,4104.0,4.0,360.0,4,8771.93
Whitefield,1720.0,3.0,100.0,3,5813.95
Whitefield,1140.0,2.0,56.0,2,4912.28
Whitefield,1640.0,4.0,91.0,3,5548.78
Whitefield,805.0,2.0,35.0,2,4347.83
Whitefield,1155.0,2.0,59.95,2,5190.48
Whitefield,2280.0,4.0,126.0,3,5526.32
Whitefield,1650.0,3.0,60.0,3,3636.36
Whitefield,1447.0,2.0,83.0,2,5736.01
Whitefield,1116.0,2.0,51.91,2,4651.43
Whitefield,1897.0,3.0,130.0,3,6852.93
Whitefield,2225.0,2.0,125.0,3,5617.98
Whitefield,1495.0,2.0,79.5,2,5317.73
Whitefield,1113.0,2.0,62.0,2,5570.53
Whitefield,2268.0,3.0,163.0,4,7186.95
Whitefield,1560.0,2.0,72.0,3,4615.38
Whitefield,1200.0,2.0,45.84,2,3820.0
Whitefield,2400.0,4.0,200.0,4,8333.33
Whitefield,1985.0,3.0,75.0,3,3778.34
Whitefield,1360.0,2.0,95.0,2,6985.29
Whitefield,1254.0,2.0,40.0,2,3189.79
Whitefield,1697.0,3.0,94.79,3,5585.74
Whitefield,5000.0,4.0,400.0,4,8000.0
Whitefield,3000.0,5.0,250.0,4,8333.33
Whitefield,1700.0,3.0,115.0,3,6764.71
Whitefield,1140.0,2.0,41.0,2,3596.49
Whitefield,1190.0,2.0,57.0,2,4789.92
Whitefield,2842.0,3.0,162.0,3,5700.21
Whitefield,1403.0,2.0,60.81,3,4334.28
Whitefield,1232.0,2.0,45.0,2,3652.6
Whitefield,1485.0,3.0,65.0,3,4377.1
Whitefield,1500.0,3.0,130.0,3,8666.67
Whitefield,1280.0,2.0,75.0,2,5859.38
Whitefield,1330.0,2.0,71.0,2,5338.35
Whitefield,1405.0,2.0,78.0,3,5551.6
Whitefield,2225.0,3.0,115.0,3,5168.54
Whitefield,1272.0,2.0,95.05,2,7472.48
Whitefield,1205.0,2.0,39.0,2,3236.51
Whitefield,1541.0,3.0,72.0,3,4672.29
Whitefield,1192.0,2.0,71.0,2,5956.38
Whitefield,1277.0,2.0,61.3,2,4800.31
Whitefield,1185.0,2.0,40.0,2,3375.53
Whitefield,1306.0,3.0,54.65,3,4184.53
Whitefield,1626.0,3.0,89.0,3,5473.55
Whitefield,1585.0,3.0,88.0,3,5552.05
Whitefield,1125.0,2.0,62.0,2,5511.11
Whitefield,1280.0,2.0,85.0,2,6640.62
Whitefield,1200.0,3.0,68.5,3,5708.33
Whitefield,4000.0,4.0,330.0,4,8250.0
Whitefield,1697.0,3.0,108.0,3,6364.17
Whitefield,1205.0,2.0,58.0,2,4813.28
Whitefield,3606.0,4.0,312.0,4,8652.25
Whitefield,1485.0,2.0,90.0,2,6060.61
Whitefield,950.0,1.0,50.0,1,5263.16
Whitefield,825.0,1.0,45.0,1,5454.55
Whitefield,1155.0,2.0,60.0,2,5194.81
Whitefield,2010.0,3.0,92.0,3,4577.11
Whitefield,1635.0,2.0,85.0,3,5198.78
Whitefield,1216.0,2.0,79.0,2,6496.71
Whitefield,1200.0,3.0,56.2,3,4683.33
Whitefield,1215.0,2.0,65.0,2,5349.79
Whitefield,1870.0,3.0,90.0,3,4812.83
Whitefield,1260.0,2.0,49.5,2,3928.57
Whitefield,2856.0,5.0,145.5,4,5094.54
Whitefield,920.0,2.0,63.0,2,6847.83
Whitefield,1165.0,2.0,40.5,2,3476.39
Whitefield,1170.0,2.0,71.0,2,6068.38
Whitefield,1118.0,2.0,75.0,2,6708.41
Whitefield,1562.0,3.0,103.0,3,6594.11
Whitefield,1190.0,2.0,67.0,2,5630.25
Whitefield,1102.0,2.0,48.0,2,4355.72
Whitefield,2321.0,4.0,128.0,3,5514.86
Whitefield,1320.0,2.0,95.0,2,7196.97
Whitefield,735.0,2.0,35.0,2,4761.9
Whitefield,1896.0,3.0,75.0,3,3955.7
Whitefield,3010.0,3.0,200.0,3,6644.52
Whitefield,1346.0,2.0,96.17,2,7144.87
Whitefield,1410.0,3.0,43.71,3,3100.0
Whitefield,1150.0,2.0,44.0,3,3826.09
Whitefield,1280.0,2.0,52.0,2,4062.5
Whitefield,2500.0,4.0,155.0,4,6200.0
Whitefield,905.0,1.0,55.0,1,6077.35
Whitefield,1200.0,2.0,46.13,2,3844.17
Whitefield,2268.0,3.0,146.0,4,6437.39
Whitefield,1150.0,2.0,55.0,2,4782.61
Whitefield,1500.0,3.0,71.8,3,4786.67
Whitefield,630.5,1.0,32.79,1,5200.63
Whitefield,3537.0,5.0,210.0,4,5937.23
Whitefield,1285.0,2.0,55.9,2,4350.19
Whitefield,1697.0,3.0,115.0,3,6776.66
Whitefield,1130.0,2.0,36.0,2,3185.84
Whitefield,1215.0,2.0,39.0,2,3209.88
Whitefield,1495.0,2.0,79.5,2,5317.73
Whitefield,3250.0,5.0,290.0,5,8923.08
Whitefield,1216.0,2.0,66.48,2,5467.11
Whitefield,1350.0,3.0,54.0,3,4000.0
Whitefield,1173.0,2.0,60.0,2,5115.09
Whitefield,1269.0,2.0,75.0,2,5910.17
Whitefield,3227.0,5.0,250.0,5,7747.13
Whitefield,1545.0,3.0,79.0,3,5113.27
Whitefield,1306.0,3.0,54.65,3,4184.53
Whitefield,1000.0,2.0,35.0,2,3500.0
Whitefield,3262.0,4.0,260.0,4,7970.57
Whitefield,1386.0,3.0,57.46,3,4145.74
Whitefield,1132.0,2.0,79.28,2,7003.53
Whitefield,1200.0,2.0,45.84,2,3820.0
Whitefield,1140.0,2.0,39.0,2,3421.05
Whitefield,2830.0,5.0,160.0,4,5653.71
Whitefield,1205.0,2.0,40.0,2,3319.5
Whitefield,1195.0,2.0,70.0,2,5857.74
Whitefield,1738.0,2.0,79.0,3,4545.45
Whitefield,1250.0,2.0,72.0,2,5760.0
Whitefield,709.0,1.0,34.385,1,4849.79
Whitefield,1340.0,2.0,77.0,2,5746.27
Whitefield,1320.0,2.0,79.5,2,6022.73
Whitefield,750.0,2.0,52.7,2,7026.67
Whitefield,1200.0,3.0,61.96,3,5163.33
Whitefield,1180.0,2.0,41.0,2,3474.58
Whitefield,1095.0,2.0,35.0,2,3196.35
Whitefield,1415.0,2.0,67.0,2,4734.98
Whitefield,1105.0,2.0,41.36,2,3742.99
Whitefield,1200.0,2.0,45.0,2,3750.0
Whitefield,3445.0,5.0,270.0,4,7837.45
Whitefield,1700.0,3.0,140.0,3,8235.29
Whitefield,4827.0,4.0,400.0,4,8286.72
Whitefield,1405.0,2.0,84.5,2,6014.23
Whitefield,1345.0,2.0,57.0,3,4237.92
Whitefield,3252.0,4.0,280.0,4,8610.09
Whitefield,1200.0,2.0,45.0,2,3750.0
Whitefield,1150.0,2.0,90.0,2,7826.09
Whitefield,2400.0,4.0,147.0,4,6125.0
Whitefield,1440.0,2.0,64.0,3,4444.44
Whitefield,624.0,1.0,35.0,1,5608.97
Whitefield,1200.0,2.0,45.0,2,3750.0
Whitefield,1109.0,2.0,41.49,2,3741.21
Whitefield,1700.0,3.0,95.0,3,5588.24
Whitefield,4960.0,4.0,400.0,4,8064.52
Whitefield,2928.0,4.0,198.0,4,6762.3
Whitefield,1215.0,2.0,62.0,2,5102.88
Whitefield,2700.0,5.0,175.0,3,6481.48
Whitefield,1216.0,2.0,84.0,2,6907.89
Whitefield,2882.0,5.0,204.0,4,7078.42
Whitefield,1840.0,3.0,140.0,3,7608.7
Whitefield,1778.0,3.0,122.0,3,6861.64
Whitefield,1400.0,2.0,80.0,2,5714.29
Whitefield,650.0,1.0,25.0,1,3846.15
Whitefield,2155.0,3.0,125.0,4,5800.46
Whitefield,1230.0,2.0,59.0,2,4796.75
Whitefield,1205.0,2.0,40.0,2,3319.5
Whitefield,1125.0,2.0,40.0,2,3555.56
Whitefield,1216.0,2.0,69.06,2,5679.28
Whitefield,1216.0,2.0,75.0,2,6167.76
Whitefield,1355.0,2.0,78.0,2,5756.46
Whitefield,1255.0,2.0,77.0,2,6135.46
Whitefield,1216.0,2.0,73.0,2,6003.29
Whitefield,709.0,1.0,34.735,1,4899.15
Whitefield,1140.0,2.0,45.0,2,3947.37
Whitefield,1190.0,2.0,60.0,2,5042.02
Whitefield,1312.0,2.0,55.0,2,4192.07
Whitefield,1745.0,3.0,100.0,3,5730.66
Whitefield,3200.0,4.0,224.0,4,7000.0
Whitefield,1096.0,2.0,39.0,2,3558.39
Whitefield,825.0,1.0,44.9,1,5442.42
Whitefield,1116.0,2.0,51.91,2,4651.43
Whitefield,1227.0,2.0,53.49,2,4359.41
Whitefield,1235.0,2.0,47.0,2,3805.67
Whitefield,1870.0,3.0,138.0,3,7379.68
Whitefield,1175.0,2.0,39.0,2,3319.15
Whitefield,1180.0,2.0,41.0,2,3474.58
Whitefield,1862.0,3.0,125.0,3,6713.21
Whitefield,1655.0,3.0,113.0,3,6827.79
Whitefield,530.0,1.0,29.44,1,5554.72
Whitefield,1085.0,2.0,57.0,2,5253.46
Whitefield,905.0,1.0,50.0,1,5524.86
Whitefield,1600.0,3.0,82.0,3,5125.0
Whitefield,1230.0,4.0,80.0,4,6504.07
Whitefield,1255.0,2.0,40.0,2,3187.25
Whitefield,630.5,1.0,32.15,1,5099.13
Whitefield,905.0,1.0,52.0,1,5745.86
Whitefield,1200.0,3.0,57.15,3,4762.5
Whitefield,1451.0,2.0,52.43,3,3613.37
Whitefield,1187.0,2.0,37.85,2,3188.71
Whitefield,1216.0,2.0,83.0,2,6825.66
Whitefield,1301.0,2.0,65.0,2,4996.16
Whitefield,1330.0,2.0,55.0,3,4135.34
Whitefield,1155.0,2.0,55.0,2,4761.9
Whitefield,1355.0,3.0,76.0,2,5608.86
Whitefield,4075.0,5.0,226.0,4,5546.01
Whitefield,1216.0,2.0,75.0,2,6167.76
Whitefield,1242.0,2.0,65.0,2,5233.49
Whitefield,1548.0,3.0,65.0,3,4198.97
Whitefield,2856.0,5.0,154.5,4,5409.66
Whitefield,1200.0,2.0,46.13,2,3844.17
Whitefield,1200.0,2.0,46.13,2,3844.17
Whitefield,1405.0,3.0,58.0,3,4128.11
Whitefield,2856.0,5.0,158.5,4,5549.72
Whitefield,1355.0,2.0,73.0,2,5387.45
Whitefield,2882.0,5.0,158.0,4,5482.3
Whitefield,750.0,1.0,51.0,1,6800.0
Whitefield,1115.0,2.0,34.555,2,3099.1
Whitefield,1105.0,2.0,39.99,2,3619.0
Whitefield,1173.0,2.0,77.0,2,6564.36
Whitefield,1200.0,3.0,68.4,3,5700.0
Whitefield,982.0,2.0,37.0,2,3767.82
Whitefield,1118.0,2.0,42.0,2,3756.71
Whitefield,1216.0,2.0,69.0,2,5674.34
Whitefield,3425.0,5.0,250.0,4,7299.27
Whitefield,1100.0,2.0,37.0,2,3363.64
Whitefield,1200.0,3.0,56.0,3,4666.67
Whitefield,2856.0,5.0,157.5,4,5514.71
Whitefield,1550.0,2.0,49.6,3,3200.0
Whitefield,2173.0,3.0,128.0,3,5890.47
Whitefield,1435.0,3.0,45.0,3,3135.89
Whitefield,905.0,1.0,62.0,1,6850.83
Whitefield,1870.0,3.0,138.0,3,7379.68
Whitefield,1320.0,2.0,99.26,2,7519.7
Whitefield,2901.0,4.0,190.0,3,6549.47
Whitefield,1485.0,2.0,96.51,2,6498.99
Whitefield,1755.0,3.0,101.0,3,5754.99
Whitefield,1608.0,2.0,63.0,3,3917.91
Whitefield,2225.0,3.0,149.0,3,6696.63
Whitefield,1250.0,2.0,82.0,2,6560.0
Whitefield,605.0,1.0,40.0,1,6611.57
Whitefield,1185.0,2.0,41.0,2,3459.92
Whitefield,1200.0,3.0,56.58,3,4715.0
Whitefield,2210.0,3.0,156.0,3,7058.82
Whitefield,1173.0,2.0,78.2,2,6666.67
Whitefield,1740.0,4.0,130.0,3,7471.26
Whitefield,1216.0,2.0,75.0,2,6167.76
Whitefield,1060.0,2.0,35.0,2,3301.89
Whitefield,1655.0,3.0,120.0,3,7250.76
Whitefield,4003.0,6.0,300.0,4,7494.38
Whitefield,1125.0,2.0,45.0,2,4000.0
Whitefield,1180.0,2.0,70.0,2,5932.2
Whitefield,1280.0,2.0,69.0,2,5390.62
Whitefield,2023.0,4.0,130.0,3,6426.1
Whitefield,2134.0,4.0,118.0,3,5529.52
Whitefield,1458.0,2.0,62.0,3,4252.4
Whitefield,1808.0,4.0,80.0,3,4424.78
Whitefield,905.0,1.0,60.0,1,6629.83
Whitefield,1537.0,2.0,70.0,3,4554.33
Whitefield,1186.0,2.0,55.0,2,4637.44
Whitefield,1806.0,3.0,85.0,3,4706.53
Whitefield,1109.0,2.0,35.22,2,3175.83
Whitefield,1216.0,2.0,67.0,2,5509.87
Whitefield,2850.0,5.0,240.0,4,8421.05
Whitefield,1150.0,2.0,55.0,2,4782.61
Whitefield,1600.0,3.0,69.0,3,4312.5
Whitefield,2830.0,5.0,190.0,4,6713.78
Whitefield,1295.0,2.0,78.5,2,6061.78
Whitefield,840.0,1.0,57.6,1,6857.14
Whitefield,640.0,1.0,19.83,1,3098.44
Whitefield,1991.0,3.0,104.0,3,5223.51
Whitefield,1190.0,2.0,41.0,2,3445.38
Whitefield,1109.0,2.0,35.47,2,3198.38
Whitefield,5200.0,5.0,242.0,4,4653.85
Whitefield,1655.0,3.0,97.0,3,5861.03
Whitefield,1850.0,3.0,150.0,3,8108.11
Whitefield,1200.0,3.0,67.77,3,5647.5
Whitefield,1290.0,2.0,90.0,2,6976.74
Whitefield,1200.0,2.0,45.0,2,3750.0
Whitefield,1140.0,2.0,40.0,2,3508.77
Whitefield,1216.0,2.0,75.0,2,6167.76
Whitefield,1356.0,2.0,94.84,2,6994.1
Whitefield,1338.0,2.0,103.0,2,7698.06
Whitefield,1115.0,2.0,55.0,2,4932.74
Whitefield,1870.0,3.0,90.0,3,4812.83
Whitefield,3450.0,4.0,208.0,3,6028.99
Whitefield,1105.0,2.0,35.36,2,3200.0
Whitefield,1074.0,2.0,42.79,2,3984.17
Whitefield,1100.0,2.0,52.0,2,4727.27
Whitefield,1267.0,2.0,90.33,2,7129.44
Whitefield,2400.0,4.0,143.0,4,5958.33
Whitefield,1836.0,3.0,125.0,3,6808.28
Whitefield,1197.0,2.0,50.0,2,4177.11
Whitefield,3596.0,3.0,200.0,3,5561.74
Whitefield,1275.0,2.0,65.0,3,5098.04
Whitefield,1155.0,2.0,39.0,2,3376.62
Whitefield,1141.0,2.0,62.0,2,5433.83
Whitefield,1216.0,2.0,82.0,2,6743.42
Whitefield,1495.0,3.0,88.0,2,5886.29
Whitefield,1564.0,3.0,103.0,3,6585.68
Whitefield,1585.0,3.0,84.0,3,5299.68
Whitefield,1200.0,3.0,56.0,3,4666.67
Whitefield,1140.0,2.0,50.0,2,4385.96
Whitefield,1558.0,3.0,90.0,3,5776.64
Whitefield,1216.0,2.0,75.0,2,6167.76
Whitefield,1227.0,2.0,70.0,2,5704.97
Whitefield,1704.0,3.0,120.0,3,7042.25
Whitefield,1195.0,2.0,62.38,2,5220.08
Whitefield,1770.0,4.0,68.0,3,3841.81
Whitefield,1300.0,2.0,78.0,2,6000.0
Whitefield,1570.0,3.0,88.0,3,5605.1
Whitefield,1216.0,2.0,84.03,2,6910.36
Whitefield,1240.0,2.0,70.0,2,5645.16
Whitefield,1216.0,2.0,72.5,2,5962.17
Whitefield,1215.0,2.0,40.0,2,3292.18
Whitefield,2025.0,4.0,115.0,3,5679.01
Whitefield,1346.0,2.0,100.0,3,7429.42
Whitefield,1020.0,2.0,45.0,2,4411.76
Whitefield,935.0,2.0,32.72,2,3499.47
Whitefield,1024.0,2.0,32.0,2,3125.0
Whitefield,2990.0,3.0,198.0,4,6622.07
Whitefield,1600.0,3.0,69.1,3,4318.75
Whitefield,1205.0,2.0,58.0,2,4813.28
Whitefield,1720.0,3.0,98.97,3,5754.07
Whitefield,1600.0,3.0,95.0,3,5937.5
Whitefield,1655.0,3.0,108.0,3,6525.68
Whitefield,1740.0,3.0,95.0,3,5459.77
Whitefield,1200.0,3.0,56.72,3,4726.67
Whitefield,1350.0,2.0,88.0,2,6518.52
Whitefield,1030.0,2.0,44.0,2,4271.84
Whitefield,1216.0,2.0,80.0,2,6578.95
Whitefield,2900.0,4.0,225.0,4,7758.62
Whitefield,1340.0,2.0,101.0,2,7537.31
Whitefield,1190.0,2.0,64.0,2,5378.15
Whitefield,1500.0,3.0,78.57,3,5238.0
Whitefield,1626.0,3.0,85.0,3,5227.55
Whitefield,1195.0,2.0,61.36,2,5134.73
Whitefield,1100.0,2.0,65.0,2,5909.09
Whitefield,1100.0,2.0,46.5,2,4227.27
Whitefield,1270.0,2.0,65.0,3,5118.11
Whitefield,3117.0,3.0,261.0,3,8373.44
Whitefield,1216.0,2.0,73.0,2,6003.29
Whitefield,1135.0,2.0,58.0,2,5110.13
Whitefield,3150.0,3.0,290.0,3,9206.35
Whitefield,1185.0,2.0,56.0,2,4725.74
Whitefield,1530.0,3.0,75.0,3,4901.96
Whitefield,1015.0,2.0,45.0,2,4433.5
Whitefield,1187.0,2.0,38.0,2,3201.35
Whitefield,3940.0,5.0,265.0,4,6725.89
Whitefield,1190.0,2.0,59.0,2,4957.98
Whitefield,1160.0,2.0,67.0,2,5775.86
Whitefield,1216.0,2.0,66.88,2,5500.0
Whitefield,1180.0,2.0,77.0,2,6525.42
Whitefield,2140.0,3.0,139.0,3,6495.33
Whitefield,1314.0,2.0,84.0,2,6392.69
Whitefield,1530.0,3.0,73.0,3,4771.24
Whitefield,1160.0,2.0,39.0,2,3362.07
Whitefield,1012.0,2.0,58.0,2,5731.23
Whitefield,1150.0,2.0,40.21,2,3496.52
Whitefield,1340.0,2.0,41.0,2,3059.7
Whitefield,1431.0,3.0,85.0,3,5939.9
Whitefield,524.0,1.0,29.0,1,5534.35
Whitefield,2830.0,4.0,161.0,4,5689.05
Whitefield,2135.0,3.0,149.0,4,6978.92
Whitefield,2500.0,4.0,100.0,4,4000.0
Whitefield,3075.0,2.0,188.0,4,6113.82
Whitefield,1760.0,3.0,160.0,3,9090.91
Whitefield,1655.0,3.0,110.0,3,6646.53
Whitefield,840.0,1.0,57.0,1,6785.71
Whitefield,1725.0,3.0,106.0,3,6144.93
Whitefield,1130.0,2.0,36.0,2,3185.84
Whitefield,1059.0,2.0,57.0,2,5382.44
Whitefield,516.0,1.0,39.0,1,7558.14
Whitefield,1116.0,2.0,51.91,2,4651.43
Whitefield,1639.0,3.0,107.0,3,6528.37
Whitefield,1820.0,3.0,113.0,3,6208.79
Whitefield,1990.0,3.0,98.0,3,4924.62
Whitefield,3565.0,4.0,218.0,4,6115.01
Whitefield,3410.0,5.0,253.0,4,7419.35
Whitefield,1345.0,3.0,58.0,3,4312.27
Whitefield,1205.0,2.0,41.0,2,3402.49
Whitefield,1250.0,2.0,85.0,2,6800.0
Whitefield,1115.0,2.0,51.91,2,4655.61
Whitefield,1277.0,2.0,77.0,2,6029.76
Whitefield,1820.0,3.0,140.0,3,7692.31
Whitefield,3453.0,4.0,247.0,4,7153.2
Whitefield,1245.0,2.0,59.76,2,4800.0
Whitefield,1322.5,3.0,40.985,3,3099.05
Whitefield,1074.0,2.0,42.8,2,3985.1
Whitefield,1200.0,2.0,46.13,2,3844.17
Whitefield,1200.0,2.0,45.84,2,3820.0
Whitefield,2280.0,4.0,125.0,3,5482.46
Whitefield,2882.0,5.0,200.0,4,6939.63
Whitefield,1170.0,2.0,56.0,2,4786.32
Whitefield,1639.5,3.0,92.63,3,5649.89
Whitefield,1390.0,2.0,72.0,2,5179.86
Whitefield,1634.0,3.0,68.0,3,4161.57
Whitefield,1190.0,2.0,70.0,2,5882.35
Whitefield,1105.0,2.0,35.4,2,3203.62
Whitefield,1270.0,2.0,94.0,2,7401.57
Whitefield,1220.0,2.0,89.0,2,7295.08
Whitefield,1116.0,2.0,51.91,2,4651.43
Whitefield,1436.0,2.0,62.15,3,4327.99
Whitefield,3758.0,3.0,300.0,3,7982.97
Whitefield,1452.0,2.0,46.29,3,3188.02
Whitefield,1370.0,2.0,56.0,2,4087.59
Whitefield,1050.0,2.0,43.0,2,4095.24
Whitefield,1496.0,2.0,71.81,3,4800.13
Whitefield,1216.0,2.0,72.0,2,5921.05
Whitefield,1158.0,2.0,55.0,2,4749.57
Whitefield,5400.0,5.0,475.0,4,8796.3
Whitefield,1396.0,3.0,74.0,3,5300.86
Whitefield,1175.0,2.0,41.0,2,3489.36
Whitefield,1315.0,2.0,55.0,2,4182.51
Whitefield,1451.0,2.0,46.4,3,3197.79
Whitefield,1063.0,2.0,42.52,2,4000.0
Whitefield,1346.0,2.0,76.01,2,5647.1
Whitefield,1276.0,2.0,69.5,2,5446.71
Whitefield,1317.0,2.0,52.0,2,3948.37
Whitefield,2858.0,4.0,137.0,4,4793.56
Whitefield,1615.0,3.0,96.9,3,6000.0
Whitefield,1220.0,2.0,55.0,2,4508.2
Whitefield,1116.0,2.0,48.76,2,4369.18
Whitefield,1400.0,2.0,56.0,3,4000.0
Whitefield,1140.0,2.0,55.0,2,4824.56
Whitefield,1295.0,2.0,64.5,2,4980.69
Whitefield,1200.0,2.0,70.0,2,5833.33
Whitefield,1015.0,2.0,56.0,2,5517.24
Whitefield,1430.0,3.0,52.0,3,3636.36
Whitefield,1216.0,2.0,75.0,2,6167.76
Whitefield,1010.0,2.0,45.0,3,4455.45
Whitefield,2321.0,4.0,157.0,3,6764.33
Whitefield,1224.0,2.0,75.0,2,6127.45
Whitefield,1655.0,3.0,113.0,3,6827.79
Whitefield,1740.0,3.0,85.0,3,4885.06
Whitefield,4144.0,5.0,331.0,5,7987.45
Whitefield,925.0,2.0,35.0,2,3783.78
Whitefield,1175.0,2.0,50.0,2,4255.32
Whitefield,1200.0,3.0,67.75,3,5645.83
Whitefield,1270.0,2.0,110.0,2,8661.42
Whitefield,1660.0,3.0,110.0,3,6626.51
Whitefield,1270.0,2.0,105.0,2,8267.72
Whitefield,1315.0,2.0,69.5,2,5285.17
Whitefield,1173.0,2.0,78.2,2,6666.67
Whitefield,1362.0,2.0,85.0,2,6240.82
Whitefield,955.0,2.0,38.19,2,3998.95
Whitefield,1457.0,2.0,105.0,3,7206.59
Whitefield,1720.0,3.0,128.0,3,7441.86
Whitefield,1500.0,3.0,61.9,3,4126.67
Whitefield,1495.0,2.0,78.0,2,5217.39
Whitefield,1270.0,2.0,52.0,2,4094.49
Whitefield,1564.0,3.0,103.0,3,6585.68
Whitefield,1240.0,2.0,41.0,2,3306.45
Whitefield,1500.0,3.0,71.0,3,4733.33
Whitefield,1404.0,2.0,59.0,3,4202.28
Whitefield,1639.0,3.0,107.0,3,6528.37
Whitefield,1760.0,3.0,139.0,3,7897.73
Whitefield,613.0,1.0,48.0,1,7830.34
Whitefield,1730.0,3.0,125.0,3,7225.43
Whitefield,1453.0,2.0,58.0,3,3991.74
Whitefield,877.0,1.0,59.0,1,6727.48
Whitefield,2856.0,5.0,154.5,4,5409.66
Whitefield,3453.0,4.0,231.0,5,6689.83
"Whitefield, ",1300.0,2.0,58.0,2,4461.54
Wilson Garden,1125.0,2.0,75.0,2,6666.67
Wilson Garden,735.0,1.0,75.0,1,10204.08
Wilson Garden,1655.0,3.0,155.0,3,9365.56
Wilson Garden,1680.0,3.0,135.0,3,8035.71
Yarandahalli,1350.0,2.0,48.0,3,3555.56
Yarandahalli,1015.0,2.0,40.1,2,3950.74
Yelachenahalli,1400.0,2.0,55.0,3,3928.57
Yelachenahalli,1464.0,2.0,105.0,3,7172.13
Yelachenahalli,2400.0,1.0,150.0,2,6250.0
Yelachenahalli,1700.0,3.0,130.0,3,7647.06
Yelachenahalli,1080.0,2.0,55.0,2,5092.59
Yelachenahalli,1400.0,2.0,78.0,2,5571.43
Yelachenahalli,1330.0,3.0,73.5,3,5526.32
Yelachenahalli,800.0,1.0,30.0,2,3750.0
Yelachenahalli,1100.0,2.0,60.0,2,5454.55
Yelachenahalli,1365.0,2.0,72.0,3,5274.73
Yelachenahalli,1103.0,2.0,55.0,2,4986.4
Yelachenahalli,1000.0,2.0,50.0,2,5000.0
Yelahanka,1600.0,2.0,75.0,3,4687.5
Yelahanka,1326.0,2.0,78.0,2,5882.35
Yelahanka,1282.0,2.0,48.7,3,3798.75
Yelahanka,1350.0,2.0,55.55,2,4114.81
Yelahanka,1035.0,2.0,45.0,2,4347.83
Yelahanka,1350.0,2.0,54.0,2,4000.0
Yelahanka,1132.5,2.0,48.13,2,4249.89
Yelahanka,1210.0,2.0,45.98,2,3800.0
Yelahanka,1705.0,3.0,95.0,3,5571.85
Yelahanka,1234.0,2.0,80.0,2,6482.98
Yelahanka,1315.0,2.0,85.0,2,6463.88
Yelahanka,1170.0,2.0,62.5,2,5341.88
Yelahanka,1450.0,3.0,65.255,3,4500.34
Yelahanka,697.0,1.0,45.0,1,6456.24
Yelahanka,1120.0,2.0,55.0,2,4910.71
Yelahanka,2195.0,4.0,127.0,3,5785.88
Yelahanka,1075.0,2.0,51.5,2,4790.7
Yelahanka,1614.0,3.0,95.0,3,5886.0
Yelahanka,1381.0,2.0,52.48,3,3800.14
Yelahanka,628.0,1.0,24.0,1,3821.66
Yelahanka,1815.0,3.0,82.0,3,4517.91
Yelahanka,654.0,1.0,38.4,1,5871.56
Yelahanka,1150.0,2.0,46.0,2,4000.0
Yelahanka,1705.0,3.0,74.16,3,4349.56
Yelahanka,3042.0,4.0,131.0,4,4306.38
Yelahanka,1065.0,2.0,40.84,2,3834.74
Yelahanka,1036.0,2.0,39.35,2,3798.26
Yelahanka,1300.0,2.0,65.0,2,5000.0
Yelahanka,1825.0,3.0,105.0,3,5753.42
Yelahanka,1603.0,3.0,96.0,3,5988.77
Yelahanka,1304.0,2.0,79.0,2,6058.28
Yelahanka,1455.0,3.0,61.5,3,4226.8
Yelahanka,1180.0,2.0,42.0,2,3559.32
Yelahanka,1616.0,3.0,65.0,3,4022.28
Yelahanka,915.0,2.0,48.0,2,5245.9
Yelahanka,1026.0,2.0,41.0,2,3996.1
Yelahanka,1517.0,3.0,76.3,3,5029.66
Yelahanka,2912.5,6.0,125.5,4,4309.01
Yelahanka,600.0,2.0,27.0,2,4500.0
Yelahanka,1274.0,2.0,48.42,2,3800.63
Yelahanka,1327.0,2.0,85.0,2,6405.43
Yelahanka,1371.0,2.0,65.0,3,4741.06
Yelahanka,1712.0,3.0,82.0,3,4789.72
Yelahanka,1566.0,3.0,97.0,3,6194.13
Yelahanka,1180.0,3.0,55.0,3,4661.02
Yelahanka,1270.0,2.0,78.0,2,6141.73
Yelahanka,1400.0,2.0,80.54,3,5752.86
Yelahanka,1391.0,2.0,64.5,3,4636.95
Yelahanka,1322.0,2.0,86.0,2,6505.3
Yelahanka,1100.0,2.0,70.0,2,6363.64
Yelahanka,1200.0,2.0,70.0,2,5833.33
Yelahanka,1326.0,2.0,57.0,2,4298.64
Yelahanka,4000.0,5.0,220.0,5,5500.0
Yelahanka,2675.0,4.0,140.0,4,5233.64
Yelahanka,1500.0,2.0,63.0,3,4200.0
Yelahanka,654.0,1.0,37.0,1,5657.49
Yelahanka,1465.0,3.0,80.01,3,5461.43
Yelahanka,1721.0,3.0,80.86,3,4698.43
Yelahanka,1060.0,2.0,40.0,2,3773.58
Yelahanka,1226.0,2.0,52.71,2,4299.35
Yelahanka,1692.0,3.0,83.0,3,4905.44
Yelahanka,1033.0,2.0,52.58,2,5090.03
Yelahanka,1390.0,2.0,65.31,2,4698.56
Yelahanka,1040.0,2.0,48.86,2,4698.08
Yelahanka,1345.0,2.0,57.0,3,4237.92
Yelahanka,2145.0,3.0,125.0,3,5827.51
Yelahanka,1200.0,2.0,54.0,2,4500.0
Yelahanka,1322.0,2.0,75.0,2,5673.22
Yelahanka,1036.0,2.0,39.37,2,3800.19
Yelahanka,1405.0,2.0,50.58,2,3600.0
Yelahanka,602.0,1.0,26.0,1,4318.94
Yelahanka,1100.0,2.0,60.0,2,5454.55
Yelahanka,1614.0,2.0,100.0,3,6195.79
Yelahanka,1890.0,3.0,108.0,3,5714.29
Yelahanka,1556.0,3.0,86.0,3,5526.99
Yelahanka,1610.0,4.0,85.0,3,5279.5
Yelahanka,1075.0,2.0,42.0,3,3906.98
Yelahanka,1484.0,2.0,56.4,3,3800.54
Yelahanka,1260.0,2.0,59.2,2,4698.41
Yelahanka,1102.0,2.0,52.0,2,4718.69
Yelahanka,1519.0,2.0,65.0,2,4279.13
Yelahanka,1859.0,3.0,108.0,3,5809.58
Yelahanka,1050.0,2.0,45.0,2,4285.71
Yelahanka,1322.0,2.0,80.0,2,6051.44
Yelahanka,1285.0,2.0,56.0,2,4357.98
Yelahanka,845.0,2.0,43.0,2,5088.76
Yelahanka,2600.0,4.0,175.0,4,6730.77
Yelahanka,1305.0,2.0,78.0,2,5977.01
Yelahanka,1180.0,2.0,56.0,2,4745.76
Yelahanka,1711.0,3.0,85.61,3,5003.51
Yelahanka,1315.0,2.0,75.0,2,5703.42
Yelahanka,3600.0,6.0,200.0,6,5555.56
Yelahanka,1390.0,2.0,70.21,2,5051.08
Yelahanka,1614.0,3.0,95.0,3,5886.0
Yelahanka,1650.0,3.0,105.0,3,6363.64
Yelahanka,1200.0,2.0,55.0,2,4583.33
Yelahanka,990.0,2.0,37.62,2,3800.0
Yelahanka,935.0,2.0,35.53,2,3800.0
Yelahanka,1282.0,2.0,48.72,3,3800.31
Yelahanka,3990.0,4.0,260.0,4,6516.29
Yelahanka,1620.0,3.0,90.0,3,5555.56
Yelahanka,654.0,1.0,36.25,1,5542.81
Yelahanka,1614.0,3.0,93.0,3,5762.08
Yelahanka,694.0,1.0,30.84,1,4443.8
Yelahanka,1115.0,2.0,60.0,2,5381.17
Yelahanka,2317.0,4.0,140.0,3,6042.3
Yelahanka,1653.0,3.0,93.0,3,5626.13
Yelahanka,654.0,1.0,38.0,1,5810.4
Yelahanka,1633.0,2.0,72.0,2,4409.06
Yelahanka,1445.0,2.0,82.0,2,5674.74
Yelahanka,1225.0,2.0,62.0,2,5061.22
Yelahanka,602.0,1.0,38.0,1,6312.29
Yelahanka,697.0,1.0,35.0,1,5021.52
Yelahanka,1065.0,2.0,41.38,2,3885.45
Yelahanka,682.0,1.0,36.23,1,5312.32
Yelahanka,1023.0,2.0,52.59,2,5140.76
Yelahanka,1560.0,2.0,98.0,3,6282.05
Yelahanka,1780.0,3.0,107.0,3,6011.24
Yelahanka,1342.0,2.0,75.0,3,5588.67
Yelahanka,1823.0,3.0,103.0,3,5650.03
Yelahanka,1792.0,3.0,104.0,3,5803.57
Yelahanka,1304.0,2.0,69.97,2,5365.8
Yelahanka,1250.0,2.0,54.0,2,4320.0
Yelahanka,1270.0,2.0,57.0,2,4488.19
Yelahanka,1300.0,2.0,69.23,2,5325.38
Yelahanka,1705.0,3.0,91.0,3,5337.24
Yelahanka,1890.0,4.0,85.0,3,4497.35
Yelahanka,1835.0,3.0,108.0,3,5885.56
Yelahanka,1847.0,3.0,92.0,3,4981.05
Yelahanka,2500.0,3.0,120.0,5,4800.0
Yelahanka,1890.0,3.0,109.0,3,5767.2
Yelahanka,700.0,1.0,38.0,1,5428.57
Yelahanka,1491.0,3.0,85.0,3,5700.87
Yelahanka,2088.0,5.0,110.0,4,5268.2
Yelahanka,1185.0,2.0,45.0,2,3797.47
Yelahanka,1517.0,3.0,71.28,3,4698.75
Yelahanka,1756.0,3.0,66.73,3,3800.11
Yelahanka,1600.0,3.0,100.0,3,6250.0
Yelahanka,1664.0,3.0,73.95,3,4444.11
Yelahanka,1140.0,2.0,50.66,2,4443.86
Yelahanka,1200.0,2.0,60.0,2,5000.0
Yelahanka,1705.0,3.0,85.0,3,4985.34
Yelahanka,1350.0,2.0,85.0,3,6296.3
Yelahanka,1633.0,3.0,110.0,3,6736.07
Yelahanka,827.5,1.0,42.535,1,5140.18
Yelahanka,1195.0,2.0,53.105,2,4443.93
Yelahanka,1355.0,2.0,75.0,3,5535.06
Yelahanka,3175.0,4.0,156.0,4,4913.39
Yelahanka,1408.0,2.0,58.0,2,4119.32
Yelahanka,1104.0,2.0,58.0,2,5253.62
Yelahanka,1325.0,2.0,58.0,3,4377.36
Yelahanka,1175.0,2.0,67.77,2,5767.66
Yelahanka,1322.0,2.0,77.9,2,5892.59
Yelahanka,602.0,1.0,33.0,1,5481.73
Yelahanka,1315.0,2.0,77.0,2,5855.51
Yelahanka,1430.0,3.0,61.0,3,4265.73
Yelahanka,1355.0,2.0,51.5,3,3800.74
Yelahanka,567.0,1.0,25.0,1,4409.17
Yelahanka,1045.0,2.0,45.0,2,4306.22
Yelahanka,602.0,2.0,30.0,1,4983.39
Yelahanka,1362.0,2.0,66.0,2,4845.81
Yelahanka,1234.0,2.0,80.0,2,6482.98
Yelahanka,1282.0,2.0,48.72,3,3800.31
Yelahanka,1180.0,2.0,55.0,2,4661.02
Yelahanka,1267.0,3.0,78.0,2,6156.27
Yelahanka,1360.0,2.0,78.19,2,5749.26
Yelahanka,1025.0,2.0,44.0,2,4292.68
Yelahanka New Town,650.0,1.0,33.0,1,5076.92
Yelahanka New Town,500.0,1.0,20.0,1,4000.0
Yelahanka New Town,440.0,1.0,16.5,1,3750.0
Yelahanka New Town,1610.0,3.0,92.0,3,5714.29
Yelahanka New Town,1700.0,3.0,90.0,3,5294.12
Yelahanka New Town,650.0,1.0,20.0,1,3076.92
Yelahanka New Town,350.0,1.0,13.5,1,3857.14
Yelahanka New Town,1541.0,3.0,80.0,3,5191.43
Yelahanka New Town,1385.0,2.0,65.0,2,4693.14
Yelahanka New Town,500.0,2.0,24.0,1,4800.0
Yelahanka New Town,650.0,1.0,17.0,1,2615.38
Yelahanka New Town,450.0,1.0,16.0,1,3555.56
Yelahanka New Town,1599.0,3.0,80.0,3,5003.13
Yelahanka New Town,960.0,2.0,50.0,2,5208.33
Yelahanka New Town,2095.0,3.0,109.0,4,5202.86
Yelahanka New Town,1209.0,2.0,65.0,3,5376.34
Yelahanka New Town,1400.0,2.0,80.0,3,5714.29
Yelahanka New Town,450.0,1.0,15.0,1,3333.33
Yelahanka New Town,500.0,1.0,18.0,1,3600.0
Yelahanka New Town,1420.0,2.0,75.0,3,5281.69
Yelahanka New Town,2437.0,3.0,125.0,3,5129.26
Yelahanka New Town,2200.0,2.0,180.0,2,8181.82
Yelahanka New Town,488.0,1.0,20.0,1,4098.36
Yelahanka New Town,1100.0,2.0,58.0,2,5272.73
Yelahanka New Town,860.0,1.0,31.0,2,3604.65
Yelahanka New Town,1800.0,2.0,45.0,3,2500.0
Yelahanka New Town,1000.0,2.0,44.0,2,4400.0
Yelahanka New Town,650.0,1.0,18.0,1,2769.23
Yelahanka New Town,1426.0,2.0,61.5,3,4312.76
Yelahanka New Town,1740.0,3.0,150.0,3,8620.69
Yelahanka New Town,1290.0,2.0,70.0,2,5426.36
Yelahanka New Town,1000.0,2.0,48.0,3,4800.0
Yelenahalli,1240.0,2.0,47.12,2,3800.0
Yelenahalli,1200.0,2.0,46.17,2,3847.5
Yelenahalli,1600.0,3.0,61.37,3,3835.62
Yelenahalli,1260.0,2.0,47.88,2,3800.0
Yelenahalli,1500.0,2.0,57.0,3,3800.0
Yelenahalli,1175.0,2.0,50.0,2,4255.32
Yelenahalli,1650.0,3.0,68.0,3,4121.21
Yelenahalli,1200.0,2.0,45.6,2,3800.0
Yelenahalli,1160.0,2.0,44.08,2,3800.0
Yemlur,1100.0,2.0,55.0,2,5000.0
Yemlur,1316.0,2.0,55.5,2,4217.33
Yemlur,1355.0,2.0,95.0,2,7011.07
Yemlur,1210.0,2.0,60.0,2,4958.68
Yeshwanthpur,2502.0,3.0,138.0,3,5515.59
Yeshwanthpur,1693.0,3.0,108.0,3,6379.21
Yeshwanthpur,667.0,1.0,36.85,1,5524.74
Yeshwanthpur,1950.0,4.0,130.0,4,6666.67
Yeshwanthpur,1170.0,2.0,57.0,2,4871.79
Yeshwanthpur,665.0,1.0,36.85,1,5541.35
Yeshwanthpur,1161.0,2.0,64.08,2,5519.38
Yeshwanthpur,2557.0,3.0,141.0,3,5514.27
Yeshwanthpur,1850.0,3.0,100.0,3,5405.41
Yeshwanthpur,671.0,1.0,36.85,1,5491.8
Yeshwanthpur,1852.0,3.0,160.0,3,8639.31
Yeshwanthpur,1277.5,2.0,95.815,2,7500.2
Yeshwanthpur,668.0,1.0,36.85,1,5516.47
Yeshwanthpur,1185.0,2.0,75.84,2,6400.0
Yeshwanthpur,1195.0,2.0,100.0,2,8368.2
Yeshwanthpur,1313.0,3.0,96.0,3,7311.5
Yeshwanthpur,1400.0,2.0,100.0,2,7142.86
Yeshwanthpur,2559.0,3.0,141.0,3,5509.96
Yeshwanthpur,1430.0,3.0,72.0,3,5034.97
Yeshwanthpur,673.0,1.0,36.85,1,5475.48
Yeshwanthpur,717.0,2.0,49.475,2,6900.28
Yeshwanthpur,1168.0,2.0,64.08,2,5486.3
Yeshwanthpur,605.0,1.0,41.745,1,6900.0
Yeshwanthpur,1382.0,2.0,76.18,3,5512.3
Yeshwanthpur,669.0,1.0,36.85,1,5508.22
Yeshwanthpur,1385.0,2.0,76.18,3,5500.36
Yeshwanthpur,3027.0,4.0,260.0,3,8589.36
Yeshwanthpur,1200.0,2.0,63.0,2,5250.0
Yeshwanthpur,670.0,1.0,36.85,1,5500.0
Yeshwanthpur,1381.0,2.0,76.18,3,5516.29
Yeshwanthpur,1240.0,2.0,80.0,2,6451.61
Yeshwanthpur,1713.0,3.0,110.0,3,6421.48
Yeshwanthpur,1144.0,2.0,67.0,2,5856.64
Yeshwanthpur,1541.0,2.0,130.0,2,8436.08
Yeshwanthpur,2501.0,3.0,138.0,3,5517.79
Yeshwanthpur,1362.0,2.0,100.0,2,7342.14
Yeshwanthpur,666.0,1.0,36.8,1,5525.53
Yeshwanthpur,1855.0,3.0,140.0,3,7547.17
Yeshwanthpur,2504.0,3.0,138.0,3,5511.18
Yeshwanthpur,1165.0,2.0,85.0,2,7296.14
Yeshwanthpur,1163.0,2.0,64.08,2,5509.89
Yeshwanthpur,1165.0,2.0,64.08,2,5500.43
Yeshwanthpur,1825.0,3.0,145.0,3,7945.21
Yeshwanthpur,1384.0,2.0,76.18,3,5504.34
Yeshwanthpur,994.0,2.0,54.67,1,5500.0
Yeshwanthpur,650.0,1.0,40.0,1,6153.85
Yeshwanthpur,1855.0,3.0,140.0,3,7547.17
Yeshwanthpur,1500.0,3.0,100.0,3,6666.67
Yeshwanthpur,1167.0,2.0,64.08,2,5491.0
Yeshwanthpur,1164.0,2.0,64.08,2,5505.15
Yeshwanthpur,1520.0,3.0,85.0,3,5592.11
Yeshwanthpur,674.0,1.0,36.85,1,5467.36
Yeshwanthpur,1383.0,2.0,76.18,3,5508.32
Yeshwanthpur,672.0,1.0,36.85,1,5483.63
Yeshwanthpur,1162.0,2.0,64.08,2,5514.63
Yeshwanthpur,1166.0,2.0,64.08,2,5495.71
Yeshwanthpur,1195.0,2.0,100.0,2,8368.2
Yeshwanthpur,1692.0,3.0,108.0,3,6382.98
Yeshwanthpur,1169.0,2.0,64.08,2,5481.61
Yeshwanthpur,2500.0,5.0,185.0,6,7400.0
Yeshwanthpur,2500.0,3.0,138.0,3,5520.0
Yeshwanthpur,1160.0,2.0,64.08,2,5524.14
Yeshwanthpur,2503.0,3.0,138.0,3,5513.38
Yeshwanthpur,1855.0,3.0,135.0,3,7277.63
Yeshwanthpur,1876.0,3.0,160.0,3,8528.78
Yeshwanthpur Industrial Suburb,2100.0,3.0,240.0,3,11428.57
frazertown,2900.0,3.0,325.0,3,11206.9
manyata park,1780.0,3.0,84.83,3,4765.73
tc.palya,880.0,2.0,48.0,2,5454.55
tc.palya,1000.0,2.0,55.0,2,5500.0
tc.palya,1400.0,2.0,78.0,3,5571.43
